09-Oct-2026 13:24:05.382 INFO [main] org.apache.catalina.startup.VersionLoggerListener.log Server version name:   Apache Tomcat/10.1.60
09-Oct-2026 13:24:05.387 INFO [main] org.apache.catalina.startup.VersionLoggerListener.log Server built:          Sep 9 2026 22:35:59 UTC
09-Oct-2026 13:24:05.387 INFO [main] org.apache.catalina.startup.VersionLoggerListener.log Server version number: 10.1.60.0
09-Oct-2026 13:24:05.388 INFO [main] org.apache.catalina.startup.VersionLoggerListener.log OS Name:               Windows 11
09-Oct-2026 13:24:05.388 INFO [main] org.apache.catalina.startup.VersionLoggerListener.log OS Version:            10.0
09-Oct-2026 13:24:05.388 INFO [main] org.apache.catalina.startup.VersionLoggerListener.log Architecture:          amd64
09-Oct-2026 13:24:05.388 INFO [main] org.apache.catalina.startup.VersionLoggerListener.log Java Home:             C:\Program Files\Microsoft\jdk-21.0.8.9-hotspot
09-Oct-2026 13:24:05.388 INFO [main] org.apache.catalina.startup.VersionLoggerListener.log JVM Version:           21.0.8+9-LTS
09-Oct-2026 13:24:05.388 INFO [main] org.apache.catalina.startup.VersionLoggerListener.log JVM Vendor:            Microsoft
09-Oct-2026 13:24:05.388 INFO [main] org.apache.catalina.startup.VersionLoggerListener.log CATALINA_BASE:         E:\simtrade\simtrade\tomcat\apache-tomcat-10.1.60
09-Oct-2026 13:24:05.388 INFO [main] org.apache.catalina.startup.VersionLoggerListener.log CATALINA_HOME:         E:\simtrade\simtrade\tomcat\apache-tomcat-10.1.60
09-Oct-2026 13:24:05.399 INFO [main] org.apache.catalina.startup.VersionLoggerListener.log Command line argument: -Djava.util.logging.config.file=E:\simtrade\simtrade\tomcat\apache-tomcat-10.1.60\conf\logging.properties
09-Oct-2026 13:24:05.400 INFO [main] org.apache.catalina.startup.VersionLoggerListener.log Command line argument: -Djava.util.logging.manager=org.apache.juli.ClassLoaderLogManager
09-Oct-2026 13:24:05.400 INFO [main] org.apache.catalina.startup.VersionLoggerListener.log Command line argument: -Djdk.tls.ephemeralDHKeySize=2048
09-Oct-2026 13:24:05.400 INFO [main] org.apache.catalina.startup.VersionLoggerListener.log Command line argument: -Djava.protocol.handler.pkgs=org.apache.catalina.webresources
09-Oct-2026 13:24:05.400 INFO [main] org.apache.catalina.startup.VersionLoggerListener.log Command line argument: -Dsun.io.useCanonCaches=false
09-Oct-2026 13:24:05.400 INFO [main] org.apache.catalina.startup.VersionLoggerListener.log Command line argument: --add-opens=java.base/java.lang=ALL-UNNAMED
09-Oct-2026 13:24:05.401 INFO [main] org.apache.catalina.startup.VersionLoggerListener.log Command line argument: --add-opens=java.base/java.lang.reflect=ALL-UNNAMED
09-Oct-2026 13:24:05.401 INFO [main] org.apache.catalina.startup.VersionLoggerListener.log Command line argument: --add-opens=java.base/java.io=ALL-UNNAMED
09-Oct-2026 13:24:05.401 INFO [main] org.apache.catalina.startup.VersionLoggerListener.log Command line argument: --add-opens=java.base/java.util=ALL-UNNAMED
09-Oct-2026 13:24:05.401 INFO [main] org.apache.catalina.startup.VersionLoggerListener.log Command line argument: --add-opens=java.base/java.util.concurrent=ALL-UNNAMED
09-Oct-2026 13:24:05.401 INFO [main] org.apache.catalina.startup.VersionLoggerListener.log Command line argument: --add-opens=java.rmi/sun.rmi.transport=ALL-UNNAMED
09-Oct-2026 13:24:05.401 INFO [main] org.apache.catalina.startup.VersionLoggerListener.log Command line argument: -Dcatalina.base=E:\simtrade\simtrade\tomcat\apache-tomcat-10.1.60
09-Oct-2026 13:24:05.401 INFO [main] org.apache.catalina.startup.VersionLoggerListener.log Command line argument: -Dcatalina.home=E:\simtrade\simtrade\tomcat\apache-tomcat-10.1.60
09-Oct-2026 13:24:05.401 INFO [main] org.apache.catalina.startup.VersionLoggerListener.log Command line argument: -Djava.io.tmpdir=E:\simtrade\simtrade\tomcat\apache-tomcat-10.1.60\temp
09-Oct-2026 13:24:05.404 INFO [main] org.apache.catalina.core.AprLifecycleListener.lifecycleEvent Loaded Apache Tomcat Native library [2.0.16] using APR version [1.7.6].
09-Oct-2026 13:24:05.409 INFO [main] org.apache.catalina.core.AprLifecycleListener.initializeSSL OpenSSL successfully initialized [OpenSSL 3.5.8 25 Aug 2026]
09-Oct-2026 13:24:05.667 INFO [main] org.apache.coyote.AbstractProtocol.init Initializing ProtocolHandler ["http-nio-8080"]
09-Oct-2026 13:24:05.686 SEVERE [main] org.apache.catalina.util.LifecycleBase.handleSubClassException Failed to initialize component [Connector["http-nio-8080"]]
	org.apache.catalina.LifecycleException: Protocol handler initialization failed
		at org.apache.catalina.connector.Connector.initInternal(Connector.java:1285)
		at org.apache.catalina.util.LifecycleBase.init(LifecycleBase.java:128)
		at org.apache.catalina.core.StandardService.initInternal(StandardService.java:543)
		at org.apache.catalina.util.LifecycleBase.init(LifecycleBase.java:128)
		at org.apache.catalina.core.StandardServer.initInternal(StandardServer.java:962)
		at org.apache.catalina.util.LifecycleBase.init(LifecycleBase.java:128)
		at org.apache.catalina.startup.Catalina.load(Catalina.java:834)
		at org.apache.catalina.startup.Catalina.load(Catalina.java:859)
		at java.base/jdk.internal.reflect.DirectMethodHandleAccessor.invoke(DirectMethodHandleAccessor.java:103)
		at java.base/java.lang.reflect.Method.invoke(Method.java:580)
		at org.apache.catalina.startup.Bootstrap.load(Bootstrap.java:305)
		at org.apache.catalina.startup.Bootstrap.main(Bootstrap.java:484)
	Caused by: java.net.BindException: Address already in use: bind
		at java.base/sun.nio.ch.Net.bind0(Native Method)
		at java.base/sun.nio.ch.Net.bind(Net.java:565)
		at java.base/sun.nio.ch.ServerSocketChannelImpl.netBind(ServerSocketChannelImpl.java:344)
		at java.base/sun.nio.ch.ServerSocketChannelImpl.bind(ServerSocketChannelImpl.java:301)
		at org.apache.tomcat.util.net.NioEndpoint.initServerSocket(NioEndpoint.java:493)
		at org.apache.tomcat.util.net.NioEndpoint.bind(NioEndpoint.java:377)
		at org.apache.tomcat.util.net.AbstractEndpoint.bindWithCleanup(AbstractEndpoint.java:1926)
		at org.apache.tomcat.util.net.AbstractEndpoint.init(AbstractEndpoint.java:1944)
		at org.apache.coyote.AbstractProtocol.init(AbstractProtocol.java:958)
		at org.apache.coyote.http11.AbstractHttp11Protocol.init(AbstractHttp11Protocol.java:95)
		at org.apache.catalina.connector.Connector.initInternal(Connector.java:1283)
		... 11 more
09-Oct-2026 13:24:05.688 INFO [main] org.apache.catalina.startup.Catalina.load Server initialization in [492] milliseconds
09-Oct-2026 13:24:05.743 INFO [main] org.apache.catalina.core.StandardService.startInternal Starting service [Catalina]
09-Oct-2026 13:24:05.743 INFO [main] org.apache.catalina.core.StandardEngine.startInternal Starting Servlet engine: [Apache Tomcat/10.1.60]
09-Oct-2026 13:24:05.771 INFO [main] org.apache.catalina.startup.HostConfig.deployWAR Deploying web application archive [E:\simtrade\simtrade\tomcat\apache-tomcat-10.1.60\webapps\paper-trading.war]
09-Oct-2026 13:24:13.221 INFO [main] org.apache.jasper.servlet.TldScanner.scanJars At least one JAR was scanned for TLDs yet contained no TLDs. Enable debug logging for this logger for a complete list of JARs that were scanned but no TLDs were found in them. Skipping unneeded JARs during scanning can improve startup time and JSP compilation time.
09-Oct-2026 13:24:13.549 INFO [main] org.apache.catalina.startup.HostConfig.deployWAR Deployment of web application archive [E:\simtrade\simtrade\tomcat\apache-tomcat-10.1.60\webapps\paper-trading.war] has finished in [7,778] ms
09-Oct-2026 13:24:13.551 INFO [main] org.apache.catalina.startup.HostConfig.deployDirectory Deploying web application directory [E:\simtrade\simtrade\tomcat\apache-tomcat-10.1.60\webapps\docs]
09-Oct-2026 13:24:13.578 INFO [main] org.apache.catalina.startup.HostConfig.deployDirectory Deployment of web application directory [E:\simtrade\simtrade\tomcat\apache-tomcat-10.1.60\webapps\docs] has finished in [27] ms
09-Oct-2026 13:24:13.579 INFO [main] org.apache.catalina.startup.HostConfig.deployDirectory Deploying web application directory [E:\simtrade\simtrade\tomcat\apache-tomcat-10.1.60\webapps\examples]
09-Oct-2026 13:24:13.872 INFO [main] org.apache.catalina.startup.HostConfig.deployDirectory Deployment of web application directory [E:\simtrade\simtrade\tomcat\apache-tomcat-10.1.60\webapps\examples] has finished in [294] ms
09-Oct-2026 13:24:13.873 INFO [main] org.apache.catalina.startup.HostConfig.deployDirectory Deploying web application directory [E:\simtrade\simtrade\tomcat\apache-tomcat-10.1.60\webapps\host-manager]
09-Oct-2026 13:24:13.913 INFO [main] org.apache.catalina.startup.HostConfig.deployDirectory Deployment of web application directory [E:\simtrade\simtrade\tomcat\apache-tomcat-10.1.60\webapps\host-manager] has finished in [40] ms
09-Oct-2026 13:24:13.914 INFO [main] org.apache.catalina.startup.HostConfig.deployDirectory Deploying web application directory [E:\simtrade\simtrade\tomcat\apache-tomcat-10.1.60\webapps\manager]
09-Oct-2026 13:24:13.951 INFO [main] org.apache.catalina.startup.HostConfig.deployDirectory Deployment of web application directory [E:\simtrade\simtrade\tomcat\apache-tomcat-10.1.60\webapps\manager] has finished in [36] ms
09-Oct-2026 13:24:13.952 INFO [main] org.apache.catalina.startup.HostConfig.deployDirectory Deploying web application directory [E:\simtrade\simtrade\tomcat\apache-tomcat-10.1.60\webapps\ROOT]
09-Oct-2026 13:24:13.982 INFO [main] org.apache.catalina.startup.HostConfig.deployDirectory Deployment of web application directory [E:\simtrade\simtrade\tomcat\apache-tomcat-10.1.60\webapps\ROOT] has finished in [30] ms
09-Oct-2026 13:24:13.998 INFO [main] org.apache.catalina.startup.Catalina.start Server startup in [8309] milliseconds
09-Oct-2026 13:25:21.863 INFO [main] org.apache.catalina.startup.VersionLoggerListener.log Server version name:   Apache Tomcat/10.1.60
09-Oct-2026 13:25:21.870 INFO [main] org.apache.catalina.startup.VersionLoggerListener.log Server built:          Sep 9 2026 22:35:59 UTC
09-Oct-2026 13:25:21.871 INFO [main] org.apache.catalina.startup.VersionLoggerListener.log Server version number: 10.1.60.0
09-Oct-2026 13:25:21.871 INFO [main] org.apache.catalina.startup.VersionLoggerListener.log OS Name:               Windows 11
09-Oct-2026 13:25:21.871 INFO [main] org.apache.catalina.startup.VersionLoggerListener.log OS Version:            10.0
09-Oct-2026 13:25:21.871 INFO [main] org.apache.catalina.startup.VersionLoggerListener.log Architecture:          amd64
09-Oct-2026 13:25:21.871 INFO [main] org.apache.catalina.startup.VersionLoggerListener.log Java Home:             C:\Program Files\Microsoft\jdk-21.0.8.9-hotspot
09-Oct-2026 13:25:21.871 INFO [main] org.apache.catalina.startup.VersionLoggerListener.log JVM Version:           21.0.8+9-LTS
09-Oct-2026 13:25:21.871 INFO [main] org.apache.catalina.startup.VersionLoggerListener.log JVM Vendor:            Microsoft
09-Oct-2026 13:25:21.872 INFO [main] org.apache.catalina.startup.VersionLoggerListener.log CATALINA_BASE:         E:\simtrade\simtrade\tomcat\apache-tomcat-10.1.60
09-Oct-2026 13:25:21.872 INFO [main] org.apache.catalina.startup.VersionLoggerListener.log CATALINA_HOME:         E:\simtrade\simtrade\tomcat\apache-tomcat-10.1.60
09-Oct-2026 13:25:21.884 INFO [main] org.apache.catalina.startup.VersionLoggerListener.log Command line argument: -Djava.util.logging.config.file=E:\simtrade\simtrade\tomcat\apache-tomcat-10.1.60\conf\logging.properties
09-Oct-2026 13:25:21.884 INFO [main] org.apache.catalina.startup.VersionLoggerListener.log Command line argument: -Djava.util.logging.manager=org.apache.juli.ClassLoaderLogManager
09-Oct-2026 13:25:21.885 INFO [main] org.apache.catalina.startup.VersionLoggerListener.log Command line argument: -Djdk.tls.ephemeralDHKeySize=2048
09-Oct-2026 13:25:21.885 INFO [main] org.apache.catalina.startup.VersionLoggerListener.log Command line argument: -Djava.protocol.handler.pkgs=org.apache.catalina.webresources
09-Oct-2026 13:25:21.885 INFO [main] org.apache.catalina.startup.VersionLoggerListener.log Command line argument: -Dsun.io.useCanonCaches=false
09-Oct-2026 13:25:21.885 INFO [main] org.apache.catalina.startup.VersionLoggerListener.log Command line argument: --add-opens=java.base/java.lang=ALL-UNNAMED
09-Oct-2026 13:25:21.886 INFO [main] org.apache.catalina.startup.VersionLoggerListener.log Command line argument: --add-opens=java.base/java.lang.reflect=ALL-UNNAMED
09-Oct-2026 13:25:21.886 INFO [main] org.apache.catalina.startup.VersionLoggerListener.log Command line argument: --add-opens=java.base/java.io=ALL-UNNAMED
09-Oct-2026 13:25:21.886 INFO [main] org.apache.catalina.startup.VersionLoggerListener.log Command line argument: --add-opens=java.base/java.util=ALL-UNNAMED
09-Oct-2026 13:25:21.886 INFO [main] org.apache.catalina.startup.VersionLoggerListener.log Command line argument: --add-opens=java.base/java.util.concurrent=ALL-UNNAMED
09-Oct-2026 13:25:21.886 INFO [main] org.apache.catalina.startup.VersionLoggerListener.log Command line argument: --add-opens=java.rmi/sun.rmi.transport=ALL-UNNAMED
09-Oct-2026 13:25:21.887 INFO [main] org.apache.catalina.startup.VersionLoggerListener.log Command line argument: -Dcatalina.base=E:\simtrade\simtrade\tomcat\apache-tomcat-10.1.60
09-Oct-2026 13:25:21.887 INFO [main] org.apache.catalina.startup.VersionLoggerListener.log Command line argument: -Dcatalina.home=E:\simtrade\simtrade\tomcat\apache-tomcat-10.1.60
09-Oct-2026 13:25:21.887 INFO [main] org.apache.catalina.startup.VersionLoggerListener.log Command line argument: -Djava.io.tmpdir=E:\simtrade\simtrade\tomcat\apache-tomcat-10.1.60\temp
09-Oct-2026 13:25:21.890 INFO [main] org.apache.catalina.core.AprLifecycleListener.lifecycleEvent Loaded Apache Tomcat Native library [2.0.16] using APR version [1.7.6].
09-Oct-2026 13:25:21.894 INFO [main] org.apache.catalina.core.AprLifecycleListener.initializeSSL OpenSSL successfully initialized [OpenSSL 3.5.8 25 Aug 2026]
09-Oct-2026 13:25:22.161 INFO [main] org.apache.coyote.AbstractProtocol.init Initializing ProtocolHandler ["http-nio-8081"]
09-Oct-2026 13:25:22.188 INFO [main] org.apache.catalina.startup.Catalina.load Server initialization in [493] milliseconds
09-Oct-2026 13:25:22.246 INFO [main] org.apache.catalina.core.StandardService.startInternal Starting service [Catalina]
09-Oct-2026 13:25:22.246 INFO [main] org.apache.catalina.core.StandardEngine.startInternal Starting Servlet engine: [Apache Tomcat/10.1.60]
09-Oct-2026 13:25:22.274 INFO [main] org.apache.catalina.startup.HostConfig.deployWAR Deploying web application archive [E:\simtrade\simtrade\tomcat\apache-tomcat-10.1.60\webapps\paper-trading.war]
09-Oct-2026 13:25:24.489 INFO [main] org.apache.jasper.servlet.TldScanner.scanJars At least one JAR was scanned for TLDs yet contained no TLDs. Enable debug logging for this logger for a complete list of JARs that were scanned but no TLDs were found in them. Skipping unneeded JARs during scanning can improve startup time and JSP compilation time.
09-Oct-2026 13:25:24.874 INFO [main] org.apache.catalina.startup.HostConfig.deployWAR Deployment of web application archive [E:\simtrade\simtrade\tomcat\apache-tomcat-10.1.60\webapps\paper-trading.war] has finished in [2,600] ms
09-Oct-2026 13:25:24.875 INFO [main] org.apache.catalina.startup.HostConfig.deployDirectory Deploying web application directory [E:\simtrade\simtrade\tomcat\apache-tomcat-10.1.60\webapps\docs]
09-Oct-2026 13:25:24.903 INFO [main] org.apache.catalina.startup.HostConfig.deployDirectory Deployment of web application directory [E:\simtrade\simtrade\tomcat\apache-tomcat-10.1.60\webapps\docs] has finished in [28] ms
09-Oct-2026 13:25:24.903 INFO [main] org.apache.catalina.startup.HostConfig.deployDirectory Deploying web application directory [E:\simtrade\simtrade\tomcat\apache-tomcat-10.1.60\webapps\examples]
09-Oct-2026 13:25:25.237 INFO [main] org.apache.catalina.startup.HostConfig.deployDirectory Deployment of web application directory [E:\simtrade\simtrade\tomcat\apache-tomcat-10.1.60\webapps\examples] has finished in [334] ms
09-Oct-2026 13:25:25.238 INFO [main] org.apache.catalina.startup.HostConfig.deployDirectory Deploying web application directory [E:\simtrade\simtrade\tomcat\apache-tomcat-10.1.60\webapps\host-manager]
09-Oct-2026 13:25:25.281 INFO [main] org.apache.catalina.startup.HostConfig.deployDirectory Deployment of web application directory [E:\simtrade\simtrade\tomcat\apache-tomcat-10.1.60\webapps\host-manager] has finished in [43] ms
09-Oct-2026 13:25:25.282 INFO [main] org.apache.catalina.startup.HostConfig.deployDirectory Deploying web application directory [E:\simtrade\simtrade\tomcat\apache-tomcat-10.1.60\webapps\manager]
09-Oct-2026 13:25:25.322 INFO [main] org.apache.catalina.startup.HostConfig.deployDirectory Deployment of web application directory [E:\simtrade\simtrade\tomcat\apache-tomcat-10.1.60\webapps\manager] has finished in [40] ms
09-Oct-2026 13:25:25.322 INFO [main] org.apache.catalina.startup.HostConfig.deployDirectory Deploying web application directory [E:\simtrade\simtrade\tomcat\apache-tomcat-10.1.60\webapps\ROOT]
09-Oct-2026 13:25:25.350 INFO [main] org.apache.catalina.startup.HostConfig.deployDirectory Deployment of web application directory [E:\simtrade\simtrade\tomcat\apache-tomcat-10.1.60\webapps\ROOT] has finished in [27] ms
09-Oct-2026 13:25:25.358 INFO [main] org.apache.coyote.AbstractProtocol.start Starting ProtocolHandler ["http-nio-8081"]
09-Oct-2026 13:25:25.390 INFO [main] org.apache.catalina.startup.Catalina.start Server startup in [3200] milliseconds
09-Oct-2026 13:27:06.402 INFO [main] org.apache.catalina.startup.VersionLoggerListener.log Server version name:   Apache Tomcat/10.1.60
09-Oct-2026 13:27:06.406 INFO [main] org.apache.catalina.startup.VersionLoggerListener.log Server built:          Sep 9 2026 22:35:59 UTC
09-Oct-2026 13:27:06.407 INFO [main] org.apache.catalina.startup.VersionLoggerListener.log Server version number: 10.1.60.0
09-Oct-2026 13:27:06.407 INFO [main] org.apache.catalina.startup.VersionLoggerListener.log OS Name:               Windows 11
09-Oct-2026 13:27:06.408 INFO [main] org.apache.catalina.startup.VersionLoggerListener.log OS Version:            10.0
09-Oct-2026 13:27:06.408 INFO [main] org.apache.catalina.startup.VersionLoggerListener.log Architecture:          amd64
09-Oct-2026 13:27:06.408 INFO [main] org.apache.catalina.startup.VersionLoggerListener.log Java Home:             C:\Program Files\Microsoft\jdk-21.0.8.9-hotspot
09-Oct-2026 13:27:06.408 INFO [main] org.apache.catalina.startup.VersionLoggerListener.log JVM Version:           21.0.8+9-LTS
09-Oct-2026 13:27:06.408 INFO [main] org.apache.catalina.startup.VersionLoggerListener.log JVM Vendor:            Microsoft
09-Oct-2026 13:27:06.408 INFO [main] org.apache.catalina.startup.VersionLoggerListener.log CATALINA_BASE:         E:\simtrade\simtrade\tomcat\apache-tomcat-10.1.60
09-Oct-2026 13:27:06.408 INFO [main] org.apache.catalina.startup.VersionLoggerListener.log CATALINA_HOME:         E:\simtrade\simtrade\tomcat\apache-tomcat-10.1.60
09-Oct-2026 13:27:06.420 INFO [main] org.apache.catalina.startup.VersionLoggerListener.log Command line argument: -Djava.util.logging.config.file=E:\simtrade\simtrade\tomcat\apache-tomcat-10.1.60\conf\logging.properties
09-Oct-2026 13:27:06.420 INFO [main] org.apache.catalina.startup.VersionLoggerListener.log Command line argument: -Djava.util.logging.manager=org.apache.juli.ClassLoaderLogManager
09-Oct-2026 13:27:06.420 INFO [main] org.apache.catalina.startup.VersionLoggerListener.log Command line argument: -Djdk.tls.ephemeralDHKeySize=2048
09-Oct-2026 13:27:06.420 INFO [main] org.apache.catalina.startup.VersionLoggerListener.log Command line argument: -Djava.protocol.handler.pkgs=org.apache.catalina.webresources
09-Oct-2026 13:27:06.420 INFO [main] org.apache.catalina.startup.VersionLoggerListener.log Command line argument: -Dsun.io.useCanonCaches=false
09-Oct-2026 13:27:06.420 INFO [main] org.apache.catalina.startup.VersionLoggerListener.log Command line argument: --add-opens=java.base/java.lang=ALL-UNNAMED
09-Oct-2026 13:27:06.421 INFO [main] org.apache.catalina.startup.VersionLoggerListener.log Command line argument: --add-opens=java.base/java.lang.reflect=ALL-UNNAMED
09-Oct-2026 13:27:06.421 INFO [main] org.apache.catalina.startup.VersionLoggerListener.log Command line argument: --add-opens=java.base/java.io=ALL-UNNAMED
09-Oct-2026 13:27:06.421 INFO [main] org.apache.catalina.startup.VersionLoggerListener.log Command line argument: --add-opens=java.base/java.util=ALL-UNNAMED
09-Oct-2026 13:27:06.421 INFO [main] org.apache.catalina.startup.VersionLoggerListener.log Command line argument: --add-opens=java.base/java.util.concurrent=ALL-UNNAMED
09-Oct-2026 13:27:06.421 INFO [main] org.apache.catalina.startup.VersionLoggerListener.log Command line argument: --add-opens=java.rmi/sun.rmi.transport=ALL-UNNAMED
09-Oct-2026 13:27:06.421 INFO [main] org.apache.catalina.startup.VersionLoggerListener.log Command line argument: -Dcatalina.base=E:\simtrade\simtrade\tomcat\apache-tomcat-10.1.60
09-Oct-2026 13:27:06.422 INFO [main] org.apache.catalina.startup.VersionLoggerListener.log Command line argument: -Dcatalina.home=E:\simtrade\simtrade\tomcat\apache-tomcat-10.1.60
09-Oct-2026 13:27:06.422 INFO [main] org.apache.catalina.startup.VersionLoggerListener.log Command line argument: -Djava.io.tmpdir=E:\simtrade\simtrade\tomcat\apache-tomcat-10.1.60\temp
09-Oct-2026 13:27:06.424 INFO [main] org.apache.catalina.core.AprLifecycleListener.lifecycleEvent Loaded Apache Tomcat Native library [2.0.16] using APR version [1.7.6].
09-Oct-2026 13:27:06.429 INFO [main] org.apache.catalina.core.AprLifecycleListener.initializeSSL OpenSSL successfully initialized [OpenSSL 3.5.8 25 Aug 2026]
09-Oct-2026 13:27:06.670 INFO [main] org.apache.coyote.AbstractProtocol.init Initializing ProtocolHandler ["http-nio-8081"]
09-Oct-2026 13:27:06.701 INFO [main] org.apache.catalina.startup.Catalina.load Server initialization in [456] milliseconds
09-Oct-2026 13:27:06.767 INFO [main] org.apache.catalina.core.StandardService.startInternal Starting service [Catalina]
09-Oct-2026 13:27:06.767 INFO [main] org.apache.catalina.core.StandardEngine.startInternal Starting Servlet engine: [Apache Tomcat/10.1.60]
09-Oct-2026 13:27:06.795 INFO [main] org.apache.catalina.startup.HostConfig.deployWAR Deploying web application archive [E:\simtrade\simtrade\tomcat\apache-tomcat-10.1.60\webapps\paper-trading.war]
09-Oct-2026 13:27:09.054 INFO [main] org.apache.jasper.servlet.TldScanner.scanJars At least one JAR was scanned for TLDs yet contained no TLDs. Enable debug logging for this logger for a complete list of JARs that were scanned but no TLDs were found in them. Skipping unneeded JARs during scanning can improve startup time and JSP compilation time.
09-Oct-2026 13:27:09.390 INFO [main] org.apache.catalina.startup.HostConfig.deployWAR Deployment of web application archive [E:\simtrade\simtrade\tomcat\apache-tomcat-10.1.60\webapps\paper-trading.war] has finished in [2,594] ms
09-Oct-2026 13:27:09.391 INFO [main] org.apache.catalina.startup.HostConfig.deployDirectory Deploying web application directory [E:\simtrade\simtrade\tomcat\apache-tomcat-10.1.60\webapps\docs]
09-Oct-2026 13:27:09.420 INFO [main] org.apache.catalina.startup.HostConfig.deployDirectory Deployment of web application directory [E:\simtrade\simtrade\tomcat\apache-tomcat-10.1.60\webapps\docs] has finished in [29] ms
09-Oct-2026 13:27:09.421 INFO [main] org.apache.catalina.startup.HostConfig.deployDirectory Deploying web application directory [E:\simtrade\simtrade\tomcat\apache-tomcat-10.1.60\webapps\examples]
09-Oct-2026 13:27:09.766 INFO [main] org.apache.catalina.startup.HostConfig.deployDirectory Deployment of web application directory [E:\simtrade\simtrade\tomcat\apache-tomcat-10.1.60\webapps\examples] has finished in [345] ms
09-Oct-2026 13:27:09.767 INFO [main] org.apache.catalina.startup.HostConfig.deployDirectory Deploying web application directory [E:\simtrade\simtrade\tomcat\apache-tomcat-10.1.60\webapps\host-manager]
09-Oct-2026 13:27:09.808 INFO [main] org.apache.catalina.startup.HostConfig.deployDirectory Deployment of web application directory [E:\simtrade\simtrade\tomcat\apache-tomcat-10.1.60\webapps\host-manager] has finished in [41] ms
09-Oct-2026 13:27:09.809 INFO [main] org.apache.catalina.startup.HostConfig.deployDirectory Deploying web application directory [E:\simtrade\simtrade\tomcat\apache-tomcat-10.1.60\webapps\manager]
09-Oct-2026 13:27:09.839 INFO [main] org.apache.catalina.startup.HostConfig.deployDirectory Deployment of web application directory [E:\simtrade\simtrade\tomcat\apache-tomcat-10.1.60\webapps\manager] has finished in [30] ms
09-Oct-2026 13:27:09.840 INFO [main] org.apache.catalina.startup.HostConfig.deployDirectory Deploying web application directory [E:\simtrade\simtrade\tomcat\apache-tomcat-10.1.60\webapps\ROOT]
09-Oct-2026 13:27:09.864 INFO [main] org.apache.catalina.startup.HostConfig.deployDirectory Deployment of web application directory [E:\simtrade\simtrade\tomcat\apache-tomcat-10.1.60\webapps\ROOT] has finished in [24] ms
09-Oct-2026 13:27:09.870 INFO [main] org.apache.coyote.AbstractProtocol.start Starting ProtocolHandler ["http-nio-8081"]
09-Oct-2026 13:27:09.898 INFO [main] org.apache.catalina.startup.Catalina.start Server startup in [3193] milliseconds
09-Oct-2026 13:52:12.999 INFO [main] org.apache.catalina.startup.VersionLoggerListener.log Server version name:   Apache Tomcat/10.1.60
09-Oct-2026 13:52:13.005 INFO [main] org.apache.catalina.startup.VersionLoggerListener.log Server built:          Sep 9 2026 22:35:59 UTC
09-Oct-2026 13:52:13.006 INFO [main] org.apache.catalina.startup.VersionLoggerListener.log Server version number: 10.1.60.0
09-Oct-2026 13:52:13.006 INFO [main] org.apache.catalina.startup.VersionLoggerListener.log OS Name:               Windows 11
09-Oct-2026 13:52:13.006 INFO [main] org.apache.catalina.startup.VersionLoggerListener.log OS Version:            10.0
09-Oct-2026 13:52:13.006 INFO [main] org.apache.catalina.startup.VersionLoggerListener.log Architecture:          amd64
09-Oct-2026 13:52:13.006 INFO [main] org.apache.catalina.startup.VersionLoggerListener.log Java Home:             C:\Program Files\Microsoft\jdk-21.0.8.9-hotspot
09-Oct-2026 13:52:13.006 INFO [main] org.apache.catalina.startup.VersionLoggerListener.log JVM Version:           21.0.8+9-LTS
09-Oct-2026 13:52:13.007 INFO [main] org.apache.catalina.startup.VersionLoggerListener.log JVM Vendor:            Microsoft
09-Oct-2026 13:52:13.007 INFO [main] org.apache.catalina.startup.VersionLoggerListener.log CATALINA_BASE:         E:\simtrade\simtrade\tomcat\apache-tomcat-10.1.60
09-Oct-2026 13:52:13.007 INFO [main] org.apache.catalina.startup.VersionLoggerListener.log CATALINA_HOME:         E:\simtrade\simtrade\tomcat\apache-tomcat-10.1.60
09-Oct-2026 13:52:13.020 INFO [main] org.apache.catalina.startup.VersionLoggerListener.log Command line argument: -Djava.util.logging.config.file=E:\simtrade\simtrade\tomcat\apache-tomcat-10.1.60\conf\logging.properties
09-Oct-2026 13:52:13.020 INFO [main] org.apache.catalina.startup.VersionLoggerListener.log Command line argument: -Djava.util.logging.manager=org.apache.juli.ClassLoaderLogManager
09-Oct-2026 13:52:13.021 INFO [main] org.apache.catalina.startup.VersionLoggerListener.log Command line argument: -Djdk.tls.ephemeralDHKeySize=2048
09-Oct-2026 13:52:13.021 INFO [main] org.apache.catalina.startup.VersionLoggerListener.log Command line argument: -Djava.protocol.handler.pkgs=org.apache.catalina.webresources
09-Oct-2026 13:52:13.021 INFO [main] org.apache.catalina.startup.VersionLoggerListener.log Command line argument: -Dsun.io.useCanonCaches=false
09-Oct-2026 13:52:13.021 INFO [main] org.apache.catalina.startup.VersionLoggerListener.log Command line argument: --add-opens=java.base/java.lang=ALL-UNNAMED
09-Oct-2026 13:52:13.021 INFO [main] org.apache.catalina.startup.VersionLoggerListener.log Command line argument: --add-opens=java.base/java.lang.reflect=ALL-UNNAMED
09-Oct-2026 13:52:13.022 INFO [main] org.apache.catalina.startup.VersionLoggerListener.log Command line argument: --add-opens=java.base/java.io=ALL-UNNAMED
09-Oct-2026 13:52:13.022 INFO [main] org.apache.catalina.startup.VersionLoggerListener.log Command line argument: --add-opens=java.base/java.util=ALL-UNNAMED
09-Oct-2026 13:52:13.022 INFO [main] org.apache.catalina.startup.VersionLoggerListener.log Command line argument: --add-opens=java.base/java.util.concurrent=ALL-UNNAMED
09-Oct-2026 13:52:13.022 INFO [main] org.apache.catalina.startup.VersionLoggerListener.log Command line argument: --add-opens=java.rmi/sun.rmi.transport=ALL-UNNAMED
09-Oct-2026 13:52:13.023 INFO [main] org.apache.catalina.startup.VersionLoggerListener.log Command line argument: -Dcatalina.base=E:\simtrade\simtrade\tomcat\apache-tomcat-10.1.60
09-Oct-2026 13:52:13.023 INFO [main] org.apache.catalina.startup.VersionLoggerListener.log Command line argument: -Dcatalina.home=E:\simtrade\simtrade\tomcat\apache-tomcat-10.1.60
09-Oct-2026 13:52:13.023 INFO [main] org.apache.catalina.startup.VersionLoggerListener.log Command line argument: -Djava.io.tmpdir=E:\simtrade\simtrade\tomcat\apache-tomcat-10.1.60\temp
09-Oct-2026 13:52:13.025 INFO [main] org.apache.catalina.core.AprLifecycleListener.lifecycleEvent Loaded Apache Tomcat Native library [2.0.16] using APR version [1.7.6].
09-Oct-2026 13:52:13.031 INFO [main] org.apache.catalina.core.AprLifecycleListener.initializeSSL OpenSSL successfully initialized [OpenSSL 3.5.8 25 Aug 2026]
09-Oct-2026 13:52:13.330 INFO [main] org.apache.coyote.AbstractProtocol.init Initializing ProtocolHandler ["http-nio-8081"]
09-Oct-2026 13:52:13.359 INFO [main] org.apache.catalina.startup.Catalina.load Server initialization in [523] milliseconds
09-Oct-2026 13:52:13.424 INFO [main] org.apache.catalina.core.StandardService.startInternal Starting service [Catalina]
09-Oct-2026 13:52:13.425 INFO [main] org.apache.catalina.core.StandardEngine.startInternal Starting Servlet engine: [Apache Tomcat/10.1.60]
09-Oct-2026 13:52:13.453 INFO [main] org.apache.catalina.startup.HostConfig.deployWAR Deploying web application archive [E:\simtrade\simtrade\tomcat\apache-tomcat-10.1.60\webapps\paper-trading.war]
09-Oct-2026 13:52:15.638 INFO [main] org.apache.jasper.servlet.TldScanner.scanJars At least one JAR was scanned for TLDs yet contained no TLDs. Enable debug logging for this logger for a complete list of JARs that were scanned but no TLDs were found in them. Skipping unneeded JARs during scanning can improve startup time and JSP compilation time.
09-Oct-2026 13:52:15.966 INFO [main] org.apache.catalina.startup.HostConfig.deployWAR Deployment of web application archive [E:\simtrade\simtrade\tomcat\apache-tomcat-10.1.60\webapps\paper-trading.war] has finished in [2,512] ms
09-Oct-2026 13:52:15.968 INFO [main] org.apache.catalina.startup.HostConfig.deployDirectory Deploying web application directory [E:\simtrade\simtrade\tomcat\apache-tomcat-10.1.60\webapps\docs]
09-Oct-2026 13:52:15.998 INFO [main] org.apache.catalina.startup.HostConfig.deployDirectory Deployment of web application directory [E:\simtrade\simtrade\tomcat\apache-tomcat-10.1.60\webapps\docs] has finished in [30] ms
09-Oct-2026 13:52:15.999 INFO [main] org.apache.catalina.startup.HostConfig.deployDirectory Deploying web application directory [E:\simtrade\simtrade\tomcat\apache-tomcat-10.1.60\webapps\examples]
09-Oct-2026 13:52:16.344 INFO [main] org.apache.catalina.startup.HostConfig.deployDirectory Deployment of web application directory [E:\simtrade\simtrade\tomcat\apache-tomcat-10.1.60\webapps\examples] has finished in [344] ms
09-Oct-2026 13:52:16.345 INFO [main] org.apache.catalina.startup.HostConfig.deployDirectory Deploying web application directory [E:\simtrade\simtrade\tomcat\apache-tomcat-10.1.60\webapps\host-manager]
09-Oct-2026 13:52:16.380 INFO [main] org.apache.catalina.startup.HostConfig.deployDirectory Deployment of web application directory [E:\simtrade\simtrade\tomcat\apache-tomcat-10.1.60\webapps\host-manager] has finished in [34] ms
09-Oct-2026 13:52:16.380 INFO [main] org.apache.catalina.startup.HostConfig.deployDirectory Deploying web application directory [E:\simtrade\simtrade\tomcat\apache-tomcat-10.1.60\webapps\manager]
09-Oct-2026 13:52:16.414 INFO [main] org.apache.catalina.startup.HostConfig.deployDirectory Deployment of web application directory [E:\simtrade\simtrade\tomcat\apache-tomcat-10.1.60\webapps\manager] has finished in [34] ms
09-Oct-2026 13:52:16.414 INFO [main] org.apache.catalina.startup.HostConfig.deployDirectory Deploying web application directory [E:\simtrade\simtrade\tomcat\apache-tomcat-10.1.60\webapps\ROOT]
09-Oct-2026 13:52:16.437 INFO [main] org.apache.catalina.startup.HostConfig.deployDirectory Deployment of web application directory [E:\simtrade\simtrade\tomcat\apache-tomcat-10.1.60\webapps\ROOT] has finished in [23] ms
09-Oct-2026 13:52:16.445 INFO [main] org.apache.coyote.AbstractProtocol.start Starting ProtocolHandler ["http-nio-8081"]
09-Oct-2026 13:52:16.472 INFO [main] org.apache.catalina.startup.Catalina.start Server startup in [3112] milliseconds
09-Oct-2026 13:57:28.915 INFO [main] org.apache.catalina.startup.VersionLoggerListener.log Server version name:   Apache Tomcat/10.1.60
09-Oct-2026 13:57:28.921 INFO [main] org.apache.catalina.startup.VersionLoggerListener.log Server built:          Sep 9 2026 22:35:59 UTC
09-Oct-2026 13:57:28.922 INFO [main] org.apache.catalina.startup.VersionLoggerListener.log Server version number: 10.1.60.0
09-Oct-2026 13:57:28.922 INFO [main] org.apache.catalina.startup.VersionLoggerListener.log OS Name:               Windows 11
09-Oct-2026 13:57:28.922 INFO [main] org.apache.catalina.startup.VersionLoggerListener.log OS Version:            10.0
09-Oct-2026 13:57:28.922 INFO [main] org.apache.catalina.startup.VersionLoggerListener.log Architecture:          amd64
09-Oct-2026 13:57:28.922 INFO [main] org.apache.catalina.startup.VersionLoggerListener.log Java Home:             C:\Program Files\Microsoft\jdk-21.0.8.9-hotspot
09-Oct-2026 13:57:28.922 INFO [main] org.apache.catalina.startup.VersionLoggerListener.log JVM Version:           21.0.8+9-LTS
09-Oct-2026 13:57:28.923 INFO [main] org.apache.catalina.startup.VersionLoggerListener.log JVM Vendor:            Microsoft
09-Oct-2026 13:57:28.923 INFO [main] org.apache.catalina.startup.VersionLoggerListener.log CATALINA_BASE:         E:\simtrade\simtrade\tomcat\apache-tomcat-10.1.60
09-Oct-2026 13:57:28.923 INFO [main] org.apache.catalina.startup.VersionLoggerListener.log CATALINA_HOME:         E:\simtrade\simtrade\tomcat\apache-tomcat-10.1.60
09-Oct-2026 13:57:28.934 INFO [main] org.apache.catalina.startup.VersionLoggerListener.log Command line argument: -Djava.util.logging.config.file=E:\simtrade\simtrade\tomcat\apache-tomcat-10.1.60\conf\logging.properties
09-Oct-2026 13:57:28.934 INFO [main] org.apache.catalina.startup.VersionLoggerListener.log Command line argument: -Djava.util.logging.manager=org.apache.juli.ClassLoaderLogManager
09-Oct-2026 13:57:28.935 INFO [main] org.apache.catalina.startup.VersionLoggerListener.log Command line argument: -Djdk.tls.ephemeralDHKeySize=2048
09-Oct-2026 13:57:28.935 INFO [main] org.apache.catalina.startup.VersionLoggerListener.log Command line argument: -Djava.protocol.handler.pkgs=org.apache.catalina.webresources
09-Oct-2026 13:57:28.935 INFO [main] org.apache.catalina.startup.VersionLoggerListener.log Command line argument: -Dsun.io.useCanonCaches=false
09-Oct-2026 13:57:28.935 INFO [main] org.apache.catalina.startup.VersionLoggerListener.log Command line argument: --add-opens=java.base/java.lang=ALL-UNNAMED
09-Oct-2026 13:57:28.936 INFO [main] org.apache.catalina.startup.VersionLoggerListener.log Command line argument: --add-opens=java.base/java.lang.reflect=ALL-UNNAMED
09-Oct-2026 13:57:28.936 INFO [main] org.apache.catalina.startup.VersionLoggerListener.log Command line argument: --add-opens=java.base/java.io=ALL-UNNAMED
09-Oct-2026 13:57:28.936 INFO [main] org.apache.catalina.startup.VersionLoggerListener.log Command line argument: --add-opens=java.base/java.util=ALL-UNNAMED
09-Oct-2026 13:57:28.936 INFO [main] org.apache.catalina.startup.VersionLoggerListener.log Command line argument: --add-opens=java.base/java.util.concurrent=ALL-UNNAMED
09-Oct-2026 13:57:28.936 INFO [main] org.apache.catalina.startup.VersionLoggerListener.log Command line argument: --add-opens=java.rmi/sun.rmi.transport=ALL-UNNAMED
09-Oct-2026 13:57:28.936 INFO [main] org.apache.catalina.startup.VersionLoggerListener.log Command line argument: -Dcatalina.base=E:\simtrade\simtrade\tomcat\apache-tomcat-10.1.60
09-Oct-2026 13:57:28.936 INFO [main] org.apache.catalina.startup.VersionLoggerListener.log Command line argument: -Dcatalina.home=E:\simtrade\simtrade\tomcat\apache-tomcat-10.1.60
09-Oct-2026 13:57:28.936 INFO [main] org.apache.catalina.startup.VersionLoggerListener.log Command line argument: -Djava.io.tmpdir=E:\simtrade\simtrade\tomcat\apache-tomcat-10.1.60\temp
09-Oct-2026 13:57:28.939 INFO [main] org.apache.catalina.core.AprLifecycleListener.lifecycleEvent Loaded Apache Tomcat Native library [2.0.16] using APR version [1.7.6].
09-Oct-2026 13:57:28.943 INFO [main] org.apache.catalina.core.AprLifecycleListener.initializeSSL OpenSSL successfully initialized [OpenSSL 3.5.8 25 Aug 2026]
09-Oct-2026 13:57:29.173 INFO [main] org.apache.coyote.AbstractProtocol.init Initializing ProtocolHandler ["http-nio-8081"]
09-Oct-2026 13:57:29.197 INFO [main] org.apache.catalina.startup.Catalina.load Server initialization in [434] milliseconds
09-Oct-2026 13:57:29.250 INFO [main] org.apache.catalina.core.StandardService.startInternal Starting service [Catalina]
09-Oct-2026 13:57:29.251 INFO [main] org.apache.catalina.core.StandardEngine.startInternal Starting Servlet engine: [Apache Tomcat/10.1.60]
09-Oct-2026 13:57:29.276 INFO [main] org.apache.catalina.startup.HostConfig.deployWAR Deploying web application archive [E:\simtrade\simtrade\tomcat\apache-tomcat-10.1.60\webapps\paper-trading.war]
09-Oct-2026 13:57:31.407 INFO [main] org.apache.jasper.servlet.TldScanner.scanJars At least one JAR was scanned for TLDs yet contained no TLDs. Enable debug logging for this logger for a complete list of JARs that were scanned but no TLDs were found in them. Skipping unneeded JARs during scanning can improve startup time and JSP compilation time.
09-Oct-2026 13:57:31.747 INFO [main] org.apache.catalina.startup.HostConfig.deployWAR Deployment of web application archive [E:\simtrade\simtrade\tomcat\apache-tomcat-10.1.60\webapps\paper-trading.war] has finished in [2,471] ms
09-Oct-2026 13:57:31.748 INFO [main] org.apache.catalina.startup.HostConfig.deployDirectory Deploying web application directory [E:\simtrade\simtrade\tomcat\apache-tomcat-10.1.60\webapps\docs]
09-Oct-2026 13:57:31.776 INFO [main] org.apache.catalina.startup.HostConfig.deployDirectory Deployment of web application directory [E:\simtrade\simtrade\tomcat\apache-tomcat-10.1.60\webapps\docs] has finished in [28] ms
09-Oct-2026 13:57:31.777 INFO [main] org.apache.catalina.startup.HostConfig.deployDirectory Deploying web application directory [E:\simtrade\simtrade\tomcat\apache-tomcat-10.1.60\webapps\examples]
09-Oct-2026 13:57:32.126 INFO [main] org.apache.catalina.startup.HostConfig.deployDirectory Deployment of web application directory [E:\simtrade\simtrade\tomcat\apache-tomcat-10.1.60\webapps\examples] has finished in [350] ms
09-Oct-2026 13:57:32.126 INFO [main] org.apache.catalina.startup.HostConfig.deployDirectory Deploying web application directory [E:\simtrade\simtrade\tomcat\apache-tomcat-10.1.60\webapps\host-manager]
09-Oct-2026 13:57:32.172 INFO [main] org.apache.catalina.startup.HostConfig.deployDirectory Deployment of web application directory [E:\simtrade\simtrade\tomcat\apache-tomcat-10.1.60\webapps\host-manager] has finished in [46] ms
09-Oct-2026 13:57:32.173 INFO [main] org.apache.catalina.startup.HostConfig.deployDirectory Deploying web application directory [E:\simtrade\simtrade\tomcat\apache-tomcat-10.1.60\webapps\manager]
09-Oct-2026 13:57:32.212 INFO [main] org.apache.catalina.startup.HostConfig.deployDirectory Deployment of web application directory [E:\simtrade\simtrade\tomcat\apache-tomcat-10.1.60\webapps\manager] has finished in [39] ms
09-Oct-2026 13:57:32.213 INFO [main] org.apache.catalina.startup.HostConfig.deployDirectory Deploying web application directory [E:\simtrade\simtrade\tomcat\apache-tomcat-10.1.60\webapps\ROOT]
09-Oct-2026 13:57:32.240 INFO [main] org.apache.catalina.startup.HostConfig.deployDirectory Deployment of web application directory [E:\simtrade\simtrade\tomcat\apache-tomcat-10.1.60\webapps\ROOT] has finished in [26] ms
09-Oct-2026 13:57:32.246 INFO [main] org.apache.coyote.AbstractProtocol.start Starting ProtocolHandler ["http-nio-8081"]
09-Oct-2026 13:57:32.277 INFO [main] org.apache.catalina.startup.Catalina.start Server startup in [3079] milliseconds
09-Oct-2026 14:16:12.754 INFO [main] org.apache.catalina.startup.VersionLoggerListener.log Server version name:   Apache Tomcat/10.1.60
09-Oct-2026 14:16:12.760 INFO [main] org.apache.catalina.startup.VersionLoggerListener.log Server built:          Sep 9 2026 22:35:59 UTC
09-Oct-2026 14:16:12.761 INFO [main] org.apache.catalina.startup.VersionLoggerListener.log Server version number: 10.1.60.0
09-Oct-2026 14:16:12.761 INFO [main] org.apache.catalina.startup.VersionLoggerListener.log OS Name:               Windows 11
09-Oct-2026 14:16:12.761 INFO [main] org.apache.catalina.startup.VersionLoggerListener.log OS Version:            10.0
09-Oct-2026 14:16:12.761 INFO [main] org.apache.catalina.startup.VersionLoggerListener.log Architecture:          amd64
09-Oct-2026 14:16:12.761 INFO [main] org.apache.catalina.startup.VersionLoggerListener.log Java Home:             C:\Program Files\Microsoft\jdk-21.0.8.9-hotspot
09-Oct-2026 14:16:12.761 INFO [main] org.apache.catalina.startup.VersionLoggerListener.log JVM Version:           21.0.8+9-LTS
09-Oct-2026 14:16:12.762 INFO [main] org.apache.catalina.startup.VersionLoggerListener.log JVM Vendor:            Microsoft
09-Oct-2026 14:16:12.762 INFO [main] org.apache.catalina.startup.VersionLoggerListener.log CATALINA_BASE:         E:\simtrade\simtrade\tomcat\apache-tomcat-10.1.60
09-Oct-2026 14:16:12.762 INFO [main] org.apache.catalina.startup.VersionLoggerListener.log CATALINA_HOME:         E:\simtrade\simtrade\tomcat\apache-tomcat-10.1.60
09-Oct-2026 14:16:12.774 INFO [main] org.apache.catalina.startup.VersionLoggerListener.log Command line argument: -Djava.util.logging.config.file=E:\simtrade\simtrade\tomcat\apache-tomcat-10.1.60\conf\logging.properties
09-Oct-2026 14:16:12.774 INFO [main] org.apache.catalina.startup.VersionLoggerListener.log Command line argument: -Djava.util.logging.manager=org.apache.juli.ClassLoaderLogManager
09-Oct-2026 14:16:12.774 INFO [main] org.apache.catalina.startup.VersionLoggerListener.log Command line argument: -Djdk.tls.ephemeralDHKeySize=2048
09-Oct-2026 14:16:12.774 INFO [main] org.apache.catalina.startup.VersionLoggerListener.log Command line argument: -Djava.protocol.handler.pkgs=org.apache.catalina.webresources
09-Oct-2026 14:16:12.774 INFO [main] org.apache.catalina.startup.VersionLoggerListener.log Command line argument: -Dsun.io.useCanonCaches=false
09-Oct-2026 14:16:12.774 INFO [main] org.apache.catalina.startup.VersionLoggerListener.log Command line argument: --add-opens=java.base/java.lang=ALL-UNNAMED
09-Oct-2026 14:16:12.774 INFO [main] org.apache.catalina.startup.VersionLoggerListener.log Command line argument: --add-opens=java.base/java.lang.reflect=ALL-UNNAMED
09-Oct-2026 14:16:12.775 INFO [main] org.apache.catalina.startup.VersionLoggerListener.log Command line argument: --add-opens=java.base/java.io=ALL-UNNAMED
09-Oct-2026 14:16:12.775 INFO [main] org.apache.catalina.startup.VersionLoggerListener.log Command line argument: --add-opens=java.base/java.util=ALL-UNNAMED
09-Oct-2026 14:16:12.775 INFO [main] org.apache.catalina.startup.VersionLoggerListener.log Command line argument: --add-opens=java.base/java.util.concurrent=ALL-UNNAMED
09-Oct-2026 14:16:12.775 INFO [main] org.apache.catalina.startup.VersionLoggerListener.log Command line argument: --add-opens=java.rmi/sun.rmi.transport=ALL-UNNAMED
09-Oct-2026 14:16:12.775 INFO [main] org.apache.catalina.startup.VersionLoggerListener.log Command line argument: -Dcatalina.base=E:\simtrade\simtrade\tomcat\apache-tomcat-10.1.60
09-Oct-2026 14:16:12.775 INFO [main] org.apache.catalina.startup.VersionLoggerListener.log Command line argument: -Dcatalina.home=E:\simtrade\simtrade\tomcat\apache-tomcat-10.1.60
09-Oct-2026 14:16:12.776 INFO [main] org.apache.catalina.startup.VersionLoggerListener.log Command line argument: -Djava.io.tmpdir=E:\simtrade\simtrade\tomcat\apache-tomcat-10.1.60\temp
09-Oct-2026 14:16:12.778 INFO [main] org.apache.catalina.core.AprLifecycleListener.lifecycleEvent Loaded Apache Tomcat Native library [2.0.16] using APR version [1.7.6].
09-Oct-2026 14:16:12.782 INFO [main] org.apache.catalina.core.AprLifecycleListener.initializeSSL OpenSSL successfully initialized [OpenSSL 3.5.8 25 Aug 2026]
09-Oct-2026 14:16:13.017 INFO [main] org.apache.coyote.AbstractProtocol.init Initializing ProtocolHandler ["http-nio-8081"]
09-Oct-2026 14:16:13.042 INFO [main] org.apache.catalina.startup.Catalina.load Server initialization in [441] milliseconds
09-Oct-2026 14:16:13.101 INFO [main] org.apache.catalina.core.StandardService.startInternal Starting service [Catalina]
09-Oct-2026 14:16:13.102 INFO [main] org.apache.catalina.core.StandardEngine.startInternal Starting Servlet engine: [Apache Tomcat/10.1.60]
09-Oct-2026 14:16:13.142 INFO [main] org.apache.catalina.startup.HostConfig.deployWAR Deploying web application archive [E:\simtrade\simtrade\tomcat\apache-tomcat-10.1.60\webapps\paper-trading.war]
09-Oct-2026 14:16:20.165 INFO [main] org.apache.jasper.servlet.TldScanner.scanJars At least one JAR was scanned for TLDs yet contained no TLDs. Enable debug logging for this logger for a complete list of JARs that were scanned but no TLDs were found in them. Skipping unneeded JARs during scanning can improve startup time and JSP compilation time.
09-Oct-2026 14:16:20.524 INFO [main] org.apache.catalina.startup.HostConfig.deployWAR Deployment of web application archive [E:\simtrade\simtrade\tomcat\apache-tomcat-10.1.60\webapps\paper-trading.war] has finished in [7,381] ms
09-Oct-2026 14:16:20.524 INFO [main] org.apache.catalina.startup.HostConfig.deployDirectory Deploying web application directory [E:\simtrade\simtrade\tomcat\apache-tomcat-10.1.60\webapps\docs]
09-Oct-2026 14:16:20.552 INFO [main] org.apache.catalina.startup.HostConfig.deployDirectory Deployment of web application directory [E:\simtrade\simtrade\tomcat\apache-tomcat-10.1.60\webapps\docs] has finished in [28] ms
09-Oct-2026 14:16:20.553 INFO [main] org.apache.catalina.startup.HostConfig.deployDirectory Deploying web application directory [E:\simtrade\simtrade\tomcat\apache-tomcat-10.1.60\webapps\examples]
09-Oct-2026 14:16:20.830 INFO [main] org.apache.catalina.startup.HostConfig.deployDirectory Deployment of web application directory [E:\simtrade\simtrade\tomcat\apache-tomcat-10.1.60\webapps\examples] has finished in [277] ms
09-Oct-2026 14:16:20.831 INFO [main] org.apache.catalina.startup.HostConfig.deployDirectory Deploying web application directory [E:\simtrade\simtrade\tomcat\apache-tomcat-10.1.60\webapps\host-manager]
09-Oct-2026 14:16:20.864 INFO [main] org.apache.catalina.startup.HostConfig.deployDirectory Deployment of web application directory [E:\simtrade\simtrade\tomcat\apache-tomcat-10.1.60\webapps\host-manager] has finished in [33] ms
09-Oct-2026 14:16:20.865 INFO [main] org.apache.catalina.startup.HostConfig.deployDirectory Deploying web application directory [E:\simtrade\simtrade\tomcat\apache-tomcat-10.1.60\webapps\manager]
09-Oct-2026 14:16:20.889 INFO [main] org.apache.catalina.startup.HostConfig.deployDirectory Deployment of web application directory [E:\simtrade\simtrade\tomcat\apache-tomcat-10.1.60\webapps\manager] has finished in [24] ms
09-Oct-2026 14:16:20.889 INFO [main] org.apache.catalina.startup.HostConfig.deployDirectory Deploying web application directory [E:\simtrade\simtrade\tomcat\apache-tomcat-10.1.60\webapps\ROOT]
09-Oct-2026 14:16:20.908 INFO [main] org.apache.catalina.startup.HostConfig.deployDirectory Deployment of web application directory [E:\simtrade\simtrade\tomcat\apache-tomcat-10.1.60\webapps\ROOT] has finished in [19] ms
09-Oct-2026 14:16:20.919 INFO [main] org.apache.coyote.AbstractProtocol.start Starting ProtocolHandler ["http-nio-8081"]
09-Oct-2026 14:16:20.938 INFO [main] org.apache.catalina.startup.Catalina.start Server startup in [7895] milliseconds
09-Oct-2026 14:32:51.902 INFO [Catalina-utility-1] org.apache.catalina.startup.HostConfig.undeploy Undeploying context [/paper-trading]
09-Oct-2026 14:32:51.916 WARNING [Catalina-utility-1] org.apache.catalina.loader.WebappClassLoaderBase.clearReferencesJdbc The web application [paper-trading] registered the JDBC driver [com.mysql.cj.jdbc.Driver] but failed to unregister it when the web application was stopped. To prevent a memory leak, the JDBC Driver has been forcibly unregistered.
09-Oct-2026 14:32:51.917 WARNING [Catalina-utility-1] org.apache.catalina.loader.WebappClassLoaderBase.clearReferencesThreads The web application [paper-trading] appears to have started a thread named [mysql-cj-abandoned-connection-cleanup] but has failed to stop it. This is very likely to create a memory leak. Stack trace of thread:
 java.base/jdk.internal.misc.Unsafe.park(Native Method)
 java.base/java.util.concurrent.locks.LockSupport.parkNanos(LockSupport.java:269)
 java.base/java.util.concurrent.locks.AbstractQueuedSynchronizer$ConditionObject.await(AbstractQueuedSynchronizer.java:1852)
 java.base/java.lang.ref.ReferenceQueue.await(ReferenceQueue.java:71)
 java.base/java.lang.ref.ReferenceQueue.remove0(ReferenceQueue.java:143)
 java.base/java.lang.ref.ReferenceQueue.remove(ReferenceQueue.java:218)
 com.mysql.cj.jdbc.AbandonedConnectionCleanupThread.run(AbandonedConnectionCleanupThread.java:84)
 java.base/java.util.concurrent.ThreadPoolExecutor.runWorker(ThreadPoolExecutor.java:1144)
 java.base/java.util.concurrent.ThreadPoolExecutor$Worker.run(ThreadPoolExecutor.java:642)
 java.base/java.lang.Thread.run(Thread.java:1583)
09-Oct-2026 14:32:51.917 WARNING [Catalina-utility-1] org.apache.catalina.loader.WebappClassLoaderBase.clearReferencesThreads The web application [paper-trading] appears to have started a thread named [Atmosphere-Scheduler-0] but has failed to stop it. This is very likely to create a memory leak. Stack trace of thread:
 java.base/jdk.internal.misc.Unsafe.park(Native Method)
 java.base/java.util.concurrent.locks.LockSupport.parkNanos(LockSupport.java:269)
 java.base/java.util.concurrent.locks.AbstractQueuedSynchronizer$ConditionObject.awaitNanos(AbstractQueuedSynchronizer.java:1763)
 java.base/java.util.concurrent.ScheduledThreadPoolExecutor$DelayedWorkQueue.poll(ScheduledThreadPoolExecutor.java:1223)
 java.base/java.util.concurrent.ScheduledThreadPoolExecutor$DelayedWorkQueue.poll(ScheduledThreadPoolExecutor.java:899)
 java.base/java.util.concurrent.ThreadPoolExecutor.getTask(ThreadPoolExecutor.java:1069)
 java.base/java.util.concurrent.ThreadPoolExecutor.runWorker(ThreadPoolExecutor.java:1130)
 java.base/java.util.concurrent.ThreadPoolExecutor$Worker.run(ThreadPoolExecutor.java:642)
 java.base/java.lang.Thread.run(Thread.java:1583)
09-Oct-2026 14:32:51.917 WARNING [Catalina-utility-1] org.apache.catalina.loader.WebappClassLoaderBase.clearReferencesThreads The web application [paper-trading] appears to have started a thread named [Atmosphere-Shared-0] but has failed to stop it. This is very likely to create a memory leak. Stack trace of thread:
 java.base/jdk.internal.misc.Unsafe.park(Native Method)
 java.base/java.util.concurrent.locks.LockSupport.parkNanos(LockSupport.java:269)
 java.base/java.util.concurrent.locks.AbstractQueuedSynchronizer$ConditionObject.awaitNanos(AbstractQueuedSynchronizer.java:1763)
 java.base/java.util.concurrent.LinkedBlockingQueue.poll(LinkedBlockingQueue.java:460)
 org.atmosphere.cpr.DefaultBroadcaster$1.run(DefaultBroadcaster.java:405)
 java.base/java.util.concurrent.Executors$RunnableAdapter.call(Executors.java:572)
 java.base/java.util.concurrent.FutureTask.run(FutureTask.java:317)
 java.base/java.util.concurrent.ForkJoinTask$RunnableExecuteAction.exec(ForkJoinTask.java:1423)
 java.base/java.util.concurrent.ForkJoinTask.doExec(ForkJoinTask.java:387)
 java.base/java.util.concurrent.ForkJoinPool$WorkQueue.topLevelExec(ForkJoinPool.java:1312)
 java.base/java.util.concurrent.ForkJoinPool.scan(ForkJoinPool.java:1843)
 java.base/java.util.concurrent.ForkJoinPool.runWorker(ForkJoinPool.java:1808)
 java.base/java.util.concurrent.ForkJoinWorkerThread.run(ForkJoinWorkerThread.java:188)
09-Oct-2026 14:32:51.918 WARNING [Catalina-utility-1] org.apache.catalina.loader.WebappClassLoaderBase.clearReferencesThreads The web application [paper-trading] appears to have started a thread named [Atmosphere-Scheduler-1] but has failed to stop it. This is very likely to create a memory leak. Stack trace of thread:
 java.base/jdk.internal.misc.Unsafe.park(Native Method)
 java.base/java.util.concurrent.locks.LockSupport.parkNanos(LockSupport.java:269)
 java.base/java.util.concurrent.locks.AbstractQueuedSynchronizer$ConditionObject.awaitNanos(AbstractQueuedSynchronizer.java:1763)
 java.base/java.util.concurrent.ScheduledThreadPoolExecutor$DelayedWorkQueue.poll(ScheduledThreadPoolExecutor.java:1218)
 java.base/java.util.concurrent.ScheduledThreadPoolExecutor$DelayedWorkQueue.poll(ScheduledThreadPoolExecutor.java:899)
 java.base/java.util.concurrent.ThreadPoolExecutor.getTask(ThreadPoolExecutor.java:1069)
 java.base/java.util.concurrent.ThreadPoolExecutor.runWorker(ThreadPoolExecutor.java:1130)
 java.base/java.util.concurrent.ThreadPoolExecutor$Worker.run(ThreadPoolExecutor.java:642)
 java.base/java.lang.Thread.run(Thread.java:1583)
09-Oct-2026 14:32:51.980 INFO [Catalina-utility-1] org.apache.catalina.startup.HostConfig.deployWAR Deploying web application archive [E:\simtrade\simtrade\tomcat\apache-tomcat-10.1.60\webapps\paper-trading.war]
09-Oct-2026 14:32:52.939 INFO [mysql-cj-abandoned-connection-cleanup] org.apache.catalina.loader.WebappClassLoaderBase.checkStateForResourceLoading Illegal access: this web application instance has been stopped already. Could not load []. The following stack trace is thrown for debugging purposes as well as to attempt to terminate the thread which caused the illegal access.
	java.lang.IllegalStateException: Illegal access: this web application instance has been stopped already. Could not load []. The following stack trace is thrown for debugging purposes as well as to attempt to terminate the thread which caused the illegal access.
		at org.apache.catalina.loader.WebappClassLoaderBase.checkStateForResourceLoading(WebappClassLoaderBase.java:1500)
		at org.apache.catalina.loader.WebappClassLoaderBase.getResource(WebappClassLoaderBase.java:1067)
		at com.mysql.cj.jdbc.AbandonedConnectionCleanupThread.checkThreadContextClassLoader(AbandonedConnectionCleanupThread.java:116)
		at com.mysql.cj.jdbc.AbandonedConnectionCleanupThread.run(AbandonedConnectionCleanupThread.java:83)
		at java.base/java.util.concurrent.ThreadPoolExecutor.runWorker(ThreadPoolExecutor.java:1144)
		at java.base/java.util.concurrent.ThreadPoolExecutor$Worker.run(ThreadPoolExecutor.java:642)
		at java.base/java.lang.Thread.run(Thread.java:1583)
09-Oct-2026 14:32:57.498 INFO [Catalina-utility-1] org.apache.jasper.servlet.TldScanner.scanJars At least one JAR was scanned for TLDs yet contained no TLDs. Enable debug logging for this logger for a complete list of JARs that were scanned but no TLDs were found in them. Skipping unneeded JARs during scanning can improve startup time and JSP compilation time.
09-Oct-2026 14:32:57.722 INFO [Catalina-utility-1] org.apache.catalina.startup.HostConfig.deployWAR Deployment of web application archive [E:\simtrade\simtrade\tomcat\apache-tomcat-10.1.60\webapps\paper-trading.war] has finished in [5,742] ms
09-Oct-2026 14:45:38.762 INFO [Catalina-utility-2] org.apache.catalina.startup.HostConfig.undeploy Undeploying context [/paper-trading]
09-Oct-2026 14:45:38.774 WARNING [Catalina-utility-2] org.apache.catalina.loader.WebappClassLoaderBase.clearReferencesJdbc The web application [paper-trading] registered the JDBC driver [com.mysql.cj.jdbc.Driver] but failed to unregister it when the web application was stopped. To prevent a memory leak, the JDBC Driver has been forcibly unregistered.
09-Oct-2026 14:45:38.775 WARNING [Catalina-utility-2] org.apache.catalina.loader.WebappClassLoaderBase.clearReferencesThreads The web application [paper-trading] appears to have started a thread named [mysql-cj-abandoned-connection-cleanup] but has failed to stop it. This is very likely to create a memory leak. Stack trace of thread:
 java.base/jdk.internal.misc.Unsafe.park(Native Method)
 java.base/java.util.concurrent.locks.LockSupport.parkNanos(LockSupport.java:269)
 java.base/java.util.concurrent.locks.AbstractQueuedSynchronizer$ConditionObject.await(AbstractQueuedSynchronizer.java:1852)
 java.base/java.lang.ref.ReferenceQueue.await(ReferenceQueue.java:71)
 java.base/java.lang.ref.ReferenceQueue.remove0(ReferenceQueue.java:143)
 java.base/java.lang.ref.ReferenceQueue.remove(ReferenceQueue.java:218)
 com.mysql.cj.jdbc.AbandonedConnectionCleanupThread.run(AbandonedConnectionCleanupThread.java:84)
 java.base/java.util.concurrent.ThreadPoolExecutor.runWorker(ThreadPoolExecutor.java:1144)
 java.base/java.util.concurrent.ThreadPoolExecutor$Worker.run(ThreadPoolExecutor.java:642)
 java.base/java.lang.Thread.run(Thread.java:1583)
09-Oct-2026 14:45:38.775 WARNING [Catalina-utility-2] org.apache.catalina.loader.WebappClassLoaderBase.clearReferencesThreads The web application [paper-trading] appears to have started a thread named [Atmosphere-Scheduler-0] but has failed to stop it. This is very likely to create a memory leak. Stack trace of thread:
 java.base/jdk.internal.misc.Unsafe.park(Native Method)
 java.base/java.util.concurrent.locks.LockSupport.parkNanos(LockSupport.java:269)
 java.base/java.util.concurrent.locks.AbstractQueuedSynchronizer$ConditionObject.awaitNanos(AbstractQueuedSynchronizer.java:1763)
 java.base/java.util.concurrent.ScheduledThreadPoolExecutor$DelayedWorkQueue.poll(ScheduledThreadPoolExecutor.java:1223)
 java.base/java.util.concurrent.ScheduledThreadPoolExecutor$DelayedWorkQueue.poll(ScheduledThreadPoolExecutor.java:899)
 java.base/java.util.concurrent.ThreadPoolExecutor.getTask(ThreadPoolExecutor.java:1069)
 java.base/java.util.concurrent.ThreadPoolExecutor.runWorker(ThreadPoolExecutor.java:1130)
 java.base/java.util.concurrent.ThreadPoolExecutor$Worker.run(ThreadPoolExecutor.java:642)
 java.base/java.lang.Thread.run(Thread.java:1583)
09-Oct-2026 14:45:38.775 WARNING [Catalina-utility-2] org.apache.catalina.loader.WebappClassLoaderBase.clearReferencesThreads The web application [paper-trading] appears to have started a thread named [Atmosphere-Shared-0] but has failed to stop it. This is very likely to create a memory leak. Stack trace of thread:
 java.base/jdk.internal.misc.Unsafe.park(Native Method)
 java.base/java.util.concurrent.locks.LockSupport.parkNanos(LockSupport.java:269)
 java.base/java.util.concurrent.locks.AbstractQueuedSynchronizer$ConditionObject.awaitNanos(AbstractQueuedSynchronizer.java:1763)
 java.base/java.util.concurrent.LinkedBlockingQueue.poll(LinkedBlockingQueue.java:460)
 org.atmosphere.cpr.DefaultBroadcaster$1.run(DefaultBroadcaster.java:405)
 java.base/java.util.concurrent.Executors$RunnableAdapter.call(Executors.java:572)
 java.base/java.util.concurrent.FutureTask.run(FutureTask.java:317)
 java.base/java.util.concurrent.ForkJoinTask$RunnableExecuteAction.exec(ForkJoinTask.java:1423)
 java.base/java.util.concurrent.ForkJoinTask.doExec(ForkJoinTask.java:387)
 java.base/java.util.concurrent.ForkJoinPool$WorkQueue.topLevelExec(ForkJoinPool.java:1312)
 java.base/java.util.concurrent.ForkJoinPool.scan(ForkJoinPool.java:1843)
 java.base/java.util.concurrent.ForkJoinPool.runWorker(ForkJoinPool.java:1808)
 java.base/java.util.concurrent.ForkJoinWorkerThread.run(ForkJoinWorkerThread.java:188)
09-Oct-2026 14:45:38.775 WARNING [Catalina-utility-2] org.apache.catalina.loader.WebappClassLoaderBase.clearReferencesThreads The web application [paper-trading] appears to have started a thread named [Atmosphere-Scheduler-1] but has failed to stop it. This is very likely to create a memory leak. Stack trace of thread:
 java.base/jdk.internal.misc.Unsafe.park(Native Method)
 java.base/java.util.concurrent.locks.LockSupport.parkNanos(LockSupport.java:269)
 java.base/java.util.concurrent.locks.AbstractQueuedSynchronizer$ConditionObject.awaitNanos(AbstractQueuedSynchronizer.java:1763)
 java.base/java.util.concurrent.ScheduledThreadPoolExecutor$DelayedWorkQueue.poll(ScheduledThreadPoolExecutor.java:1218)
 java.base/java.util.concurrent.ScheduledThreadPoolExecutor$DelayedWorkQueue.poll(ScheduledThreadPoolExecutor.java:899)
 java.base/java.util.concurrent.ThreadPoolExecutor.getTask(ThreadPoolExecutor.java:1069)
 java.base/java.util.concurrent.ThreadPoolExecutor.runWorker(ThreadPoolExecutor.java:1130)
 java.base/java.util.concurrent.ThreadPoolExecutor$Worker.run(ThreadPoolExecutor.java:642)
 java.base/java.lang.Thread.run(Thread.java:1583)
09-Oct-2026 14:45:38.834 INFO [Catalina-utility-2] org.apache.catalina.startup.HostConfig.deployWAR Deploying web application archive [E:\simtrade\simtrade\tomcat\apache-tomcat-10.1.60\webapps\paper-trading.war]
09-Oct-2026 14:45:40.592 INFO [mysql-cj-abandoned-connection-cleanup] org.apache.catalina.loader.WebappClassLoaderBase.checkStateForResourceLoading Illegal access: this web application instance has been stopped already. Could not load []. The following stack trace is thrown for debugging purposes as well as to attempt to terminate the thread which caused the illegal access.
	java.lang.IllegalStateException: Illegal access: this web application instance has been stopped already. Could not load []. The following stack trace is thrown for debugging purposes as well as to attempt to terminate the thread which caused the illegal access.
		at org.apache.catalina.loader.WebappClassLoaderBase.checkStateForResourceLoading(WebappClassLoaderBase.java:1500)
		at org.apache.catalina.loader.WebappClassLoaderBase.getResource(WebappClassLoaderBase.java:1067)
		at com.mysql.cj.jdbc.AbandonedConnectionCleanupThread.checkThreadContextClassLoader(AbandonedConnectionCleanupThread.java:116)
		at com.mysql.cj.jdbc.AbandonedConnectionCleanupThread.run(AbandonedConnectionCleanupThread.java:83)
		at java.base/java.util.concurrent.ThreadPoolExecutor.runWorker(ThreadPoolExecutor.java:1144)
		at java.base/java.util.concurrent.ThreadPoolExecutor$Worker.run(ThreadPoolExecutor.java:642)
		at java.base/java.lang.Thread.run(Thread.java:1583)
09-Oct-2026 14:45:44.335 INFO [Catalina-utility-2] org.apache.jasper.servlet.TldScanner.scanJars At least one JAR was scanned for TLDs yet contained no TLDs. Enable debug logging for this logger for a complete list of JARs that were scanned but no TLDs were found in them. Skipping unneeded JARs during scanning can improve startup time and JSP compilation time.
09-Oct-2026 14:45:44.517 INFO [Catalina-utility-2] org.apache.catalina.startup.HostConfig.deployWAR Deployment of web application archive [E:\simtrade\simtrade\tomcat\apache-tomcat-10.1.60\webapps\paper-trading.war] has finished in [5,683] ms
09-Oct-2026 14:51:14.919 INFO [Catalina-utility-2] org.apache.catalina.startup.HostConfig.undeploy Undeploying context [/paper-trading]
09-Oct-2026 14:51:14.936 WARNING [Catalina-utility-2] org.apache.catalina.loader.WebappClassLoaderBase.clearReferencesJdbc The web application [paper-trading] registered the JDBC driver [com.mysql.cj.jdbc.Driver] but failed to unregister it when the web application was stopped. To prevent a memory leak, the JDBC Driver has been forcibly unregistered.
09-Oct-2026 14:51:14.937 WARNING [Catalina-utility-2] org.apache.catalina.loader.WebappClassLoaderBase.clearReferencesThreads The web application [paper-trading] appears to have started a thread named [mysql-cj-abandoned-connection-cleanup] but has failed to stop it. This is very likely to create a memory leak. Stack trace of thread:
 java.base/jdk.internal.misc.Unsafe.park(Native Method)
 java.base/java.util.concurrent.locks.LockSupport.parkNanos(LockSupport.java:269)
 java.base/java.util.concurrent.locks.AbstractQueuedSynchronizer$ConditionObject.await(AbstractQueuedSynchronizer.java:1852)
 java.base/java.lang.ref.ReferenceQueue.await(ReferenceQueue.java:71)
 java.base/java.lang.ref.ReferenceQueue.remove0(ReferenceQueue.java:143)
 java.base/java.lang.ref.ReferenceQueue.remove(ReferenceQueue.java:218)
 com.mysql.cj.jdbc.AbandonedConnectionCleanupThread.run(AbandonedConnectionCleanupThread.java:84)
 java.base/java.util.concurrent.ThreadPoolExecutor.runWorker(ThreadPoolExecutor.java:1144)
 java.base/java.util.concurrent.ThreadPoolExecutor$Worker.run(ThreadPoolExecutor.java:642)
 java.base/java.lang.Thread.run(Thread.java:1583)
09-Oct-2026 14:51:14.937 WARNING [Catalina-utility-2] org.apache.catalina.loader.WebappClassLoaderBase.clearReferencesThreads The web application [paper-trading] appears to have started a thread named [Atmosphere-Scheduler-0] but has failed to stop it. This is very likely to create a memory leak. Stack trace of thread:
 java.base/jdk.internal.misc.Unsafe.park(Native Method)
 java.base/java.util.concurrent.locks.LockSupport.parkNanos(LockSupport.java:269)
 java.base/java.util.concurrent.locks.AbstractQueuedSynchronizer$ConditionObject.awaitNanos(AbstractQueuedSynchronizer.java:1763)
 java.base/java.util.concurrent.ScheduledThreadPoolExecutor$DelayedWorkQueue.poll(ScheduledThreadPoolExecutor.java:1223)
 java.base/java.util.concurrent.ScheduledThreadPoolExecutor$DelayedWorkQueue.poll(ScheduledThreadPoolExecutor.java:899)
 java.base/java.util.concurrent.ThreadPoolExecutor.getTask(ThreadPoolExecutor.java:1069)
 java.base/java.util.concurrent.ThreadPoolExecutor.runWorker(ThreadPoolExecutor.java:1130)
 java.base/java.util.concurrent.ThreadPoolExecutor$Worker.run(ThreadPoolExecutor.java:642)
 java.base/java.lang.Thread.run(Thread.java:1583)
09-Oct-2026 14:51:14.938 WARNING [Catalina-utility-2] org.apache.catalina.loader.WebappClassLoaderBase.clearReferencesThreads The web application [paper-trading] appears to have started a thread named [Atmosphere-Shared-0] but has failed to stop it. This is very likely to create a memory leak. Stack trace of thread:
 java.base/jdk.internal.misc.Unsafe.park(Native Method)
 java.base/java.util.concurrent.locks.LockSupport.parkNanos(LockSupport.java:269)
 java.base/java.util.concurrent.locks.AbstractQueuedSynchronizer$ConditionObject.awaitNanos(AbstractQueuedSynchronizer.java:1763)
 java.base/java.util.concurrent.LinkedBlockingQueue.poll(LinkedBlockingQueue.java:460)
 org.atmosphere.cpr.DefaultBroadcaster$1.run(DefaultBroadcaster.java:405)
 java.base/java.util.concurrent.Executors$RunnableAdapter.call(Executors.java:572)
 java.base/java.util.concurrent.FutureTask.run(FutureTask.java:317)
 java.base/java.util.concurrent.ForkJoinTask$RunnableExecuteAction.exec(ForkJoinTask.java:1423)
 java.base/java.util.concurrent.ForkJoinTask.doExec(ForkJoinTask.java:387)
 java.base/java.util.concurrent.ForkJoinPool$WorkQueue.topLevelExec(ForkJoinPool.java:1312)
 java.base/java.util.concurrent.ForkJoinPool.scan(ForkJoinPool.java:1843)
 java.base/java.util.concurrent.ForkJoinPool.runWorker(ForkJoinPool.java:1808)
 java.base/java.util.concurrent.ForkJoinWorkerThread.run(ForkJoinWorkerThread.java:188)
09-Oct-2026 14:51:14.938 WARNING [Catalina-utility-2] org.apache.catalina.loader.WebappClassLoaderBase.clearReferencesThreads The web application [paper-trading] appears to have started a thread named [Atmosphere-Scheduler-1] but has failed to stop it. This is very likely to create a memory leak. Stack trace of thread:
 java.base/jdk.internal.misc.Unsafe.park(Native Method)
 java.base/java.util.concurrent.locks.LockSupport.parkNanos(LockSupport.java:269)
 java.base/java.util.concurrent.locks.AbstractQueuedSynchronizer$ConditionObject.awaitNanos(AbstractQueuedSynchronizer.java:1763)
 java.base/java.util.concurrent.ScheduledThreadPoolExecutor$DelayedWorkQueue.poll(ScheduledThreadPoolExecutor.java:1218)
 java.base/java.util.concurrent.ScheduledThreadPoolExecutor$DelayedWorkQueue.poll(ScheduledThreadPoolExecutor.java:899)
 java.base/java.util.concurrent.ThreadPoolExecutor.getTask(ThreadPoolExecutor.java:1069)
 java.base/java.util.concurrent.ThreadPoolExecutor.runWorker(ThreadPoolExecutor.java:1130)
 java.base/java.util.concurrent.ThreadPoolExecutor$Worker.run(ThreadPoolExecutor.java:642)
 java.base/java.lang.Thread.run(Thread.java:1583)
09-Oct-2026 14:51:15.015 INFO [Catalina-utility-2] org.apache.catalina.startup.HostConfig.deployWAR Deploying web application archive [E:\simtrade\simtrade\tomcat\apache-tomcat-10.1.60\webapps\paper-trading.war]
09-Oct-2026 14:51:16.050 INFO [mysql-cj-abandoned-connection-cleanup] org.apache.catalina.loader.WebappClassLoaderBase.checkStateForResourceLoading Illegal access: this web application instance has been stopped already. Could not load []. The following stack trace is thrown for debugging purposes as well as to attempt to terminate the thread which caused the illegal access.
	java.lang.IllegalStateException: Illegal access: this web application instance has been stopped already. Could not load []. The following stack trace is thrown for debugging purposes as well as to attempt to terminate the thread which caused the illegal access.
		at org.apache.catalina.loader.WebappClassLoaderBase.checkStateForResourceLoading(WebappClassLoaderBase.java:1500)
		at org.apache.catalina.loader.WebappClassLoaderBase.getResource(WebappClassLoaderBase.java:1067)
		at com.mysql.cj.jdbc.AbandonedConnectionCleanupThread.checkThreadContextClassLoader(AbandonedConnectionCleanupThread.java:116)
		at com.mysql.cj.jdbc.AbandonedConnectionCleanupThread.run(AbandonedConnectionCleanupThread.java:83)
		at java.base/java.util.concurrent.ThreadPoolExecutor.runWorker(ThreadPoolExecutor.java:1144)
		at java.base/java.util.concurrent.ThreadPoolExecutor$Worker.run(ThreadPoolExecutor.java:642)
		at java.base/java.lang.Thread.run(Thread.java:1583)
09-Oct-2026 14:51:16.051 INFO [mysql-cj-abandoned-connection-cleanup] org.apache.catalina.loader.WebappClassLoaderBase.checkStateForResourceLoading Illegal access: this web application instance has been stopped already. Could not load []. The following stack trace is thrown for debugging purposes as well as to attempt to terminate the thread which caused the illegal access.
	java.lang.IllegalStateException: Illegal access: this web application instance has been stopped already. Could not load []. The following stack trace is thrown for debugging purposes as well as to attempt to terminate the thread which caused the illegal access.
		at org.apache.catalina.loader.WebappClassLoaderBase.checkStateForResourceLoading(WebappClassLoaderBase.java:1500)
		at org.apache.catalina.loader.WebappClassLoaderBase.getResource(WebappClassLoaderBase.java:1067)
		at com.mysql.cj.jdbc.AbandonedConnectionCleanupThread.checkThreadContextClassLoader(AbandonedConnectionCleanupThread.java:116)
		at com.mysql.cj.jdbc.AbandonedConnectionCleanupThread.run(AbandonedConnectionCleanupThread.java:83)
		at java.base/java.util.concurrent.ThreadPoolExecutor.runWorker(ThreadPoolExecutor.java:1144)
		at java.base/java.util.concurrent.ThreadPoolExecutor$Worker.run(ThreadPoolExecutor.java:642)
		at java.base/java.lang.Thread.run(Thread.java:1583)
09-Oct-2026 14:51:16.051 INFO [mysql-cj-abandoned-connection-cleanup] org.apache.catalina.loader.WebappClassLoaderBase.checkStateForResourceLoading Illegal access: this web application instance has been stopped already. Could not load []. The following stack trace is thrown for debugging purposes as well as to attempt to terminate the thread which caused the illegal access.
	java.lang.IllegalStateException: Illegal access: this web application instance has been stopped already. Could not load []. The following stack trace is thrown for debugging purposes as well as to attempt to terminate the thread which caused the illegal access.
		at org.apache.catalina.loader.WebappClassLoaderBase.checkStateForResourceLoading(WebappClassLoaderBase.java:1500)
		at org.apache.catalina.loader.WebappClassLoaderBase.getResource(WebappClassLoaderBase.java:1067)
		at com.mysql.cj.jdbc.AbandonedConnectionCleanupThread.checkThreadContextClassLoader(AbandonedConnectionCleanupThread.java:116)
		at com.mysql.cj.jdbc.AbandonedConnectionCleanupThread.run(AbandonedConnectionCleanupThread.java:83)
		at java.base/java.util.concurrent.ThreadPoolExecutor.runWorker(ThreadPoolExecutor.java:1144)
		at java.base/java.util.concurrent.ThreadPoolExecutor$Worker.run(ThreadPoolExecutor.java:642)
		at java.base/java.lang.Thread.run(Thread.java:1583)
09-Oct-2026 14:51:16.052 INFO [mysql-cj-abandoned-connection-cleanup] org.apache.catalina.loader.WebappClassLoaderBase.checkStateForResourceLoading Illegal access: this web application instance has been stopped already. Could not load []. The following stack trace is thrown for debugging purposes as well as to attempt to terminate the thread which caused the illegal access.
	java.lang.IllegalStateException: Illegal access: this web application instance has been stopped already. Could not load []. The following stack trace is thrown for debugging purposes as well as to attempt to terminate the thread which caused the illegal access.
		at org.apache.catalina.loader.WebappClassLoaderBase.checkStateForResourceLoading(WebappClassLoaderBase.java:1500)
		at org.apache.catalina.loader.WebappClassLoaderBase.getResource(WebappClassLoaderBase.java:1067)
		at com.mysql.cj.jdbc.AbandonedConnectionCleanupThread.checkThreadContextClassLoader(AbandonedConnectionCleanupThread.java:116)
		at com.mysql.cj.jdbc.AbandonedConnectionCleanupThread.run(AbandonedConnectionCleanupThread.java:83)
		at java.base/java.util.concurrent.ThreadPoolExecutor.runWorker(ThreadPoolExecutor.java:1144)
		at java.base/java.util.concurrent.ThreadPoolExecutor$Worker.run(ThreadPoolExecutor.java:642)
		at java.base/java.lang.Thread.run(Thread.java:1583)
09-Oct-2026 14:51:16.052 INFO [mysql-cj-abandoned-connection-cleanup] org.apache.catalina.loader.WebappClassLoaderBase.checkStateForResourceLoading Illegal access: this web application instance has been stopped already. Could not load []. The following stack trace is thrown for debugging purposes as well as to attempt to terminate the thread which caused the illegal access.
	java.lang.IllegalStateException: Illegal access: this web application instance has been stopped already. Could not load []. The following stack trace is thrown for debugging purposes as well as to attempt to terminate the thread which caused the illegal access.
		at org.apache.catalina.loader.WebappClassLoaderBase.checkStateForResourceLoading(WebappClassLoaderBase.java:1500)
		at org.apache.catalina.loader.WebappClassLoaderBase.getResource(WebappClassLoaderBase.java:1067)
		at com.mysql.cj.jdbc.AbandonedConnectionCleanupThread.checkThreadContextClassLoader(AbandonedConnectionCleanupThread.java:116)
		at com.mysql.cj.jdbc.AbandonedConnectionCleanupThread.run(AbandonedConnectionCleanupThread.java:83)
		at java.base/java.util.concurrent.ThreadPoolExecutor.runWorker(ThreadPoolExecutor.java:1144)
		at java.base/java.util.concurrent.ThreadPoolExecutor$Worker.run(ThreadPoolExecutor.java:642)
		at java.base/java.lang.Thread.run(Thread.java:1583)
09-Oct-2026 14:51:16.052 INFO [mysql-cj-abandoned-connection-cleanup] org.apache.catalina.loader.WebappClassLoaderBase.checkStateForResourceLoading Illegal access: this web application instance has been stopped already. Could not load []. The following stack trace is thrown for debugging purposes as well as to attempt to terminate the thread which caused the illegal access.
	java.lang.IllegalStateException: Illegal access: this web application instance has been stopped already. Could not load []. The following stack trace is thrown for debugging purposes as well as to attempt to terminate the thread which caused the illegal access.
		at org.apache.catalina.loader.WebappClassLoaderBase.checkStateForResourceLoading(WebappClassLoaderBase.java:1500)
		at org.apache.catalina.loader.WebappClassLoaderBase.getResource(WebappClassLoaderBase.java:1067)
		at com.mysql.cj.jdbc.AbandonedConnectionCleanupThread.checkThreadContextClassLoader(AbandonedConnectionCleanupThread.java:116)
		at com.mysql.cj.jdbc.AbandonedConnectionCleanupThread.run(AbandonedConnectionCleanupThread.java:83)
		at java.base/java.util.concurrent.ThreadPoolExecutor.runWorker(ThreadPoolExecutor.java:1144)
		at java.base/java.util.concurrent.ThreadPoolExecutor$Worker.run(ThreadPoolExecutor.java:642)
		at java.base/java.lang.Thread.run(Thread.java:1583)
09-Oct-2026 14:51:16.052 INFO [mysql-cj-abandoned-connection-cleanup] org.apache.catalina.loader.WebappClassLoaderBase.checkStateForResourceLoading Illegal access: this web application instance has been stopped already. Could not load []. The following stack trace is thrown for debugging purposes as well as to attempt to terminate the thread which caused the illegal access.
	java.lang.IllegalStateException: Illegal access: this web application instance has been stopped already. Could not load []. The following stack trace is thrown for debugging purposes as well as to attempt to terminate the thread which caused the illegal access.
		at org.apache.catalina.loader.WebappClassLoaderBase.checkStateForResourceLoading(WebappClassLoaderBase.java:1500)
		at org.apache.catalina.loader.WebappClassLoaderBase.getResource(WebappClassLoaderBase.java:1067)
		at com.mysql.cj.jdbc.AbandonedConnectionCleanupThread.checkThreadContextClassLoader(AbandonedConnectionCleanupThread.java:116)
		at com.mysql.cj.jdbc.AbandonedConnectionCleanupThread.run(AbandonedConnectionCleanupThread.java:83)
		at java.base/java.util.concurrent.ThreadPoolExecutor.runWorker(ThreadPoolExecutor.java:1144)
		at java.base/java.util.concurrent.ThreadPoolExecutor$Worker.run(ThreadPoolExecutor.java:642)
		at java.base/java.lang.Thread.run(Thread.java:1583)
09-Oct-2026 14:51:16.052 INFO [mysql-cj-abandoned-connection-cleanup] org.apache.catalina.loader.WebappClassLoaderBase.checkStateForResourceLoading Illegal access: this web application instance has been stopped already. Could not load []. The following stack trace is thrown for debugging purposes as well as to attempt to terminate the thread which caused the illegal access.
	java.lang.IllegalStateException: Illegal access: this web application instance has been stopped already. Could not load []. The following stack trace is thrown for debugging purposes as well as to attempt to terminate the thread which caused the illegal access.
		at org.apache.catalina.loader.WebappClassLoaderBase.checkStateForResourceLoading(WebappClassLoaderBase.java:1500)
		at org.apache.catalina.loader.WebappClassLoaderBase.getResource(WebappClassLoaderBase.java:1067)
		at com.mysql.cj.jdbc.AbandonedConnectionCleanupThread.checkThreadContextClassLoader(AbandonedConnectionCleanupThread.java:116)
		at com.mysql.cj.jdbc.AbandonedConnectionCleanupThread.run(AbandonedConnectionCleanupThread.java:83)
		at java.base/java.util.concurrent.ThreadPoolExecutor.runWorker(ThreadPoolExecutor.java:1144)
		at java.base/java.util.concurrent.ThreadPoolExecutor$Worker.run(ThreadPoolExecutor.java:642)
		at java.base/java.lang.Thread.run(Thread.java:1583)
09-Oct-2026 14:51:16.053 INFO [mysql-cj-abandoned-connection-cleanup] org.apache.catalina.loader.WebappClassLoaderBase.checkStateForResourceLoading Illegal access: this web application instance has been stopped already. Could not load []. The following stack trace is thrown for debugging purposes as well as to attempt to terminate the thread which caused the illegal access.
	java.lang.IllegalStateException: Illegal access: this web application instance has been stopped already. Could not load []. The following stack trace is thrown for debugging purposes as well as to attempt to terminate the thread which caused the illegal access.
		at org.apache.catalina.loader.WebappClassLoaderBase.checkStateForResourceLoading(WebappClassLoaderBase.java:1500)
		at org.apache.catalina.loader.WebappClassLoaderBase.getResource(WebappClassLoaderBase.java:1067)
		at com.mysql.cj.jdbc.AbandonedConnectionCleanupThread.checkThreadContextClassLoader(AbandonedConnectionCleanupThread.java:116)
		at com.mysql.cj.jdbc.AbandonedConnectionCleanupThread.run(AbandonedConnectionCleanupThread.java:83)
		at java.base/java.util.concurrent.ThreadPoolExecutor.runWorker(ThreadPoolExecutor.java:1144)
		at java.base/java.util.concurrent.ThreadPoolExecutor$Worker.run(ThreadPoolExecutor.java:642)
		at java.base/java.lang.Thread.run(Thread.java:1583)
09-Oct-2026 14:51:16.053 INFO [mysql-cj-abandoned-connection-cleanup] org.apache.catalina.loader.WebappClassLoaderBase.checkStateForResourceLoading Illegal access: this web application instance has been stopped already. Could not load []. The following stack trace is thrown for debugging purposes as well as to attempt to terminate the thread which caused the illegal access.
	java.lang.IllegalStateException: Illegal access: this web application instance has been stopped already. Could not load []. The following stack trace is thrown for debugging purposes as well as to attempt to terminate the thread which caused the illegal access.
		at org.apache.catalina.loader.WebappClassLoaderBase.checkStateForResourceLoading(WebappClassLoaderBase.java:1500)
		at org.apache.catalina.loader.WebappClassLoaderBase.getResource(WebappClassLoaderBase.java:1067)
		at com.mysql.cj.jdbc.AbandonedConnectionCleanupThread.checkThreadContextClassLoader(AbandonedConnectionCleanupThread.java:116)
		at com.mysql.cj.jdbc.AbandonedConnectionCleanupThread.run(AbandonedConnectionCleanupThread.java:83)
		at java.base/java.util.concurrent.ThreadPoolExecutor.runWorker(ThreadPoolExecutor.java:1144)
		at java.base/java.util.concurrent.ThreadPoolExecutor$Worker.run(ThreadPoolExecutor.java:642)
		at java.base/java.lang.Thread.run(Thread.java:1583)
09-Oct-2026 14:51:16.054 INFO [mysql-cj-abandoned-connection-cleanup] org.apache.catalina.loader.WebappClassLoaderBase.checkStateForResourceLoading Illegal access: this web application instance has been stopped already. Could not load []. The following stack trace is thrown for debugging purposes as well as to attempt to terminate the thread which caused the illegal access.
	java.lang.IllegalStateException: Illegal access: this web application instance has been stopped already. Could not load []. The following stack trace is thrown for debugging purposes as well as to attempt to terminate the thread which caused the illegal access.
		at org.apache.catalina.loader.WebappClassLoaderBase.checkStateForResourceLoading(WebappClassLoaderBase.java:1500)
		at org.apache.catalina.loader.WebappClassLoaderBase.getResource(WebappClassLoaderBase.java:1067)
		at com.mysql.cj.jdbc.AbandonedConnectionCleanupThread.checkThreadContextClassLoader(AbandonedConnectionCleanupThread.java:116)
		at com.mysql.cj.jdbc.AbandonedConnectionCleanupThread.run(AbandonedConnectionCleanupThread.java:83)
		at java.base/java.util.concurrent.ThreadPoolExecutor.runWorker(ThreadPoolExecutor.java:1144)
		at java.base/java.util.concurrent.ThreadPoolExecutor$Worker.run(ThreadPoolExecutor.java:642)
		at java.base/java.lang.Thread.run(Thread.java:1583)
09-Oct-2026 14:51:16.054 INFO [mysql-cj-abandoned-connection-cleanup] org.apache.catalina.loader.WebappClassLoaderBase.checkStateForResourceLoading Illegal access: this web application instance has been stopped already. Could not load []. The following stack trace is thrown for debugging purposes as well as to attempt to terminate the thread which caused the illegal access.
	java.lang.IllegalStateException: Illegal access: this web application instance has been stopped already. Could not load []. The following stack trace is thrown for debugging purposes as well as to attempt to terminate the thread which caused the illegal access.
		at org.apache.catalina.loader.WebappClassLoaderBase.checkStateForResourceLoading(WebappClassLoaderBase.java:1500)
		at org.apache.catalina.loader.WebappClassLoaderBase.getResource(WebappClassLoaderBase.java:1067)
		at com.mysql.cj.jdbc.AbandonedConnectionCleanupThread.checkThreadContextClassLoader(AbandonedConnectionCleanupThread.java:116)
		at com.mysql.cj.jdbc.AbandonedConnectionCleanupThread.run(AbandonedConnectionCleanupThread.java:83)
		at java.base/java.util.concurrent.ThreadPoolExecutor.runWorker(ThreadPoolExecutor.java:1144)
		at java.base/java.util.concurrent.ThreadPoolExecutor$Worker.run(ThreadPoolExecutor.java:642)
		at java.base/java.lang.Thread.run(Thread.java:1583)
09-Oct-2026 14:51:16.054 INFO [mysql-cj-abandoned-connection-cleanup] org.apache.catalina.loader.WebappClassLoaderBase.checkStateForResourceLoading Illegal access: this web application instance has been stopped already. Could not load []. The following stack trace is thrown for debugging purposes as well as to attempt to terminate the thread which caused the illegal access.
	java.lang.IllegalStateException: Illegal access: this web application instance has been stopped already. Could not load []. The following stack trace is thrown for debugging purposes as well as to attempt to terminate the thread which caused the illegal access.
		at org.apache.catalina.loader.WebappClassLoaderBase.checkStateForResourceLoading(WebappClassLoaderBase.java:1500)
		at org.apache.catalina.loader.WebappClassLoaderBase.getResource(WebappClassLoaderBase.java:1067)
		at com.mysql.cj.jdbc.AbandonedConnectionCleanupThread.checkThreadContextClassLoader(AbandonedConnectionCleanupThread.java:116)
		at com.mysql.cj.jdbc.AbandonedConnectionCleanupThread.run(AbandonedConnectionCleanupThread.java:83)
		at java.base/java.util.concurrent.ThreadPoolExecutor.runWorker(ThreadPoolExecutor.java:1144)
		at java.base/java.util.concurrent.ThreadPoolExecutor$Worker.run(ThreadPoolExecutor.java:642)
		at java.base/java.lang.Thread.run(Thread.java:1583)
09-Oct-2026 14:51:16.054 INFO [mysql-cj-abandoned-connection-cleanup] org.apache.catalina.loader.WebappClassLoaderBase.checkStateForResourceLoading Illegal access: this web application instance has been stopped already. Could not load []. The following stack trace is thrown for debugging purposes as well as to attempt to terminate the thread which caused the illegal access.
	java.lang.IllegalStateException: Illegal access: this web application instance has been stopped already. Could not load []. The following stack trace is thrown for debugging purposes as well as to attempt to terminate the thread which caused the illegal access.
		at org.apache.catalina.loader.WebappClassLoaderBase.checkStateForResourceLoading(WebappClassLoaderBase.java:1500)
		at org.apache.catalina.loader.WebappClassLoaderBase.getResource(WebappClassLoaderBase.java:1067)
		at com.mysql.cj.jdbc.AbandonedConnectionCleanupThread.checkThreadContextClassLoader(AbandonedConnectionCleanupThread.java:116)
		at com.mysql.cj.jdbc.AbandonedConnectionCleanupThread.run(AbandonedConnectionCleanupThread.java:83)
		at java.base/java.util.concurrent.ThreadPoolExecutor.runWorker(ThreadPoolExecutor.java:1144)
		at java.base/java.util.concurrent.ThreadPoolExecutor$Worker.run(ThreadPoolExecutor.java:642)
		at java.base/java.lang.Thread.run(Thread.java:1583)
09-Oct-2026 14:51:16.054 INFO [mysql-cj-abandoned-connection-cleanup] org.apache.catalina.loader.WebappClassLoaderBase.checkStateForResourceLoading Illegal access: this web application instance has been stopped already. Could not load []. The following stack trace is thrown for debugging purposes as well as to attempt to terminate the thread which caused the illegal access.
	java.lang.IllegalStateException: Illegal access: this web application instance has been stopped already. Could not load []. The following stack trace is thrown for debugging purposes as well as to attempt to terminate the thread which caused the illegal access.
		at org.apache.catalina.loader.WebappClassLoaderBase.checkStateForResourceLoading(WebappClassLoaderBase.java:1500)
		at org.apache.catalina.loader.WebappClassLoaderBase.getResource(WebappClassLoaderBase.java:1067)
		at com.mysql.cj.jdbc.AbandonedConnectionCleanupThread.checkThreadContextClassLoader(AbandonedConnectionCleanupThread.java:116)
		at com.mysql.cj.jdbc.AbandonedConnectionCleanupThread.run(AbandonedConnectionCleanupThread.java:83)
		at java.base/java.util.concurrent.ThreadPoolExecutor.runWorker(ThreadPoolExecutor.java:1144)
		at java.base/java.util.concurrent.ThreadPoolExecutor$Worker.run(ThreadPoolExecutor.java:642)
		at java.base/java.lang.Thread.run(Thread.java:1583)
09-Oct-2026 14:51:16.055 INFO [mysql-cj-abandoned-connection-cleanup] org.apache.catalina.loader.WebappClassLoaderBase.checkStateForResourceLoading Illegal access: this web application instance has been stopped already. Could not load []. The following stack trace is thrown for debugging purposes as well as to attempt to terminate the thread which caused the illegal access.
	java.lang.IllegalStateException: Illegal access: this web application instance has been stopped already. Could not load []. The following stack trace is thrown for debugging purposes as well as to attempt to terminate the thread which caused the illegal access.
		at org.apache.catalina.loader.WebappClassLoaderBase.checkStateForResourceLoading(WebappClassLoaderBase.java:1500)
		at org.apache.catalina.loader.WebappClassLoaderBase.getResource(WebappClassLoaderBase.java:1067)
		at com.mysql.cj.jdbc.AbandonedConnectionCleanupThread.checkThreadContextClassLoader(AbandonedConnectionCleanupThread.java:116)
		at com.mysql.cj.jdbc.AbandonedConnectionCleanupThread.run(AbandonedConnectionCleanupThread.java:83)
		at java.base/java.util.concurrent.ThreadPoolExecutor.runWorker(ThreadPoolExecutor.java:1144)
		at java.base/java.util.concurrent.ThreadPoolExecutor$Worker.run(ThreadPoolExecutor.java:642)
		at java.base/java.lang.Thread.run(Thread.java:1583)
09-Oct-2026 14:51:16.055 INFO [mysql-cj-abandoned-connection-cleanup] org.apache.catalina.loader.WebappClassLoaderBase.checkStateForResourceLoading Illegal access: this web application instance has been stopped already. Could not load []. The following stack trace is thrown for debugging purposes as well as to attempt to terminate the thread which caused the illegal access.
	java.lang.IllegalStateException: Illegal access: this web application instance has been stopped already. Could not load []. The following stack trace is thrown for debugging purposes as well as to attempt to terminate the thread which caused the illegal access.
		at org.apache.catalina.loader.WebappClassLoaderBase.checkStateForResourceLoading(WebappClassLoaderBase.java:1500)
		at org.apache.catalina.loader.WebappClassLoaderBase.getResource(WebappClassLoaderBase.java:1067)
		at com.mysql.cj.jdbc.AbandonedConnectionCleanupThread.checkThreadContextClassLoader(AbandonedConnectionCleanupThread.java:116)
		at com.mysql.cj.jdbc.AbandonedConnectionCleanupThread.run(AbandonedConnectionCleanupThread.java:83)
		at java.base/java.util.concurrent.ThreadPoolExecutor.runWorker(ThreadPoolExecutor.java:1144)
		at java.base/java.util.concurrent.ThreadPoolExecutor$Worker.run(ThreadPoolExecutor.java:642)
		at java.base/java.lang.Thread.run(Thread.java:1583)
09-Oct-2026 14:51:16.055 INFO [mysql-cj-abandoned-connection-cleanup] org.apache.catalina.loader.WebappClassLoaderBase.checkStateForResourceLoading Illegal access: this web application instance has been stopped already. Could not load []. The following stack trace is thrown for debugging purposes as well as to attempt to terminate the thread which caused the illegal access.
	java.lang.IllegalStateException: Illegal access: this web application instance has been stopped already. Could not load []. The following stack trace is thrown for debugging purposes as well as to attempt to terminate the thread which caused the illegal access.
		at org.apache.catalina.loader.WebappClassLoaderBase.checkStateForResourceLoading(WebappClassLoaderBase.java:1500)
		at org.apache.catalina.loader.WebappClassLoaderBase.getResource(WebappClassLoaderBase.java:1067)
		at com.mysql.cj.jdbc.AbandonedConnectionCleanupThread.checkThreadContextClassLoader(AbandonedConnectionCleanupThread.java:116)
		at com.mysql.cj.jdbc.AbandonedConnectionCleanupThread.run(AbandonedConnectionCleanupThread.java:83)
		at java.base/java.util.concurrent.ThreadPoolExecutor.runWorker(ThreadPoolExecutor.java:1144)
		at java.base/java.util.concurrent.ThreadPoolExecutor$Worker.run(ThreadPoolExecutor.java:642)
		at java.base/java.lang.Thread.run(Thread.java:1583)
09-Oct-2026 14:51:16.056 INFO [mysql-cj-abandoned-connection-cleanup] org.apache.catalina.loader.WebappClassLoaderBase.checkStateForResourceLoading Illegal access: this web application instance has been stopped already. Could not load []. The following stack trace is thrown for debugging purposes as well as to attempt to terminate the thread which caused the illegal access.
	java.lang.IllegalStateException: Illegal access: this web application instance has been stopped already. Could not load []. The following stack trace is thrown for debugging purposes as well as to attempt to terminate the thread which caused the illegal access.
		at org.apache.catalina.loader.WebappClassLoaderBase.checkStateForResourceLoading(WebappClassLoaderBase.java:1500)
		at org.apache.catalina.loader.WebappClassLoaderBase.getResource(WebappClassLoaderBase.java:1067)
		at com.mysql.cj.jdbc.AbandonedConnectionCleanupThread.checkThreadContextClassLoader(AbandonedConnectionCleanupThread.java:116)
		at com.mysql.cj.jdbc.AbandonedConnectionCleanupThread.run(AbandonedConnectionCleanupThread.java:83)
		at java.base/java.util.concurrent.ThreadPoolExecutor.runWorker(ThreadPoolExecutor.java:1144)
		at java.base/java.util.concurrent.ThreadPoolExecutor$Worker.run(ThreadPoolExecutor.java:642)
		at java.base/java.lang.Thread.run(Thread.java:1583)
09-Oct-2026 14:51:16.056 INFO [mysql-cj-abandoned-connection-cleanup] org.apache.catalina.loader.WebappClassLoaderBase.checkStateForResourceLoading Illegal access: this web application instance has been stopped already. Could not load []. The following stack trace is thrown for debugging purposes as well as to attempt to terminate the thread which caused the illegal access.
	java.lang.IllegalStateException: Illegal access: this web application instance has been stopped already. Could not load []. The following stack trace is thrown for debugging purposes as well as to attempt to terminate the thread which caused the illegal access.
		at org.apache.catalina.loader.WebappClassLoaderBase.checkStateForResourceLoading(WebappClassLoaderBase.java:1500)
		at org.apache.catalina.loader.WebappClassLoaderBase.getResource(WebappClassLoaderBase.java:1067)
		at com.mysql.cj.jdbc.AbandonedConnectionCleanupThread.checkThreadContextClassLoader(AbandonedConnectionCleanupThread.java:116)
		at com.mysql.cj.jdbc.AbandonedConnectionCleanupThread.run(AbandonedConnectionCleanupThread.java:83)
		at java.base/java.util.concurrent.ThreadPoolExecutor.runWorker(ThreadPoolExecutor.java:1144)
		at java.base/java.util.concurrent.ThreadPoolExecutor$Worker.run(ThreadPoolExecutor.java:642)
		at java.base/java.lang.Thread.run(Thread.java:1583)
09-Oct-2026 14:51:16.056 INFO [mysql-cj-abandoned-connection-cleanup] org.apache.catalina.loader.WebappClassLoaderBase.checkStateForResourceLoading Illegal access: this web application instance has been stopped already. Could not load []. The following stack trace is thrown for debugging purposes as well as to attempt to terminate the thread which caused the illegal access.
	java.lang.IllegalStateException: Illegal access: this web application instance has been stopped already. Could not load []. The following stack trace is thrown for debugging purposes as well as to attempt to terminate the thread which caused the illegal access.
		at org.apache.catalina.loader.WebappClassLoaderBase.checkStateForResourceLoading(WebappClassLoaderBase.java:1500)
		at org.apache.catalina.loader.WebappClassLoaderBase.getResource(WebappClassLoaderBase.java:1067)
		at com.mysql.cj.jdbc.AbandonedConnectionCleanupThread.checkThreadContextClassLoader(AbandonedConnectionCleanupThread.java:116)
		at com.mysql.cj.jdbc.AbandonedConnectionCleanupThread.run(AbandonedConnectionCleanupThread.java:83)
		at java.base/java.util.concurrent.ThreadPoolExecutor.runWorker(ThreadPoolExecutor.java:1144)
		at java.base/java.util.concurrent.ThreadPoolExecutor$Worker.run(ThreadPoolExecutor.java:642)
		at java.base/java.lang.Thread.run(Thread.java:1583)
09-Oct-2026 14:51:16.056 INFO [mysql-cj-abandoned-connection-cleanup] org.apache.catalina.loader.WebappClassLoaderBase.checkStateForResourceLoading Illegal access: this web application instance has been stopped already. Could not load []. The following stack trace is thrown for debugging purposes as well as to attempt to terminate the thread which caused the illegal access.
	java.lang.IllegalStateException: Illegal access: this web application instance has been stopped already. Could not load []. The following stack trace is thrown for debugging purposes as well as to attempt to terminate the thread which caused the illegal access.
		at org.apache.catalina.loader.WebappClassLoaderBase.checkStateForResourceLoading(WebappClassLoaderBase.java:1500)
		at org.apache.catalina.loader.WebappClassLoaderBase.getResource(WebappClassLoaderBase.java:1067)
		at com.mysql.cj.jdbc.AbandonedConnectionCleanupThread.checkThreadContextClassLoader(AbandonedConnectionCleanupThread.java:116)
		at com.mysql.cj.jdbc.AbandonedConnectionCleanupThread.run(AbandonedConnectionCleanupThread.java:83)
		at java.base/java.util.concurrent.ThreadPoolExecutor.runWorker(ThreadPoolExecutor.java:1144)
		at java.base/java.util.concurrent.ThreadPoolExecutor$Worker.run(ThreadPoolExecutor.java:642)
		at java.base/java.lang.Thread.run(Thread.java:1583)
09-Oct-2026 14:51:16.057 INFO [mysql-cj-abandoned-connection-cleanup] org.apache.catalina.loader.WebappClassLoaderBase.checkStateForResourceLoading Illegal access: this web application instance has been stopped already. Could not load []. The following stack trace is thrown for debugging purposes as well as to attempt to terminate the thread which caused the illegal access.
	java.lang.IllegalStateException: Illegal access: this web application instance has been stopped already. Could not load []. The following stack trace is thrown for debugging purposes as well as to attempt to terminate the thread which caused the illegal access.
		at org.apache.catalina.loader.WebappClassLoaderBase.checkStateForResourceLoading(WebappClassLoaderBase.java:1500)
		at org.apache.catalina.loader.WebappClassLoaderBase.getResource(WebappClassLoaderBase.java:1067)
		at com.mysql.cj.jdbc.AbandonedConnectionCleanupThread.checkThreadContextClassLoader(AbandonedConnectionCleanupThread.java:116)
		at com.mysql.cj.jdbc.AbandonedConnectionCleanupThread.run(AbandonedConnectionCleanupThread.java:83)
		at java.base/java.util.concurrent.ThreadPoolExecutor.runWorker(ThreadPoolExecutor.java:1144)
		at java.base/java.util.concurrent.ThreadPoolExecutor$Worker.run(ThreadPoolExecutor.java:642)
		at java.base/java.lang.Thread.run(Thread.java:1583)
09-Oct-2026 14:51:16.057 INFO [mysql-cj-abandoned-connection-cleanup] org.apache.catalina.loader.WebappClassLoaderBase.checkStateForResourceLoading Illegal access: this web application instance has been stopped already. Could not load []. The following stack trace is thrown for debugging purposes as well as to attempt to terminate the thread which caused the illegal access.
	java.lang.IllegalStateException: Illegal access: this web application instance has been stopped already. Could not load []. The following stack trace is thrown for debugging purposes as well as to attempt to terminate the thread which caused the illegal access.
		at org.apache.catalina.loader.WebappClassLoaderBase.checkStateForResourceLoading(WebappClassLoaderBase.java:1500)
		at org.apache.catalina.loader.WebappClassLoaderBase.getResource(WebappClassLoaderBase.java:1067)
		at com.mysql.cj.jdbc.AbandonedConnectionCleanupThread.checkThreadContextClassLoader(AbandonedConnectionCleanupThread.java:116)
		at com.mysql.cj.jdbc.AbandonedConnectionCleanupThread.run(AbandonedConnectionCleanupThread.java:83)
		at java.base/java.util.concurrent.ThreadPoolExecutor.runWorker(ThreadPoolExecutor.java:1144)
		at java.base/java.util.concurrent.ThreadPoolExecutor$Worker.run(ThreadPoolExecutor.java:642)
		at java.base/java.lang.Thread.run(Thread.java:1583)
09-Oct-2026 14:51:16.057 INFO [mysql-cj-abandoned-connection-cleanup] org.apache.catalina.loader.WebappClassLoaderBase.checkStateForResourceLoading Illegal access: this web application instance has been stopped already. Could not load []. The following stack trace is thrown for debugging purposes as well as to attempt to terminate the thread which caused the illegal access.
	java.lang.IllegalStateException: Illegal access: this web application instance has been stopped already. Could not load []. The following stack trace is thrown for debugging purposes as well as to attempt to terminate the thread which caused the illegal access.
		at org.apache.catalina.loader.WebappClassLoaderBase.checkStateForResourceLoading(WebappClassLoaderBase.java:1500)
		at org.apache.catalina.loader.WebappClassLoaderBase.getResource(WebappClassLoaderBase.java:1067)
		at com.mysql.cj.jdbc.AbandonedConnectionCleanupThread.checkThreadContextClassLoader(AbandonedConnectionCleanupThread.java:116)
		at com.mysql.cj.jdbc.AbandonedConnectionCleanupThread.run(AbandonedConnectionCleanupThread.java:83)
		at java.base/java.util.concurrent.ThreadPoolExecutor.runWorker(ThreadPoolExecutor.java:1144)
		at java.base/java.util.concurrent.ThreadPoolExecutor$Worker.run(ThreadPoolExecutor.java:642)
		at java.base/java.lang.Thread.run(Thread.java:1583)
09-Oct-2026 14:51:16.057 INFO [mysql-cj-abandoned-connection-cleanup] org.apache.catalina.loader.WebappClassLoaderBase.checkStateForResourceLoading Illegal access: this web application instance has been stopped already. Could not load []. The following stack trace is thrown for debugging purposes as well as to attempt to terminate the thread which caused the illegal access.
	java.lang.IllegalStateException: Illegal access: this web application instance has been stopped already. Could not load []. The following stack trace is thrown for debugging purposes as well as to attempt to terminate the thread which caused the illegal access.
		at org.apache.catalina.loader.WebappClassLoaderBase.checkStateForResourceLoading(WebappClassLoaderBase.java:1500)
		at org.apache.catalina.loader.WebappClassLoaderBase.getResource(WebappClassLoaderBase.java:1067)
		at com.mysql.cj.jdbc.AbandonedConnectionCleanupThread.checkThreadContextClassLoader(AbandonedConnectionCleanupThread.java:116)
		at com.mysql.cj.jdbc.AbandonedConnectionCleanupThread.run(AbandonedConnectionCleanupThread.java:83)
		at java.base/java.util.concurrent.ThreadPoolExecutor.runWorker(ThreadPoolExecutor.java:1144)
		at java.base/java.util.concurrent.ThreadPoolExecutor$Worker.run(ThreadPoolExecutor.java:642)
		at java.base/java.lang.Thread.run(Thread.java:1583)
09-Oct-2026 14:51:16.058 INFO [mysql-cj-abandoned-connection-cleanup] org.apache.catalina.loader.WebappClassLoaderBase.checkStateForResourceLoading Illegal access: this web application instance has been stopped already. Could not load []. The following stack trace is thrown for debugging purposes as well as to attempt to terminate the thread which caused the illegal access.
	java.lang.IllegalStateException: Illegal access: this web application instance has been stopped already. Could not load []. The following stack trace is thrown for debugging purposes as well as to attempt to terminate the thread which caused the illegal access.
		at org.apache.catalina.loader.WebappClassLoaderBase.checkStateForResourceLoading(WebappClassLoaderBase.java:1500)
		at org.apache.catalina.loader.WebappClassLoaderBase.getResource(WebappClassLoaderBase.java:1067)
		at com.mysql.cj.jdbc.AbandonedConnectionCleanupThread.checkThreadContextClassLoader(AbandonedConnectionCleanupThread.java:116)
		at com.mysql.cj.jdbc.AbandonedConnectionCleanupThread.run(AbandonedConnectionCleanupThread.java:83)
		at java.base/java.util.concurrent.ThreadPoolExecutor.runWorker(ThreadPoolExecutor.java:1144)
		at java.base/java.util.concurrent.ThreadPoolExecutor$Worker.run(ThreadPoolExecutor.java:642)
		at java.base/java.lang.Thread.run(Thread.java:1583)
09-Oct-2026 14:51:16.058 INFO [mysql-cj-abandoned-connection-cleanup] org.apache.catalina.loader.WebappClassLoaderBase.checkStateForResourceLoading Illegal access: this web application instance has been stopped already. Could not load []. The following stack trace is thrown for debugging purposes as well as to attempt to terminate the thread which caused the illegal access.
	java.lang.IllegalStateException: Illegal access: this web application instance has been stopped already. Could not load []. The following stack trace is thrown for debugging purposes as well as to attempt to terminate the thread which caused the illegal access.
		at org.apache.catalina.loader.WebappClassLoaderBase.checkStateForResourceLoading(WebappClassLoaderBase.java:1500)
		at org.apache.catalina.loader.WebappClassLoaderBase.getResource(WebappClassLoaderBase.java:1067)
		at com.mysql.cj.jdbc.AbandonedConnectionCleanupThread.checkThreadContextClassLoader(AbandonedConnectionCleanupThread.java:116)
		at com.mysql.cj.jdbc.AbandonedConnectionCleanupThread.run(AbandonedConnectionCleanupThread.java:83)
		at java.base/java.util.concurrent.ThreadPoolExecutor.runWorker(ThreadPoolExecutor.java:1144)
		at java.base/java.util.concurrent.ThreadPoolExecutor$Worker.run(ThreadPoolExecutor.java:642)
		at java.base/java.lang.Thread.run(Thread.java:1583)
09-Oct-2026 14:51:16.058 INFO [mysql-cj-abandoned-connection-cleanup] org.apache.catalina.loader.WebappClassLoaderBase.checkStateForResourceLoading Illegal access: this web application instance has been stopped already. Could not load []. The following stack trace is thrown for debugging purposes as well as to attempt to terminate the thread which caused the illegal access.
	java.lang.IllegalStateException: Illegal access: this web application instance has been stopped already. Could not load []. The following stack trace is thrown for debugging purposes as well as to attempt to terminate the thread which caused the illegal access.
		at org.apache.catalina.loader.WebappClassLoaderBase.checkStateForResourceLoading(WebappClassLoaderBase.java:1500)
		at org.apache.catalina.loader.WebappClassLoaderBase.getResource(WebappClassLoaderBase.java:1067)
		at com.mysql.cj.jdbc.AbandonedConnectionCleanupThread.checkThreadContextClassLoader(AbandonedConnectionCleanupThread.java:116)
		at com.mysql.cj.jdbc.AbandonedConnectionCleanupThread.run(AbandonedConnectionCleanupThread.java:83)
		at java.base/java.util.concurrent.ThreadPoolExecutor.runWorker(ThreadPoolExecutor.java:1144)
		at java.base/java.util.concurrent.ThreadPoolExecutor$Worker.run(ThreadPoolExecutor.java:642)
		at java.base/java.lang.Thread.run(Thread.java:1583)
09-Oct-2026 14:51:16.059 INFO [mysql-cj-abandoned-connection-cleanup] org.apache.catalina.loader.WebappClassLoaderBase.checkStateForResourceLoading Illegal access: this web application instance has been stopped already. Could not load []. The following stack trace is thrown for debugging purposes as well as to attempt to terminate the thread which caused the illegal access.
	java.lang.IllegalStateException: Illegal access: this web application instance has been stopped already. Could not load []. The following stack trace is thrown for debugging purposes as well as to attempt to terminate the thread which caused the illegal access.
		at org.apache.catalina.loader.WebappClassLoaderBase.checkStateForResourceLoading(WebappClassLoaderBase.java:1500)
		at org.apache.catalina.loader.WebappClassLoaderBase.getResource(WebappClassLoaderBase.java:1067)
		at com.mysql.cj.jdbc.AbandonedConnectionCleanupThread.checkThreadContextClassLoader(AbandonedConnectionCleanupThread.java:116)
		at com.mysql.cj.jdbc.AbandonedConnectionCleanupThread.run(AbandonedConnectionCleanupThread.java:83)
		at java.base/java.util.concurrent.ThreadPoolExecutor.runWorker(ThreadPoolExecutor.java:1144)
		at java.base/java.util.concurrent.ThreadPoolExecutor$Worker.run(ThreadPoolExecutor.java:642)
		at java.base/java.lang.Thread.run(Thread.java:1583)
09-Oct-2026 14:51:16.059 INFO [mysql-cj-abandoned-connection-cleanup] org.apache.catalina.loader.WebappClassLoaderBase.checkStateForResourceLoading Illegal access: this web application instance has been stopped already. Could not load []. The following stack trace is thrown for debugging purposes as well as to attempt to terminate the thread which caused the illegal access.
	java.lang.IllegalStateException: Illegal access: this web application instance has been stopped already. Could not load []. The following stack trace is thrown for debugging purposes as well as to attempt to terminate the thread which caused the illegal access.
		at org.apache.catalina.loader.WebappClassLoaderBase.checkStateForResourceLoading(WebappClassLoaderBase.java:1500)
		at org.apache.catalina.loader.WebappClassLoaderBase.getResource(WebappClassLoaderBase.java:1067)
		at com.mysql.cj.jdbc.AbandonedConnectionCleanupThread.checkThreadContextClassLoader(AbandonedConnectionCleanupThread.java:116)
		at com.mysql.cj.jdbc.AbandonedConnectionCleanupThread.run(AbandonedConnectionCleanupThread.java:83)
		at java.base/java.util.concurrent.ThreadPoolExecutor.runWorker(ThreadPoolExecutor.java:1144)
		at java.base/java.util.concurrent.ThreadPoolExecutor$Worker.run(ThreadPoolExecutor.java:642)
		at java.base/java.lang.Thread.run(Thread.java:1583)
09-Oct-2026 14:51:16.060 INFO [mysql-cj-abandoned-connection-cleanup] org.apache.catalina.loader.WebappClassLoaderBase.checkStateForResourceLoading Illegal access: this web application instance has been stopped already. Could not load []. The following stack trace is thrown for debugging purposes as well as to attempt to terminate the thread which caused the illegal access.
	java.lang.IllegalStateException: Illegal access: this web application instance has been stopped already. Could not load []. The following stack trace is thrown for debugging purposes as well as to attempt to terminate the thread which caused the illegal access.
		at org.apache.catalina.loader.WebappClassLoaderBase.checkStateForResourceLoading(WebappClassLoaderBase.java:1500)
		at org.apache.catalina.loader.WebappClassLoaderBase.getResource(WebappClassLoaderBase.java:1067)
		at com.mysql.cj.jdbc.AbandonedConnectionCleanupThread.checkThreadContextClassLoader(AbandonedConnectionCleanupThread.java:116)
		at com.mysql.cj.jdbc.AbandonedConnectionCleanupThread.run(AbandonedConnectionCleanupThread.java:83)
		at java.base/java.util.concurrent.ThreadPoolExecutor.runWorker(ThreadPoolExecutor.java:1144)
		at java.base/java.util.concurrent.ThreadPoolExecutor$Worker.run(ThreadPoolExecutor.java:642)
		at java.base/java.lang.Thread.run(Thread.java:1583)
09-Oct-2026 14:51:16.060 INFO [mysql-cj-abandoned-connection-cleanup] org.apache.catalina.loader.WebappClassLoaderBase.checkStateForResourceLoading Illegal access: this web application instance has been stopped already. Could not load []. The following stack trace is thrown for debugging purposes as well as to attempt to terminate the thread which caused the illegal access.
	java.lang.IllegalStateException: Illegal access: this web application instance has been stopped already. Could not load []. The following stack trace is thrown for debugging purposes as well as to attempt to terminate the thread which caused the illegal access.
		at org.apache.catalina.loader.WebappClassLoaderBase.checkStateForResourceLoading(WebappClassLoaderBase.java:1500)
		at org.apache.catalina.loader.WebappClassLoaderBase.getResource(WebappClassLoaderBase.java:1067)
		at com.mysql.cj.jdbc.AbandonedConnectionCleanupThread.checkThreadContextClassLoader(AbandonedConnectionCleanupThread.java:116)
		at com.mysql.cj.jdbc.AbandonedConnectionCleanupThread.run(AbandonedConnectionCleanupThread.java:83)
		at java.base/java.util.concurrent.ThreadPoolExecutor.runWorker(ThreadPoolExecutor.java:1144)
		at java.base/java.util.concurrent.ThreadPoolExecutor$Worker.run(ThreadPoolExecutor.java:642)
		at java.base/java.lang.Thread.run(Thread.java:1583)
09-Oct-2026 14:51:16.060 INFO [mysql-cj-abandoned-connection-cleanup] org.apache.catalina.loader.WebappClassLoaderBase.checkStateForResourceLoading Illegal access: this web application instance has been stopped already. Could not load []. The following stack trace is thrown for debugging purposes as well as to attempt to terminate the thread which caused the illegal access.
	java.lang.IllegalStateException: Illegal access: this web application instance has been stopped already. Could not load []. The following stack trace is thrown for debugging purposes as well as to attempt to terminate the thread which caused the illegal access.
		at org.apache.catalina.loader.WebappClassLoaderBase.checkStateForResourceLoading(WebappClassLoaderBase.java:1500)
		at org.apache.catalina.loader.WebappClassLoaderBase.getResource(WebappClassLoaderBase.java:1067)
		at com.mysql.cj.jdbc.AbandonedConnectionCleanupThread.checkThreadContextClassLoader(AbandonedConnectionCleanupThread.java:116)
		at com.mysql.cj.jdbc.AbandonedConnectionCleanupThread.run(AbandonedConnectionCleanupThread.java:83)
		at java.base/java.util.concurrent.ThreadPoolExecutor.runWorker(ThreadPoolExecutor.java:1144)
		at java.base/java.util.concurrent.ThreadPoolExecutor$Worker.run(ThreadPoolExecutor.java:642)
		at java.base/java.lang.Thread.run(Thread.java:1583)
09-Oct-2026 14:51:16.061 INFO [mysql-cj-abandoned-connection-cleanup] org.apache.catalina.loader.WebappClassLoaderBase.checkStateForResourceLoading Illegal access: this web application instance has been stopped already. Could not load []. The following stack trace is thrown for debugging purposes as well as to attempt to terminate the thread which caused the illegal access.
	java.lang.IllegalStateException: Illegal access: this web application instance has been stopped already. Could not load []. The following stack trace is thrown for debugging purposes as well as to attempt to terminate the thread which caused the illegal access.
		at org.apache.catalina.loader.WebappClassLoaderBase.checkStateForResourceLoading(WebappClassLoaderBase.java:1500)
		at org.apache.catalina.loader.WebappClassLoaderBase.getResource(WebappClassLoaderBase.java:1067)
		at com.mysql.cj.jdbc.AbandonedConnectionCleanupThread.checkThreadContextClassLoader(AbandonedConnectionCleanupThread.java:116)
		at com.mysql.cj.jdbc.AbandonedConnectionCleanupThread.run(AbandonedConnectionCleanupThread.java:83)
		at java.base/java.util.concurrent.ThreadPoolExecutor.runWorker(ThreadPoolExecutor.java:1144)
		at java.base/java.util.concurrent.ThreadPoolExecutor$Worker.run(ThreadPoolExecutor.java:642)
		at java.base/java.lang.Thread.run(Thread.java:1583)
09-Oct-2026 14:51:16.061 INFO [mysql-cj-abandoned-connection-cleanup] org.apache.catalina.loader.WebappClassLoaderBase.checkStateForResourceLoading Illegal access: this web application instance has been stopped already. Could not load []. The following stack trace is thrown for debugging purposes as well as to attempt to terminate the thread which caused the illegal access.
	java.lang.IllegalStateException: Illegal access: this web application instance has been stopped already. Could not load []. The following stack trace is thrown for debugging purposes as well as to attempt to terminate the thread which caused the illegal access.
		at org.apache.catalina.loader.WebappClassLoaderBase.checkStateForResourceLoading(WebappClassLoaderBase.java:1500)
		at org.apache.catalina.loader.WebappClassLoaderBase.getResource(WebappClassLoaderBase.java:1067)
		at com.mysql.cj.jdbc.AbandonedConnectionCleanupThread.checkThreadContextClassLoader(AbandonedConnectionCleanupThread.java:116)
		at com.mysql.cj.jdbc.AbandonedConnectionCleanupThread.run(AbandonedConnectionCleanupThread.java:83)
		at java.base/java.util.concurrent.ThreadPoolExecutor.runWorker(ThreadPoolExecutor.java:1144)
		at java.base/java.util.concurrent.ThreadPoolExecutor$Worker.run(ThreadPoolExecutor.java:642)
		at java.base/java.lang.Thread.run(Thread.java:1583)
09-Oct-2026 14:51:16.061 INFO [mysql-cj-abandoned-connection-cleanup] org.apache.catalina.loader.WebappClassLoaderBase.checkStateForResourceLoading Illegal access: this web application instance has been stopped already. Could not load []. The following stack trace is thrown for debugging purposes as well as to attempt to terminate the thread which caused the illegal access.
	java.lang.IllegalStateException: Illegal access: this web application instance has been stopped already. Could not load []. The following stack trace is thrown for debugging purposes as well as to attempt to terminate the thread which caused the illegal access.
		at org.apache.catalina.loader.WebappClassLoaderBase.checkStateForResourceLoading(WebappClassLoaderBase.java:1500)
		at org.apache.catalina.loader.WebappClassLoaderBase.getResource(WebappClassLoaderBase.java:1067)
		at com.mysql.cj.jdbc.AbandonedConnectionCleanupThread.checkThreadContextClassLoader(AbandonedConnectionCleanupThread.java:116)
		at com.mysql.cj.jdbc.AbandonedConnectionCleanupThread.run(AbandonedConnectionCleanupThread.java:83)
		at java.base/java.util.concurrent.ThreadPoolExecutor.runWorker(ThreadPoolExecutor.java:1144)
		at java.base/java.util.concurrent.ThreadPoolExecutor$Worker.run(ThreadPoolExecutor.java:642)
		at java.base/java.lang.Thread.run(Thread.java:1583)
09-Oct-2026 14:51:16.061 INFO [mysql-cj-abandoned-connection-cleanup] org.apache.catalina.loader.WebappClassLoaderBase.checkStateForResourceLoading Illegal access: this web application instance has been stopped already. Could not load []. The following stack trace is thrown for debugging purposes as well as to attempt to terminate the thread which caused the illegal access.
	java.lang.IllegalStateException: Illegal access: this web application instance has been stopped already. Could not load []. The following stack trace is thrown for debugging purposes as well as to attempt to terminate the thread which caused the illegal access.
		at org.apache.catalina.loader.WebappClassLoaderBase.checkStateForResourceLoading(WebappClassLoaderBase.java:1500)
		at org.apache.catalina.loader.WebappClassLoaderBase.getResource(WebappClassLoaderBase.java:1067)
		at com.mysql.cj.jdbc.AbandonedConnectionCleanupThread.checkThreadContextClassLoader(AbandonedConnectionCleanupThread.java:116)
		at com.mysql.cj.jdbc.AbandonedConnectionCleanupThread.run(AbandonedConnectionCleanupThread.java:83)
		at java.base/java.util.concurrent.ThreadPoolExecutor.runWorker(ThreadPoolExecutor.java:1144)
		at java.base/java.util.concurrent.ThreadPoolExecutor$Worker.run(ThreadPoolExecutor.java:642)
		at java.base/java.lang.Thread.run(Thread.java:1583)
09-Oct-2026 14:51:16.062 INFO [mysql-cj-abandoned-connection-cleanup] org.apache.catalina.loader.WebappClassLoaderBase.checkStateForResourceLoading Illegal access: this web application instance has been stopped already. Could not load []. The following stack trace is thrown for debugging purposes as well as to attempt to terminate the thread which caused the illegal access.
	java.lang.IllegalStateException: Illegal access: this web application instance has been stopped already. Could not load []. The following stack trace is thrown for debugging purposes as well as to attempt to terminate the thread which caused the illegal access.
		at org.apache.catalina.loader.WebappClassLoaderBase.checkStateForResourceLoading(WebappClassLoaderBase.java:1500)
		at org.apache.catalina.loader.WebappClassLoaderBase.getResource(WebappClassLoaderBase.java:1067)
		at com.mysql.cj.jdbc.AbandonedConnectionCleanupThread.checkThreadContextClassLoader(AbandonedConnectionCleanupThread.java:116)
		at com.mysql.cj.jdbc.AbandonedConnectionCleanupThread.run(AbandonedConnectionCleanupThread.java:83)
		at java.base/java.util.concurrent.ThreadPoolExecutor.runWorker(ThreadPoolExecutor.java:1144)
		at java.base/java.util.concurrent.ThreadPoolExecutor$Worker.run(ThreadPoolExecutor.java:642)
		at java.base/java.lang.Thread.run(Thread.java:1583)
09-Oct-2026 14:51:16.062 INFO [mysql-cj-abandoned-connection-cleanup] org.apache.catalina.loader.WebappClassLoaderBase.checkStateForResourceLoading Illegal access: this web application instance has been stopped already. Could not load []. The following stack trace is thrown for debugging purposes as well as to attempt to terminate the thread which caused the illegal access.
	java.lang.IllegalStateException: Illegal access: this web application instance has been stopped already. Could not load []. The following stack trace is thrown for debugging purposes as well as to attempt to terminate the thread which caused the illegal access.
		at org.apache.catalina.loader.WebappClassLoaderBase.checkStateForResourceLoading(WebappClassLoaderBase.java:1500)
		at org.apache.catalina.loader.WebappClassLoaderBase.getResource(WebappClassLoaderBase.java:1067)
		at com.mysql.cj.jdbc.AbandonedConnectionCleanupThread.checkThreadContextClassLoader(AbandonedConnectionCleanupThread.java:116)
		at com.mysql.cj.jdbc.AbandonedConnectionCleanupThread.run(AbandonedConnectionCleanupThread.java:83)
		at java.base/java.util.concurrent.ThreadPoolExecutor.runWorker(ThreadPoolExecutor.java:1144)
		at java.base/java.util.concurrent.ThreadPoolExecutor$Worker.run(ThreadPoolExecutor.java:642)
		at java.base/java.lang.Thread.run(Thread.java:1583)
09-Oct-2026 14:51:16.062 INFO [mysql-cj-abandoned-connection-cleanup] org.apache.catalina.loader.WebappClassLoaderBase.checkStateForResourceLoading Illegal access: this web application instance has been stopped already. Could not load []. The following stack trace is thrown for debugging purposes as well as to attempt to terminate the thread which caused the illegal access.
	java.lang.IllegalStateException: Illegal access: this web application instance has been stopped already. Could not load []. The following stack trace is thrown for debugging purposes as well as to attempt to terminate the thread which caused the illegal access.
		at org.apache.catalina.loader.WebappClassLoaderBase.checkStateForResourceLoading(WebappClassLoaderBase.java:1500)
		at org.apache.catalina.loader.WebappClassLoaderBase.getResource(WebappClassLoaderBase.java:1067)
		at com.mysql.cj.jdbc.AbandonedConnectionCleanupThread.checkThreadContextClassLoader(AbandonedConnectionCleanupThread.java:116)
		at com.mysql.cj.jdbc.AbandonedConnectionCleanupThread.run(AbandonedConnectionCleanupThread.java:83)
		at java.base/java.util.concurrent.ThreadPoolExecutor.runWorker(ThreadPoolExecutor.java:1144)
		at java.base/java.util.concurrent.ThreadPoolExecutor$Worker.run(ThreadPoolExecutor.java:642)
		at java.base/java.lang.Thread.run(Thread.java:1583)
09-Oct-2026 14:51:16.062 INFO [mysql-cj-abandoned-connection-cleanup] org.apache.catalina.loader.WebappClassLoaderBase.checkStateForResourceLoading Illegal access: this web application instance has been stopped already. Could not load []. The following stack trace is thrown for debugging purposes as well as to attempt to terminate the thread which caused the illegal access.
	java.lang.IllegalStateException: Illegal access: this web application instance has been stopped already. Could not load []. The following stack trace is thrown for debugging purposes as well as to attempt to terminate the thread which caused the illegal access.
		at org.apache.catalina.loader.WebappClassLoaderBase.checkStateForResourceLoading(WebappClassLoaderBase.java:1500)
		at org.apache.catalina.loader.WebappClassLoaderBase.getResource(WebappClassLoaderBase.java:1067)
		at com.mysql.cj.jdbc.AbandonedConnectionCleanupThread.checkThreadContextClassLoader(AbandonedConnectionCleanupThread.java:116)
		at com.mysql.cj.jdbc.AbandonedConnectionCleanupThread.run(AbandonedConnectionCleanupThread.java:83)
		at java.base/java.util.concurrent.ThreadPoolExecutor.runWorker(ThreadPoolExecutor.java:1144)
		at java.base/java.util.concurrent.ThreadPoolExecutor$Worker.run(ThreadPoolExecutor.java:642)
		at java.base/java.lang.Thread.run(Thread.java:1583)
09-Oct-2026 14:51:16.063 INFO [mysql-cj-abandoned-connection-cleanup] org.apache.catalina.loader.WebappClassLoaderBase.checkStateForResourceLoading Illegal access: this web application instance has been stopped already. Could not load []. The following stack trace is thrown for debugging purposes as well as to attempt to terminate the thread which caused the illegal access.
	java.lang.IllegalStateException: Illegal access: this web application instance has been stopped already. Could not load []. The following stack trace is thrown for debugging purposes as well as to attempt to terminate the thread which caused the illegal access.
		at org.apache.catalina.loader.WebappClassLoaderBase.checkStateForResourceLoading(WebappClassLoaderBase.java:1500)
		at org.apache.catalina.loader.WebappClassLoaderBase.getResource(WebappClassLoaderBase.java:1067)
		at com.mysql.cj.jdbc.AbandonedConnectionCleanupThread.checkThreadContextClassLoader(AbandonedConnectionCleanupThread.java:116)
		at com.mysql.cj.jdbc.AbandonedConnectionCleanupThread.run(AbandonedConnectionCleanupThread.java:83)
		at java.base/java.util.concurrent.ThreadPoolExecutor.runWorker(ThreadPoolExecutor.java:1144)
		at java.base/java.util.concurrent.ThreadPoolExecutor$Worker.run(ThreadPoolExecutor.java:642)
		at java.base/java.lang.Thread.run(Thread.java:1583)
09-Oct-2026 14:51:16.063 INFO [mysql-cj-abandoned-connection-cleanup] org.apache.catalina.loader.WebappClassLoaderBase.checkStateForResourceLoading Illegal access: this web application instance has been stopped already. Could not load []. The following stack trace is thrown for debugging purposes as well as to attempt to terminate the thread which caused the illegal access.
	java.lang.IllegalStateException: Illegal access: this web application instance has been stopped already. Could not load []. The following stack trace is thrown for debugging purposes as well as to attempt to terminate the thread which caused the illegal access.
		at org.apache.catalina.loader.WebappClassLoaderBase.checkStateForResourceLoading(WebappClassLoaderBase.java:1500)
		at org.apache.catalina.loader.WebappClassLoaderBase.getResource(WebappClassLoaderBase.java:1067)
		at com.mysql.cj.jdbc.AbandonedConnectionCleanupThread.checkThreadContextClassLoader(AbandonedConnectionCleanupThread.java:116)
		at com.mysql.cj.jdbc.AbandonedConnectionCleanupThread.run(AbandonedConnectionCleanupThread.java:83)
		at java.base/java.util.concurrent.ThreadPoolExecutor.runWorker(ThreadPoolExecutor.java:1144)
		at java.base/java.util.concurrent.ThreadPoolExecutor$Worker.run(ThreadPoolExecutor.java:642)
		at java.base/java.lang.Thread.run(Thread.java:1583)
09-Oct-2026 14:51:16.063 INFO [mysql-cj-abandoned-connection-cleanup] org.apache.catalina.loader.WebappClassLoaderBase.checkStateForResourceLoading Illegal access: this web application instance has been stopped already. Could not load []. The following stack trace is thrown for debugging purposes as well as to attempt to terminate the thread which caused the illegal access.
	java.lang.IllegalStateException: Illegal access: this web application instance has been stopped already. Could not load []. The following stack trace is thrown for debugging purposes as well as to attempt to terminate the thread which caused the illegal access.
		at org.apache.catalina.loader.WebappClassLoaderBase.checkStateForResourceLoading(WebappClassLoaderBase.java:1500)
		at org.apache.catalina.loader.WebappClassLoaderBase.getResource(WebappClassLoaderBase.java:1067)
		at com.mysql.cj.jdbc.AbandonedConnectionCleanupThread.checkThreadContextClassLoader(AbandonedConnectionCleanupThread.java:116)
		at com.mysql.cj.jdbc.AbandonedConnectionCleanupThread.run(AbandonedConnectionCleanupThread.java:83)
		at java.base/java.util.concurrent.ThreadPoolExecutor.runWorker(ThreadPoolExecutor.java:1144)
		at java.base/java.util.concurrent.ThreadPoolExecutor$Worker.run(ThreadPoolExecutor.java:642)
		at java.base/java.lang.Thread.run(Thread.java:1583)
09-Oct-2026 14:51:16.063 INFO [mysql-cj-abandoned-connection-cleanup] org.apache.catalina.loader.WebappClassLoaderBase.checkStateForResourceLoading Illegal access: this web application instance has been stopped already. Could not load []. The following stack trace is thrown for debugging purposes as well as to attempt to terminate the thread which caused the illegal access.
	java.lang.IllegalStateException: Illegal access: this web application instance has been stopped already. Could not load []. The following stack trace is thrown for debugging purposes as well as to attempt to terminate the thread which caused the illegal access.
		at org.apache.catalina.loader.WebappClassLoaderBase.checkStateForResourceLoading(WebappClassLoaderBase.java:1500)
		at org.apache.catalina.loader.WebappClassLoaderBase.getResource(WebappClassLoaderBase.java:1067)
		at com.mysql.cj.jdbc.AbandonedConnectionCleanupThread.checkThreadContextClassLoader(AbandonedConnectionCleanupThread.java:116)
		at com.mysql.cj.jdbc.AbandonedConnectionCleanupThread.run(AbandonedConnectionCleanupThread.java:83)
		at java.base/java.util.concurrent.ThreadPoolExecutor.runWorker(ThreadPoolExecutor.java:1144)
		at java.base/java.util.concurrent.ThreadPoolExecutor$Worker.run(ThreadPoolExecutor.java:642)
		at java.base/java.lang.Thread.run(Thread.java:1583)
09-Oct-2026 14:51:16.064 INFO [mysql-cj-abandoned-connection-cleanup] org.apache.catalina.loader.WebappClassLoaderBase.checkStateForResourceLoading Illegal access: this web application instance has been stopped already. Could not load []. The following stack trace is thrown for debugging purposes as well as to attempt to terminate the thread which caused the illegal access.
	java.lang.IllegalStateException: Illegal access: this web application instance has been stopped already. Could not load []. The following stack trace is thrown for debugging purposes as well as to attempt to terminate the thread which caused the illegal access.
		at org.apache.catalina.loader.WebappClassLoaderBase.checkStateForResourceLoading(WebappClassLoaderBase.java:1500)
		at org.apache.catalina.loader.WebappClassLoaderBase.getResource(WebappClassLoaderBase.java:1067)
		at com.mysql.cj.jdbc.AbandonedConnectionCleanupThread.checkThreadContextClassLoader(AbandonedConnectionCleanupThread.java:116)
		at com.mysql.cj.jdbc.AbandonedConnectionCleanupThread.run(AbandonedConnectionCleanupThread.java:83)
		at java.base/java.util.concurrent.ThreadPoolExecutor.runWorker(ThreadPoolExecutor.java:1144)
		at java.base/java.util.concurrent.ThreadPoolExecutor$Worker.run(ThreadPoolExecutor.java:642)
		at java.base/java.lang.Thread.run(Thread.java:1583)
09-Oct-2026 14:51:16.064 INFO [mysql-cj-abandoned-connection-cleanup] org.apache.catalina.loader.WebappClassLoaderBase.checkStateForResourceLoading Illegal access: this web application instance has been stopped already. Could not load []. The following stack trace is thrown for debugging purposes as well as to attempt to terminate the thread which caused the illegal access.
	java.lang.IllegalStateException: Illegal access: this web application instance has been stopped already. Could not load []. The following stack trace is thrown for debugging purposes as well as to attempt to terminate the thread which caused the illegal access.
		at org.apache.catalina.loader.WebappClassLoaderBase.checkStateForResourceLoading(WebappClassLoaderBase.java:1500)
		at org.apache.catalina.loader.WebappClassLoaderBase.getResource(WebappClassLoaderBase.java:1067)
		at com.mysql.cj.jdbc.AbandonedConnectionCleanupThread.checkThreadContextClassLoader(AbandonedConnectionCleanupThread.java:116)
		at com.mysql.cj.jdbc.AbandonedConnectionCleanupThread.run(AbandonedConnectionCleanupThread.java:83)
		at java.base/java.util.concurrent.ThreadPoolExecutor.runWorker(ThreadPoolExecutor.java:1144)
		at java.base/java.util.concurrent.ThreadPoolExecutor$Worker.run(ThreadPoolExecutor.java:642)
		at java.base/java.lang.Thread.run(Thread.java:1583)
09-Oct-2026 14:51:16.064 INFO [mysql-cj-abandoned-connection-cleanup] org.apache.catalina.loader.WebappClassLoaderBase.checkStateForResourceLoading Illegal access: this web application instance has been stopped already. Could not load []. The following stack trace is thrown for debugging purposes as well as to attempt to terminate the thread which caused the illegal access.
	java.lang.IllegalStateException: Illegal access: this web application instance has been stopped already. Could not load []. The following stack trace is thrown for debugging purposes as well as to attempt to terminate the thread which caused the illegal access.
		at org.apache.catalina.loader.WebappClassLoaderBase.checkStateForResourceLoading(WebappClassLoaderBase.java:1500)
		at org.apache.catalina.loader.WebappClassLoaderBase.getResource(WebappClassLoaderBase.java:1067)
		at com.mysql.cj.jdbc.AbandonedConnectionCleanupThread.checkThreadContextClassLoader(AbandonedConnectionCleanupThread.java:116)
		at com.mysql.cj.jdbc.AbandonedConnectionCleanupThread.run(AbandonedConnectionCleanupThread.java:83)
		at java.base/java.util.concurrent.ThreadPoolExecutor.runWorker(ThreadPoolExecutor.java:1144)
		at java.base/java.util.concurrent.ThreadPoolExecutor$Worker.run(ThreadPoolExecutor.java:642)
		at java.base/java.lang.Thread.run(Thread.java:1583)
09-Oct-2026 14:51:16.064 INFO [mysql-cj-abandoned-connection-cleanup] org.apache.catalina.loader.WebappClassLoaderBase.checkStateForResourceLoading Illegal access: this web application instance has been stopped already. Could not load []. The following stack trace is thrown for debugging purposes as well as to attempt to terminate the thread which caused the illegal access.
	java.lang.IllegalStateException: Illegal access: this web application instance has been stopped already. Could not load []. The following stack trace is thrown for debugging purposes as well as to attempt to terminate the thread which caused the illegal access.
		at org.apache.catalina.loader.WebappClassLoaderBase.checkStateForResourceLoading(WebappClassLoaderBase.java:1500)
		at org.apache.catalina.loader.WebappClassLoaderBase.getResource(WebappClassLoaderBase.java:1067)
		at com.mysql.cj.jdbc.AbandonedConnectionCleanupThread.checkThreadContextClassLoader(AbandonedConnectionCleanupThread.java:116)
		at com.mysql.cj.jdbc.AbandonedConnectionCleanupThread.run(AbandonedConnectionCleanupThread.java:83)
		at java.base/java.util.concurrent.ThreadPoolExecutor.runWorker(ThreadPoolExecutor.java:1144)
		at java.base/java.util.concurrent.ThreadPoolExecutor$Worker.run(ThreadPoolExecutor.java:642)
		at java.base/java.lang.Thread.run(Thread.java:1583)
09-Oct-2026 14:51:16.064 INFO [mysql-cj-abandoned-connection-cleanup] org.apache.catalina.loader.WebappClassLoaderBase.checkStateForResourceLoading Illegal access: this web application instance has been stopped already. Could not load []. The following stack trace is thrown for debugging purposes as well as to attempt to terminate the thread which caused the illegal access.
	java.lang.IllegalStateException: Illegal access: this web application instance has been stopped already. Could not load []. The following stack trace is thrown for debugging purposes as well as to attempt to terminate the thread which caused the illegal access.
		at org.apache.catalina.loader.WebappClassLoaderBase.checkStateForResourceLoading(WebappClassLoaderBase.java:1500)
		at org.apache.catalina.loader.WebappClassLoaderBase.getResource(WebappClassLoaderBase.java:1067)
		at com.mysql.cj.jdbc.AbandonedConnectionCleanupThread.checkThreadContextClassLoader(AbandonedConnectionCleanupThread.java:116)
		at com.mysql.cj.jdbc.AbandonedConnectionCleanupThread.run(AbandonedConnectionCleanupThread.java:83)
		at java.base/java.util.concurrent.ThreadPoolExecutor.runWorker(ThreadPoolExecutor.java:1144)
		at java.base/java.util.concurrent.ThreadPoolExecutor$Worker.run(ThreadPoolExecutor.java:642)
		at java.base/java.lang.Thread.run(Thread.java:1583)
09-Oct-2026 14:51:16.064 INFO [mysql-cj-abandoned-connection-cleanup] org.apache.catalina.loader.WebappClassLoaderBase.checkStateForResourceLoading Illegal access: this web application instance has been stopped already. Could not load []. The following stack trace is thrown for debugging purposes as well as to attempt to terminate the thread which caused the illegal access.
	java.lang.IllegalStateException: Illegal access: this web application instance has been stopped already. Could not load []. The following stack trace is thrown for debugging purposes as well as to attempt to terminate the thread which caused the illegal access.
		at org.apache.catalina.loader.WebappClassLoaderBase.checkStateForResourceLoading(WebappClassLoaderBase.java:1500)
		at org.apache.catalina.loader.WebappClassLoaderBase.getResource(WebappClassLoaderBase.java:1067)
		at com.mysql.cj.jdbc.AbandonedConnectionCleanupThread.checkThreadContextClassLoader(AbandonedConnectionCleanupThread.java:116)
		at com.mysql.cj.jdbc.AbandonedConnectionCleanupThread.run(AbandonedConnectionCleanupThread.java:83)
		at java.base/java.util.concurrent.ThreadPoolExecutor.runWorker(ThreadPoolExecutor.java:1144)
		at java.base/java.util.concurrent.ThreadPoolExecutor$Worker.run(ThreadPoolExecutor.java:642)
		at java.base/java.lang.Thread.run(Thread.java:1583)
09-Oct-2026 14:51:16.065 INFO [mysql-cj-abandoned-connection-cleanup] org.apache.catalina.loader.WebappClassLoaderBase.checkStateForResourceLoading Illegal access: this web application instance has been stopped already. Could not load []. The following stack trace is thrown for debugging purposes as well as to attempt to terminate the thread which caused the illegal access.
	java.lang.IllegalStateException: Illegal access: this web application instance has been stopped already. Could not load []. The following stack trace is thrown for debugging purposes as well as to attempt to terminate the thread which caused the illegal access.
		at org.apache.catalina.loader.WebappClassLoaderBase.checkStateForResourceLoading(WebappClassLoaderBase.java:1500)
		at org.apache.catalina.loader.WebappClassLoaderBase.getResource(WebappClassLoaderBase.java:1067)
		at com.mysql.cj.jdbc.AbandonedConnectionCleanupThread.checkThreadContextClassLoader(AbandonedConnectionCleanupThread.java:116)
		at com.mysql.cj.jdbc.AbandonedConnectionCleanupThread.run(AbandonedConnectionCleanupThread.java:83)
		at java.base/java.util.concurrent.ThreadPoolExecutor.runWorker(ThreadPoolExecutor.java:1144)
		at java.base/java.util.concurrent.ThreadPoolExecutor$Worker.run(ThreadPoolExecutor.java:642)
		at java.base/java.lang.Thread.run(Thread.java:1583)
09-Oct-2026 14:51:16.065 INFO [mysql-cj-abandoned-connection-cleanup] org.apache.catalina.loader.WebappClassLoaderBase.checkStateForResourceLoading Illegal access: this web application instance has been stopped already. Could not load []. The following stack trace is thrown for debugging purposes as well as to attempt to terminate the thread which caused the illegal access.
	java.lang.IllegalStateException: Illegal access: this web application instance has been stopped already. Could not load []. The following stack trace is thrown for debugging purposes as well as to attempt to terminate the thread which caused the illegal access.
		at org.apache.catalina.loader.WebappClassLoaderBase.checkStateForResourceLoading(WebappClassLoaderBase.java:1500)
		at org.apache.catalina.loader.WebappClassLoaderBase.getResource(WebappClassLoaderBase.java:1067)
		at com.mysql.cj.jdbc.AbandonedConnectionCleanupThread.checkThreadContextClassLoader(AbandonedConnectionCleanupThread.java:116)
		at com.mysql.cj.jdbc.AbandonedConnectionCleanupThread.run(AbandonedConnectionCleanupThread.java:83)
		at java.base/java.util.concurrent.ThreadPoolExecutor.runWorker(ThreadPoolExecutor.java:1144)
		at java.base/java.util.concurrent.ThreadPoolExecutor$Worker.run(ThreadPoolExecutor.java:642)
		at java.base/java.lang.Thread.run(Thread.java:1583)
09-Oct-2026 14:51:16.065 INFO [mysql-cj-abandoned-connection-cleanup] org.apache.catalina.loader.WebappClassLoaderBase.checkStateForResourceLoading Illegal access: this web application instance has been stopped already. Could not load []. The following stack trace is thrown for debugging purposes as well as to attempt to terminate the thread which caused the illegal access.
	java.lang.IllegalStateException: Illegal access: this web application instance has been stopped already. Could not load []. The following stack trace is thrown for debugging purposes as well as to attempt to terminate the thread which caused the illegal access.
		at org.apache.catalina.loader.WebappClassLoaderBase.checkStateForResourceLoading(WebappClassLoaderBase.java:1500)
		at org.apache.catalina.loader.WebappClassLoaderBase.getResource(WebappClassLoaderBase.java:1067)
		at com.mysql.cj.jdbc.AbandonedConnectionCleanupThread.checkThreadContextClassLoader(AbandonedConnectionCleanupThread.java:116)
		at com.mysql.cj.jdbc.AbandonedConnectionCleanupThread.run(AbandonedConnectionCleanupThread.java:83)
		at java.base/java.util.concurrent.ThreadPoolExecutor.runWorker(ThreadPoolExecutor.java:1144)
		at java.base/java.util.concurrent.ThreadPoolExecutor$Worker.run(ThreadPoolExecutor.java:642)
		at java.base/java.lang.Thread.run(Thread.java:1583)
09-Oct-2026 14:51:16.066 INFO [mysql-cj-abandoned-connection-cleanup] org.apache.catalina.loader.WebappClassLoaderBase.checkStateForResourceLoading Illegal access: this web application instance has been stopped already. Could not load []. The following stack trace is thrown for debugging purposes as well as to attempt to terminate the thread which caused the illegal access.
	java.lang.IllegalStateException: Illegal access: this web application instance has been stopped already. Could not load []. The following stack trace is thrown for debugging purposes as well as to attempt to terminate the thread which caused the illegal access.
		at org.apache.catalina.loader.WebappClassLoaderBase.checkStateForResourceLoading(WebappClassLoaderBase.java:1500)
		at org.apache.catalina.loader.WebappClassLoaderBase.getResource(WebappClassLoaderBase.java:1067)
		at com.mysql.cj.jdbc.AbandonedConnectionCleanupThread.checkThreadContextClassLoader(AbandonedConnectionCleanupThread.java:116)
		at com.mysql.cj.jdbc.AbandonedConnectionCleanupThread.run(AbandonedConnectionCleanupThread.java:83)
		at java.base/java.util.concurrent.ThreadPoolExecutor.runWorker(ThreadPoolExecutor.java:1144)
		at java.base/java.util.concurrent.ThreadPoolExecutor$Worker.run(ThreadPoolExecutor.java:642)
		at java.base/java.lang.Thread.run(Thread.java:1583)
09-Oct-2026 14:51:16.066 INFO [mysql-cj-abandoned-connection-cleanup] org.apache.catalina.loader.WebappClassLoaderBase.checkStateForResourceLoading Illegal access: this web application instance has been stopped already. Could not load []. The following stack trace is thrown for debugging purposes as well as to attempt to terminate the thread which caused the illegal access.
	java.lang.IllegalStateException: Illegal access: this web application instance has been stopped already. Could not load []. The following stack trace is thrown for debugging purposes as well as to attempt to terminate the thread which caused the illegal access.
		at org.apache.catalina.loader.WebappClassLoaderBase.checkStateForResourceLoading(WebappClassLoaderBase.java:1500)
		at org.apache.catalina.loader.WebappClassLoaderBase.getResource(WebappClassLoaderBase.java:1067)
		at com.mysql.cj.jdbc.AbandonedConnectionCleanupThread.checkThreadContextClassLoader(AbandonedConnectionCleanupThread.java:116)
		at com.mysql.cj.jdbc.AbandonedConnectionCleanupThread.run(AbandonedConnectionCleanupThread.java:83)
		at java.base/java.util.concurrent.ThreadPoolExecutor.runWorker(ThreadPoolExecutor.java:1144)
		at java.base/java.util.concurrent.ThreadPoolExecutor$Worker.run(ThreadPoolExecutor.java:642)
		at java.base/java.lang.Thread.run(Thread.java:1583)
09-Oct-2026 14:51:16.066 INFO [mysql-cj-abandoned-connection-cleanup] org.apache.catalina.loader.WebappClassLoaderBase.checkStateForResourceLoading Illegal access: this web application instance has been stopped already. Could not load []. The following stack trace is thrown for debugging purposes as well as to attempt to terminate the thread which caused the illegal access.
	java.lang.IllegalStateException: Illegal access: this web application instance has been stopped already. Could not load []. The following stack trace is thrown for debugging purposes as well as to attempt to terminate the thread which caused the illegal access.
		at org.apache.catalina.loader.WebappClassLoaderBase.checkStateForResourceLoading(WebappClassLoaderBase.java:1500)
		at org.apache.catalina.loader.WebappClassLoaderBase.getResource(WebappClassLoaderBase.java:1067)
		at com.mysql.cj.jdbc.AbandonedConnectionCleanupThread.checkThreadContextClassLoader(AbandonedConnectionCleanupThread.java:116)
		at com.mysql.cj.jdbc.AbandonedConnectionCleanupThread.run(AbandonedConnectionCleanupThread.java:83)
		at java.base/java.util.concurrent.ThreadPoolExecutor.runWorker(ThreadPoolExecutor.java:1144)
		at java.base/java.util.concurrent.ThreadPoolExecutor$Worker.run(ThreadPoolExecutor.java:642)
		at java.base/java.lang.Thread.run(Thread.java:1583)
09-Oct-2026 14:51:16.066 INFO [mysql-cj-abandoned-connection-cleanup] org.apache.catalina.loader.WebappClassLoaderBase.checkStateForResourceLoading Illegal access: this web application instance has been stopped already. Could not load []. The following stack trace is thrown for debugging purposes as well as to attempt to terminate the thread which caused the illegal access.
	java.lang.IllegalStateException: Illegal access: this web application instance has been stopped already. Could not load []. The following stack trace is thrown for debugging purposes as well as to attempt to terminate the thread which caused the illegal access.
		at org.apache.catalina.loader.WebappClassLoaderBase.checkStateForResourceLoading(WebappClassLoaderBase.java:1500)
		at org.apache.catalina.loader.WebappClassLoaderBase.getResource(WebappClassLoaderBase.java:1067)
		at com.mysql.cj.jdbc.AbandonedConnectionCleanupThread.checkThreadContextClassLoader(AbandonedConnectionCleanupThread.java:116)
		at com.mysql.cj.jdbc.AbandonedConnectionCleanupThread.run(AbandonedConnectionCleanupThread.java:83)
		at java.base/java.util.concurrent.ThreadPoolExecutor.runWorker(ThreadPoolExecutor.java:1144)
		at java.base/java.util.concurrent.ThreadPoolExecutor$Worker.run(ThreadPoolExecutor.java:642)
		at java.base/java.lang.Thread.run(Thread.java:1583)
09-Oct-2026 14:51:16.066 INFO [mysql-cj-abandoned-connection-cleanup] org.apache.catalina.loader.WebappClassLoaderBase.checkStateForResourceLoading Illegal access: this web application instance has been stopped already. Could not load []. The following stack trace is thrown for debugging purposes as well as to attempt to terminate the thread which caused the illegal access.
	java.lang.IllegalStateException: Illegal access: this web application instance has been stopped already. Could not load []. The following stack trace is thrown for debugging purposes as well as to attempt to terminate the thread which caused the illegal access.
		at org.apache.catalina.loader.WebappClassLoaderBase.checkStateForResourceLoading(WebappClassLoaderBase.java:1500)
		at org.apache.catalina.loader.WebappClassLoaderBase.getResource(WebappClassLoaderBase.java:1067)
		at com.mysql.cj.jdbc.AbandonedConnectionCleanupThread.checkThreadContextClassLoader(AbandonedConnectionCleanupThread.java:116)
		at com.mysql.cj.jdbc.AbandonedConnectionCleanupThread.run(AbandonedConnectionCleanupThread.java:83)
		at java.base/java.util.concurrent.ThreadPoolExecutor.runWorker(ThreadPoolExecutor.java:1144)
		at java.base/java.util.concurrent.ThreadPoolExecutor$Worker.run(ThreadPoolExecutor.java:642)
		at java.base/java.lang.Thread.run(Thread.java:1583)
09-Oct-2026 14:51:16.066 INFO [mysql-cj-abandoned-connection-cleanup] org.apache.catalina.loader.WebappClassLoaderBase.checkStateForResourceLoading Illegal access: this web application instance has been stopped already. Could not load []. The following stack trace is thrown for debugging purposes as well as to attempt to terminate the thread which caused the illegal access.
	java.lang.IllegalStateException: Illegal access: this web application instance has been stopped already. Could not load []. The following stack trace is thrown for debugging purposes as well as to attempt to terminate the thread which caused the illegal access.
		at org.apache.catalina.loader.WebappClassLoaderBase.checkStateForResourceLoading(WebappClassLoaderBase.java:1500)
		at org.apache.catalina.loader.WebappClassLoaderBase.getResource(WebappClassLoaderBase.java:1067)
		at com.mysql.cj.jdbc.AbandonedConnectionCleanupThread.checkThreadContextClassLoader(AbandonedConnectionCleanupThread.java:116)
		at com.mysql.cj.jdbc.AbandonedConnectionCleanupThread.run(AbandonedConnectionCleanupThread.java:83)
		at java.base/java.util.concurrent.ThreadPoolExecutor.runWorker(ThreadPoolExecutor.java:1144)
		at java.base/java.util.concurrent.ThreadPoolExecutor$Worker.run(ThreadPoolExecutor.java:642)
		at java.base/java.lang.Thread.run(Thread.java:1583)
09-Oct-2026 14:51:16.067 INFO [mysql-cj-abandoned-connection-cleanup] org.apache.catalina.loader.WebappClassLoaderBase.checkStateForResourceLoading Illegal access: this web application instance has been stopped already. Could not load []. The following stack trace is thrown for debugging purposes as well as to attempt to terminate the thread which caused the illegal access.
	java.lang.IllegalStateException: Illegal access: this web application instance has been stopped already. Could not load []. The following stack trace is thrown for debugging purposes as well as to attempt to terminate the thread which caused the illegal access.
		at org.apache.catalina.loader.WebappClassLoaderBase.checkStateForResourceLoading(WebappClassLoaderBase.java:1500)
		at org.apache.catalina.loader.WebappClassLoaderBase.getResource(WebappClassLoaderBase.java:1067)
		at com.mysql.cj.jdbc.AbandonedConnectionCleanupThread.checkThreadContextClassLoader(AbandonedConnectionCleanupThread.java:116)
		at com.mysql.cj.jdbc.AbandonedConnectionCleanupThread.run(AbandonedConnectionCleanupThread.java:83)
		at java.base/java.util.concurrent.ThreadPoolExecutor.runWorker(ThreadPoolExecutor.java:1144)
		at java.base/java.util.concurrent.ThreadPoolExecutor$Worker.run(ThreadPoolExecutor.java:642)
		at java.base/java.lang.Thread.run(Thread.java:1583)
09-Oct-2026 14:51:16.067 INFO [mysql-cj-abandoned-connection-cleanup] org.apache.catalina.loader.WebappClassLoaderBase.checkStateForResourceLoading Illegal access: this web application instance has been stopped already. Could not load []. The following stack trace is thrown for debugging purposes as well as to attempt to terminate the thread which caused the illegal access.
	java.lang.IllegalStateException: Illegal access: this web application instance has been stopped already. Could not load []. The following stack trace is thrown for debugging purposes as well as to attempt to terminate the thread which caused the illegal access.
		at org.apache.catalina.loader.WebappClassLoaderBase.checkStateForResourceLoading(WebappClassLoaderBase.java:1500)
		at org.apache.catalina.loader.WebappClassLoaderBase.getResource(WebappClassLoaderBase.java:1067)
		at com.mysql.cj.jdbc.AbandonedConnectionCleanupThread.checkThreadContextClassLoader(AbandonedConnectionCleanupThread.java:116)
		at com.mysql.cj.jdbc.AbandonedConnectionCleanupThread.run(AbandonedConnectionCleanupThread.java:83)
		at java.base/java.util.concurrent.ThreadPoolExecutor.runWorker(ThreadPoolExecutor.java:1144)
		at java.base/java.util.concurrent.ThreadPoolExecutor$Worker.run(ThreadPoolExecutor.java:642)
		at java.base/java.lang.Thread.run(Thread.java:1583)
09-Oct-2026 14:51:16.067 INFO [mysql-cj-abandoned-connection-cleanup] org.apache.catalina.loader.WebappClassLoaderBase.checkStateForResourceLoading Illegal access: this web application instance has been stopped already. Could not load []. The following stack trace is thrown for debugging purposes as well as to attempt to terminate the thread which caused the illegal access.
	java.lang.IllegalStateException: Illegal access: this web application instance has been stopped already. Could not load []. The following stack trace is thrown for debugging purposes as well as to attempt to terminate the thread which caused the illegal access.
		at org.apache.catalina.loader.WebappClassLoaderBase.checkStateForResourceLoading(WebappClassLoaderBase.java:1500)
		at org.apache.catalina.loader.WebappClassLoaderBase.getResource(WebappClassLoaderBase.java:1067)
		at com.mysql.cj.jdbc.AbandonedConnectionCleanupThread.checkThreadContextClassLoader(AbandonedConnectionCleanupThread.java:116)
		at com.mysql.cj.jdbc.AbandonedConnectionCleanupThread.run(AbandonedConnectionCleanupThread.java:83)
		at java.base/java.util.concurrent.ThreadPoolExecutor.runWorker(ThreadPoolExecutor.java:1144)
		at java.base/java.util.concurrent.ThreadPoolExecutor$Worker.run(ThreadPoolExecutor.java:642)
		at java.base/java.lang.Thread.run(Thread.java:1583)
09-Oct-2026 14:51:16.067 INFO [mysql-cj-abandoned-connection-cleanup] org.apache.catalina.loader.WebappClassLoaderBase.checkStateForResourceLoading Illegal access: this web application instance has been stopped already. Could not load []. The following stack trace is thrown for debugging purposes as well as to attempt to terminate the thread which caused the illegal access.
	java.lang.IllegalStateException: Illegal access: this web application instance has been stopped already. Could not load []. The following stack trace is thrown for debugging purposes as well as to attempt to terminate the thread which caused the illegal access.
		at org.apache.catalina.loader.WebappClassLoaderBase.checkStateForResourceLoading(WebappClassLoaderBase.java:1500)
		at org.apache.catalina.loader.WebappClassLoaderBase.getResource(WebappClassLoaderBase.java:1067)
		at com.mysql.cj.jdbc.AbandonedConnectionCleanupThread.checkThreadContextClassLoader(AbandonedConnectionCleanupThread.java:116)
		at com.mysql.cj.jdbc.AbandonedConnectionCleanupThread.run(AbandonedConnectionCleanupThread.java:83)
		at java.base/java.util.concurrent.ThreadPoolExecutor.runWorker(ThreadPoolExecutor.java:1144)
		at java.base/java.util.concurrent.ThreadPoolExecutor$Worker.run(ThreadPoolExecutor.java:642)
		at java.base/java.lang.Thread.run(Thread.java:1583)
09-Oct-2026 14:51:16.067 INFO [mysql-cj-abandoned-connection-cleanup] org.apache.catalina.loader.WebappClassLoaderBase.checkStateForResourceLoading Illegal access: this web application instance has been stopped already. Could not load []. The following stack trace is thrown for debugging purposes as well as to attempt to terminate the thread which caused the illegal access.
	java.lang.IllegalStateException: Illegal access: this web application instance has been stopped already. Could not load []. The following stack trace is thrown for debugging purposes as well as to attempt to terminate the thread which caused the illegal access.
		at org.apache.catalina.loader.WebappClassLoaderBase.checkStateForResourceLoading(WebappClassLoaderBase.java:1500)
		at org.apache.catalina.loader.WebappClassLoaderBase.getResource(WebappClassLoaderBase.java:1067)
		at com.mysql.cj.jdbc.AbandonedConnectionCleanupThread.checkThreadContextClassLoader(AbandonedConnectionCleanupThread.java:116)
		at com.mysql.cj.jdbc.AbandonedConnectionCleanupThread.run(AbandonedConnectionCleanupThread.java:83)
		at java.base/java.util.concurrent.ThreadPoolExecutor.runWorker(ThreadPoolExecutor.java:1144)
		at java.base/java.util.concurrent.ThreadPoolExecutor$Worker.run(ThreadPoolExecutor.java:642)
		at java.base/java.lang.Thread.run(Thread.java:1583)
09-Oct-2026 14:51:16.067 INFO [mysql-cj-abandoned-connection-cleanup] org.apache.catalina.loader.WebappClassLoaderBase.checkStateForResourceLoading Illegal access: this web application instance has been stopped already. Could not load []. The following stack trace is thrown for debugging purposes as well as to attempt to terminate the thread which caused the illegal access.
	java.lang.IllegalStateException: Illegal access: this web application instance has been stopped already. Could not load []. The following stack trace is thrown for debugging purposes as well as to attempt to terminate the thread which caused the illegal access.
		at org.apache.catalina.loader.WebappClassLoaderBase.checkStateForResourceLoading(WebappClassLoaderBase.java:1500)
		at org.apache.catalina.loader.WebappClassLoaderBase.getResource(WebappClassLoaderBase.java:1067)
		at com.mysql.cj.jdbc.AbandonedConnectionCleanupThread.checkThreadContextClassLoader(AbandonedConnectionCleanupThread.java:116)
		at com.mysql.cj.jdbc.AbandonedConnectionCleanupThread.run(AbandonedConnectionCleanupThread.java:83)
		at java.base/java.util.concurrent.ThreadPoolExecutor.runWorker(ThreadPoolExecutor.java:1144)
		at java.base/java.util.concurrent.ThreadPoolExecutor$Worker.run(ThreadPoolExecutor.java:642)
		at java.base/java.lang.Thread.run(Thread.java:1583)
09-Oct-2026 14:51:16.068 INFO [mysql-cj-abandoned-connection-cleanup] org.apache.catalina.loader.WebappClassLoaderBase.checkStateForResourceLoading Illegal access: this web application instance has been stopped already. Could not load []. The following stack trace is thrown for debugging purposes as well as to attempt to terminate the thread which caused the illegal access.
	java.lang.IllegalStateException: Illegal access: this web application instance has been stopped already. Could not load []. The following stack trace is thrown for debugging purposes as well as to attempt to terminate the thread which caused the illegal access.
		at org.apache.catalina.loader.WebappClassLoaderBase.checkStateForResourceLoading(WebappClassLoaderBase.java:1500)
		at org.apache.catalina.loader.WebappClassLoaderBase.getResource(WebappClassLoaderBase.java:1067)
		at com.mysql.cj.jdbc.AbandonedConnectionCleanupThread.checkThreadContextClassLoader(AbandonedConnectionCleanupThread.java:116)
		at com.mysql.cj.jdbc.AbandonedConnectionCleanupThread.run(AbandonedConnectionCleanupThread.java:83)
		at java.base/java.util.concurrent.ThreadPoolExecutor.runWorker(ThreadPoolExecutor.java:1144)
		at java.base/java.util.concurrent.ThreadPoolExecutor$Worker.run(ThreadPoolExecutor.java:642)
		at java.base/java.lang.Thread.run(Thread.java:1583)
09-Oct-2026 14:51:16.068 INFO [mysql-cj-abandoned-connection-cleanup] org.apache.catalina.loader.WebappClassLoaderBase.checkStateForResourceLoading Illegal access: this web application instance has been stopped already. Could not load []. The following stack trace is thrown for debugging purposes as well as to attempt to terminate the thread which caused the illegal access.
	java.lang.IllegalStateException: Illegal access: this web application instance has been stopped already. Could not load []. The following stack trace is thrown for debugging purposes as well as to attempt to terminate the thread which caused the illegal access.
		at org.apache.catalina.loader.WebappClassLoaderBase.checkStateForResourceLoading(WebappClassLoaderBase.java:1500)
		at org.apache.catalina.loader.WebappClassLoaderBase.getResource(WebappClassLoaderBase.java:1067)
		at com.mysql.cj.jdbc.AbandonedConnectionCleanupThread.checkThreadContextClassLoader(AbandonedConnectionCleanupThread.java:116)
		at com.mysql.cj.jdbc.AbandonedConnectionCleanupThread.run(AbandonedConnectionCleanupThread.java:83)
		at java.base/java.util.concurrent.ThreadPoolExecutor.runWorker(ThreadPoolExecutor.java:1144)
		at java.base/java.util.concurrent.ThreadPoolExecutor$Worker.run(ThreadPoolExecutor.java:642)
		at java.base/java.lang.Thread.run(Thread.java:1583)
09-Oct-2026 14:51:16.068 INFO [mysql-cj-abandoned-connection-cleanup] org.apache.catalina.loader.WebappClassLoaderBase.checkStateForResourceLoading Illegal access: this web application instance has been stopped already. Could not load []. The following stack trace is thrown for debugging purposes as well as to attempt to terminate the thread which caused the illegal access.
	java.lang.IllegalStateException: Illegal access: this web application instance has been stopped already. Could not load []. The following stack trace is thrown for debugging purposes as well as to attempt to terminate the thread which caused the illegal access.
		at org.apache.catalina.loader.WebappClassLoaderBase.checkStateForResourceLoading(WebappClassLoaderBase.java:1500)
		at org.apache.catalina.loader.WebappClassLoaderBase.getResource(WebappClassLoaderBase.java:1067)
		at com.mysql.cj.jdbc.AbandonedConnectionCleanupThread.checkThreadContextClassLoader(AbandonedConnectionCleanupThread.java:116)
		at com.mysql.cj.jdbc.AbandonedConnectionCleanupThread.run(AbandonedConnectionCleanupThread.java:83)
		at java.base/java.util.concurrent.ThreadPoolExecutor.runWorker(ThreadPoolExecutor.java:1144)
		at java.base/java.util.concurrent.ThreadPoolExecutor$Worker.run(ThreadPoolExecutor.java:642)
		at java.base/java.lang.Thread.run(Thread.java:1583)
09-Oct-2026 14:51:16.068 INFO [mysql-cj-abandoned-connection-cleanup] org.apache.catalina.loader.WebappClassLoaderBase.checkStateForResourceLoading Illegal access: this web application instance has been stopped already. Could not load []. The following stack trace is thrown for debugging purposes as well as to attempt to terminate the thread which caused the illegal access.
	java.lang.IllegalStateException: Illegal access: this web application instance has been stopped already. Could not load []. The following stack trace is thrown for debugging purposes as well as to attempt to terminate the thread which caused the illegal access.
		at org.apache.catalina.loader.WebappClassLoaderBase.checkStateForResourceLoading(WebappClassLoaderBase.java:1500)
		at org.apache.catalina.loader.WebappClassLoaderBase.getResource(WebappClassLoaderBase.java:1067)
		at com.mysql.cj.jdbc.AbandonedConnectionCleanupThread.checkThreadContextClassLoader(AbandonedConnectionCleanupThread.java:116)
		at com.mysql.cj.jdbc.AbandonedConnectionCleanupThread.run(AbandonedConnectionCleanupThread.java:83)
		at java.base/java.util.concurrent.ThreadPoolExecutor.runWorker(ThreadPoolExecutor.java:1144)
		at java.base/java.util.concurrent.ThreadPoolExecutor$Worker.run(ThreadPoolExecutor.java:642)
		at java.base/java.lang.Thread.run(Thread.java:1583)
09-Oct-2026 14:51:16.068 INFO [mysql-cj-abandoned-connection-cleanup] org.apache.catalina.loader.WebappClassLoaderBase.checkStateForResourceLoading Illegal access: this web application instance has been stopped already. Could not load []. The following stack trace is thrown for debugging purposes as well as to attempt to terminate the thread which caused the illegal access.
	java.lang.IllegalStateException: Illegal access: this web application instance has been stopped already. Could not load []. The following stack trace is thrown for debugging purposes as well as to attempt to terminate the thread which caused the illegal access.
		at org.apache.catalina.loader.WebappClassLoaderBase.checkStateForResourceLoading(WebappClassLoaderBase.java:1500)
		at org.apache.catalina.loader.WebappClassLoaderBase.getResource(WebappClassLoaderBase.java:1067)
		at com.mysql.cj.jdbc.AbandonedConnectionCleanupThread.checkThreadContextClassLoader(AbandonedConnectionCleanupThread.java:116)
		at com.mysql.cj.jdbc.AbandonedConnectionCleanupThread.run(AbandonedConnectionCleanupThread.java:83)
		at java.base/java.util.concurrent.ThreadPoolExecutor.runWorker(ThreadPoolExecutor.java:1144)
		at java.base/java.util.concurrent.ThreadPoolExecutor$Worker.run(ThreadPoolExecutor.java:642)
		at java.base/java.lang.Thread.run(Thread.java:1583)
09-Oct-2026 14:51:16.069 INFO [mysql-cj-abandoned-connection-cleanup] org.apache.catalina.loader.WebappClassLoaderBase.checkStateForResourceLoading Illegal access: this web application instance has been stopped already. Could not load []. The following stack trace is thrown for debugging purposes as well as to attempt to terminate the thread which caused the illegal access.
	java.lang.IllegalStateException: Illegal access: this web application instance has been stopped already. Could not load []. The following stack trace is thrown for debugging purposes as well as to attempt to terminate the thread which caused the illegal access.
		at org.apache.catalina.loader.WebappClassLoaderBase.checkStateForResourceLoading(WebappClassLoaderBase.java:1500)
		at org.apache.catalina.loader.WebappClassLoaderBase.getResource(WebappClassLoaderBase.java:1067)
		at com.mysql.cj.jdbc.AbandonedConnectionCleanupThread.checkThreadContextClassLoader(AbandonedConnectionCleanupThread.java:116)
		at com.mysql.cj.jdbc.AbandonedConnectionCleanupThread.run(AbandonedConnectionCleanupThread.java:83)
		at java.base/java.util.concurrent.ThreadPoolExecutor.runWorker(ThreadPoolExecutor.java:1144)
		at java.base/java.util.concurrent.ThreadPoolExecutor$Worker.run(ThreadPoolExecutor.java:642)
		at java.base/java.lang.Thread.run(Thread.java:1583)
09-Oct-2026 14:51:16.069 INFO [mysql-cj-abandoned-connection-cleanup] org.apache.catalina.loader.WebappClassLoaderBase.checkStateForResourceLoading Illegal access: this web application instance has been stopped already. Could not load []. The following stack trace is thrown for debugging purposes as well as to attempt to terminate the thread which caused the illegal access.
	java.lang.IllegalStateException: Illegal access: this web application instance has been stopped already. Could not load []. The following stack trace is thrown for debugging purposes as well as to attempt to terminate the thread which caused the illegal access.
		at org.apache.catalina.loader.WebappClassLoaderBase.checkStateForResourceLoading(WebappClassLoaderBase.java:1500)
		at org.apache.catalina.loader.WebappClassLoaderBase.getResource(WebappClassLoaderBase.java:1067)
		at com.mysql.cj.jdbc.AbandonedConnectionCleanupThread.checkThreadContextClassLoader(AbandonedConnectionCleanupThread.java:116)
		at com.mysql.cj.jdbc.AbandonedConnectionCleanupThread.run(AbandonedConnectionCleanupThread.java:83)
		at java.base/java.util.concurrent.ThreadPoolExecutor.runWorker(ThreadPoolExecutor.java:1144)
		at java.base/java.util.concurrent.ThreadPoolExecutor$Worker.run(ThreadPoolExecutor.java:642)
		at java.base/java.lang.Thread.run(Thread.java:1583)
09-Oct-2026 14:51:16.069 INFO [mysql-cj-abandoned-connection-cleanup] org.apache.catalina.loader.WebappClassLoaderBase.checkStateForResourceLoading Illegal access: this web application instance has been stopped already. Could not load []. The following stack trace is thrown for debugging purposes as well as to attempt to terminate the thread which caused the illegal access.
	java.lang.IllegalStateException: Illegal access: this web application instance has been stopped already. Could not load []. The following stack trace is thrown for debugging purposes as well as to attempt to terminate the thread which caused the illegal access.
		at org.apache.catalina.loader.WebappClassLoaderBase.checkStateForResourceLoading(WebappClassLoaderBase.java:1500)
		at org.apache.catalina.loader.WebappClassLoaderBase.getResource(WebappClassLoaderBase.java:1067)
		at com.mysql.cj.jdbc.AbandonedConnectionCleanupThread.checkThreadContextClassLoader(AbandonedConnectionCleanupThread.java:116)
		at com.mysql.cj.jdbc.AbandonedConnectionCleanupThread.run(AbandonedConnectionCleanupThread.java:83)
		at java.base/java.util.concurrent.ThreadPoolExecutor.runWorker(ThreadPoolExecutor.java:1144)
		at java.base/java.util.concurrent.ThreadPoolExecutor$Worker.run(ThreadPoolExecutor.java:642)
		at java.base/java.lang.Thread.run(Thread.java:1583)
09-Oct-2026 14:51:16.069 INFO [mysql-cj-abandoned-connection-cleanup] org.apache.catalina.loader.WebappClassLoaderBase.checkStateForResourceLoading Illegal access: this web application instance has been stopped already. Could not load []. The following stack trace is thrown for debugging purposes as well as to attempt to terminate the thread which caused the illegal access.
	java.lang.IllegalStateException: Illegal access: this web application instance has been stopped already. Could not load []. The following stack trace is thrown for debugging purposes as well as to attempt to terminate the thread which caused the illegal access.
		at org.apache.catalina.loader.WebappClassLoaderBase.checkStateForResourceLoading(WebappClassLoaderBase.java:1500)
		at org.apache.catalina.loader.WebappClassLoaderBase.getResource(WebappClassLoaderBase.java:1067)
		at com.mysql.cj.jdbc.AbandonedConnectionCleanupThread.checkThreadContextClassLoader(AbandonedConnectionCleanupThread.java:116)
		at com.mysql.cj.jdbc.AbandonedConnectionCleanupThread.run(AbandonedConnectionCleanupThread.java:83)
		at java.base/java.util.concurrent.ThreadPoolExecutor.runWorker(ThreadPoolExecutor.java:1144)
		at java.base/java.util.concurrent.ThreadPoolExecutor$Worker.run(ThreadPoolExecutor.java:642)
		at java.base/java.lang.Thread.run(Thread.java:1583)
09-Oct-2026 14:51:16.069 INFO [mysql-cj-abandoned-connection-cleanup] org.apache.catalina.loader.WebappClassLoaderBase.checkStateForResourceLoading Illegal access: this web application instance has been stopped already. Could not load []. The following stack trace is thrown for debugging purposes as well as to attempt to terminate the thread which caused the illegal access.
	java.lang.IllegalStateException: Illegal access: this web application instance has been stopped already. Could not load []. The following stack trace is thrown for debugging purposes as well as to attempt to terminate the thread which caused the illegal access.
		at org.apache.catalina.loader.WebappClassLoaderBase.checkStateForResourceLoading(WebappClassLoaderBase.java:1500)
		at org.apache.catalina.loader.WebappClassLoaderBase.getResource(WebappClassLoaderBase.java:1067)
		at com.mysql.cj.jdbc.AbandonedConnectionCleanupThread.checkThreadContextClassLoader(AbandonedConnectionCleanupThread.java:116)
		at com.mysql.cj.jdbc.AbandonedConnectionCleanupThread.run(AbandonedConnectionCleanupThread.java:83)
		at java.base/java.util.concurrent.ThreadPoolExecutor.runWorker(ThreadPoolExecutor.java:1144)
		at java.base/java.util.concurrent.ThreadPoolExecutor$Worker.run(ThreadPoolExecutor.java:642)
		at java.base/java.lang.Thread.run(Thread.java:1583)
09-Oct-2026 14:51:16.069 INFO [mysql-cj-abandoned-connection-cleanup] org.apache.catalina.loader.WebappClassLoaderBase.checkStateForResourceLoading Illegal access: this web application instance has been stopped already. Could not load []. The following stack trace is thrown for debugging purposes as well as to attempt to terminate the thread which caused the illegal access.
	java.lang.IllegalStateException: Illegal access: this web application instance has been stopped already. Could not load []. The following stack trace is thrown for debugging purposes as well as to attempt to terminate the thread which caused the illegal access.
		at org.apache.catalina.loader.WebappClassLoaderBase.checkStateForResourceLoading(WebappClassLoaderBase.java:1500)
		at org.apache.catalina.loader.WebappClassLoaderBase.getResource(WebappClassLoaderBase.java:1067)
		at com.mysql.cj.jdbc.AbandonedConnectionCleanupThread.checkThreadContextClassLoader(AbandonedConnectionCleanupThread.java:116)
		at com.mysql.cj.jdbc.AbandonedConnectionCleanupThread.run(AbandonedConnectionCleanupThread.java:83)
		at java.base/java.util.concurrent.ThreadPoolExecutor.runWorker(ThreadPoolExecutor.java:1144)
		at java.base/java.util.concurrent.ThreadPoolExecutor$Worker.run(ThreadPoolExecutor.java:642)
		at java.base/java.lang.Thread.run(Thread.java:1583)
09-Oct-2026 14:51:16.069 INFO [mysql-cj-abandoned-connection-cleanup] org.apache.catalina.loader.WebappClassLoaderBase.checkStateForResourceLoading Illegal access: this web application instance has been stopped already. Could not load []. The following stack trace is thrown for debugging purposes as well as to attempt to terminate the thread which caused the illegal access.
	java.lang.IllegalStateException: Illegal access: this web application instance has been stopped already. Could not load []. The following stack trace is thrown for debugging purposes as well as to attempt to terminate the thread which caused the illegal access.
		at org.apache.catalina.loader.WebappClassLoaderBase.checkStateForResourceLoading(WebappClassLoaderBase.java:1500)
		at org.apache.catalina.loader.WebappClassLoaderBase.getResource(WebappClassLoaderBase.java:1067)
		at com.mysql.cj.jdbc.AbandonedConnectionCleanupThread.checkThreadContextClassLoader(AbandonedConnectionCleanupThread.java:116)
		at com.mysql.cj.jdbc.AbandonedConnectionCleanupThread.run(AbandonedConnectionCleanupThread.java:83)
		at java.base/java.util.concurrent.ThreadPoolExecutor.runWorker(ThreadPoolExecutor.java:1144)
		at java.base/java.util.concurrent.ThreadPoolExecutor$Worker.run(ThreadPoolExecutor.java:642)
		at java.base/java.lang.Thread.run(Thread.java:1583)
09-Oct-2026 14:51:16.069 INFO [mysql-cj-abandoned-connection-cleanup] org.apache.catalina.loader.WebappClassLoaderBase.checkStateForResourceLoading Illegal access: this web application instance has been stopped already. Could not load []. The following stack trace is thrown for debugging purposes as well as to attempt to terminate the thread which caused the illegal access.
	java.lang.IllegalStateException: Illegal access: this web application instance has been stopped already. Could not load []. The following stack trace is thrown for debugging purposes as well as to attempt to terminate the thread which caused the illegal access.
		at org.apache.catalina.loader.WebappClassLoaderBase.checkStateForResourceLoading(WebappClassLoaderBase.java:1500)
		at org.apache.catalina.loader.WebappClassLoaderBase.getResource(WebappClassLoaderBase.java:1067)
		at com.mysql.cj.jdbc.AbandonedConnectionCleanupThread.checkThreadContextClassLoader(AbandonedConnectionCleanupThread.java:116)
		at com.mysql.cj.jdbc.AbandonedConnectionCleanupThread.run(AbandonedConnectionCleanupThread.java:83)
		at java.base/java.util.concurrent.ThreadPoolExecutor.runWorker(ThreadPoolExecutor.java:1144)
		at java.base/java.util.concurrent.ThreadPoolExecutor$Worker.run(ThreadPoolExecutor.java:642)
		at java.base/java.lang.Thread.run(Thread.java:1583)
09-Oct-2026 14:51:16.070 INFO [mysql-cj-abandoned-connection-cleanup] org.apache.catalina.loader.WebappClassLoaderBase.checkStateForResourceLoading Illegal access: this web application instance has been stopped already. Could not load []. The following stack trace is thrown for debugging purposes as well as to attempt to terminate the thread which caused the illegal access.
	java.lang.IllegalStateException: Illegal access: this web application instance has been stopped already. Could not load []. The following stack trace is thrown for debugging purposes as well as to attempt to terminate the thread which caused the illegal access.
		at org.apache.catalina.loader.WebappClassLoaderBase.checkStateForResourceLoading(WebappClassLoaderBase.java:1500)
		at org.apache.catalina.loader.WebappClassLoaderBase.getResource(WebappClassLoaderBase.java:1067)
		at com.mysql.cj.jdbc.AbandonedConnectionCleanupThread.checkThreadContextClassLoader(AbandonedConnectionCleanupThread.java:116)
		at com.mysql.cj.jdbc.AbandonedConnectionCleanupThread.run(AbandonedConnectionCleanupThread.java:83)
		at java.base/java.util.concurrent.ThreadPoolExecutor.runWorker(ThreadPoolExecutor.java:1144)
		at java.base/java.util.concurrent.ThreadPoolExecutor$Worker.run(ThreadPoolExecutor.java:642)
		at java.base/java.lang.Thread.run(Thread.java:1583)
09-Oct-2026 14:51:16.070 INFO [mysql-cj-abandoned-connection-cleanup] org.apache.catalina.loader.WebappClassLoaderBase.checkStateForResourceLoading Illegal access: this web application instance has been stopped already. Could not load []. The following stack trace is thrown for debugging purposes as well as to attempt to terminate the thread which caused the illegal access.
	java.lang.IllegalStateException: Illegal access: this web application instance has been stopped already. Could not load []. The following stack trace is thrown for debugging purposes as well as to attempt to terminate the thread which caused the illegal access.
		at org.apache.catalina.loader.WebappClassLoaderBase.checkStateForResourceLoading(WebappClassLoaderBase.java:1500)
		at org.apache.catalina.loader.WebappClassLoaderBase.getResource(WebappClassLoaderBase.java:1067)
		at com.mysql.cj.jdbc.AbandonedConnectionCleanupThread.checkThreadContextClassLoader(AbandonedConnectionCleanupThread.java:116)
		at com.mysql.cj.jdbc.AbandonedConnectionCleanupThread.run(AbandonedConnectionCleanupThread.java:83)
		at java.base/java.util.concurrent.ThreadPoolExecutor.runWorker(ThreadPoolExecutor.java:1144)
		at java.base/java.util.concurrent.ThreadPoolExecutor$Worker.run(ThreadPoolExecutor.java:642)
		at java.base/java.lang.Thread.run(Thread.java:1583)
09-Oct-2026 14:51:16.070 INFO [mysql-cj-abandoned-connection-cleanup] org.apache.catalina.loader.WebappClassLoaderBase.checkStateForResourceLoading Illegal access: this web application instance has been stopped already. Could not load []. The following stack trace is thrown for debugging purposes as well as to attempt to terminate the thread which caused the illegal access.
	java.lang.IllegalStateException: Illegal access: this web application instance has been stopped already. Could not load []. The following stack trace is thrown for debugging purposes as well as to attempt to terminate the thread which caused the illegal access.
		at org.apache.catalina.loader.WebappClassLoaderBase.checkStateForResourceLoading(WebappClassLoaderBase.java:1500)
		at org.apache.catalina.loader.WebappClassLoaderBase.getResource(WebappClassLoaderBase.java:1067)
		at com.mysql.cj.jdbc.AbandonedConnectionCleanupThread.checkThreadContextClassLoader(AbandonedConnectionCleanupThread.java:116)
		at com.mysql.cj.jdbc.AbandonedConnectionCleanupThread.run(AbandonedConnectionCleanupThread.java:83)
		at java.base/java.util.concurrent.ThreadPoolExecutor.runWorker(ThreadPoolExecutor.java:1144)
		at java.base/java.util.concurrent.ThreadPoolExecutor$Worker.run(ThreadPoolExecutor.java:642)
		at java.base/java.lang.Thread.run(Thread.java:1583)
09-Oct-2026 14:51:16.070 INFO [mysql-cj-abandoned-connection-cleanup] org.apache.catalina.loader.WebappClassLoaderBase.checkStateForResourceLoading Illegal access: this web application instance has been stopped already. Could not load []. The following stack trace is thrown for debugging purposes as well as to attempt to terminate the thread which caused the illegal access.
	java.lang.IllegalStateException: Illegal access: this web application instance has been stopped already. Could not load []. The following stack trace is thrown for debugging purposes as well as to attempt to terminate the thread which caused the illegal access.
		at org.apache.catalina.loader.WebappClassLoaderBase.checkStateForResourceLoading(WebappClassLoaderBase.java:1500)
		at org.apache.catalina.loader.WebappClassLoaderBase.getResource(WebappClassLoaderBase.java:1067)
		at com.mysql.cj.jdbc.AbandonedConnectionCleanupThread.checkThreadContextClassLoader(AbandonedConnectionCleanupThread.java:116)
		at com.mysql.cj.jdbc.AbandonedConnectionCleanupThread.run(AbandonedConnectionCleanupThread.java:83)
		at java.base/java.util.concurrent.ThreadPoolExecutor.runWorker(ThreadPoolExecutor.java:1144)
		at java.base/java.util.concurrent.ThreadPoolExecutor$Worker.run(ThreadPoolExecutor.java:642)
		at java.base/java.lang.Thread.run(Thread.java:1583)
09-Oct-2026 14:51:16.070 INFO [mysql-cj-abandoned-connection-cleanup] org.apache.catalina.loader.WebappClassLoaderBase.checkStateForResourceLoading Illegal access: this web application instance has been stopped already. Could not load []. The following stack trace is thrown for debugging purposes as well as to attempt to terminate the thread which caused the illegal access.
	java.lang.IllegalStateException: Illegal access: this web application instance has been stopped already. Could not load []. The following stack trace is thrown for debugging purposes as well as to attempt to terminate the thread which caused the illegal access.
		at org.apache.catalina.loader.WebappClassLoaderBase.checkStateForResourceLoading(WebappClassLoaderBase.java:1500)
		at org.apache.catalina.loader.WebappClassLoaderBase.getResource(WebappClassLoaderBase.java:1067)
		at com.mysql.cj.jdbc.AbandonedConnectionCleanupThread.checkThreadContextClassLoader(AbandonedConnectionCleanupThread.java:116)
		at com.mysql.cj.jdbc.AbandonedConnectionCleanupThread.run(AbandonedConnectionCleanupThread.java:83)
		at java.base/java.util.concurrent.ThreadPoolExecutor.runWorker(ThreadPoolExecutor.java:1144)
		at java.base/java.util.concurrent.ThreadPoolExecutor$Worker.run(ThreadPoolExecutor.java:642)
		at java.base/java.lang.Thread.run(Thread.java:1583)
09-Oct-2026 14:51:16.070 INFO [mysql-cj-abandoned-connection-cleanup] org.apache.catalina.loader.WebappClassLoaderBase.checkStateForResourceLoading Illegal access: this web application instance has been stopped already. Could not load []. The following stack trace is thrown for debugging purposes as well as to attempt to terminate the thread which caused the illegal access.
	java.lang.IllegalStateException: Illegal access: this web application instance has been stopped already. Could not load []. The following stack trace is thrown for debugging purposes as well as to attempt to terminate the thread which caused the illegal access.
		at org.apache.catalina.loader.WebappClassLoaderBase.checkStateForResourceLoading(WebappClassLoaderBase.java:1500)
		at org.apache.catalina.loader.WebappClassLoaderBase.getResource(WebappClassLoaderBase.java:1067)
		at com.mysql.cj.jdbc.AbandonedConnectionCleanupThread.checkThreadContextClassLoader(AbandonedConnectionCleanupThread.java:116)
		at com.mysql.cj.jdbc.AbandonedConnectionCleanupThread.run(AbandonedConnectionCleanupThread.java:83)
		at java.base/java.util.concurrent.ThreadPoolExecutor.runWorker(ThreadPoolExecutor.java:1144)
		at java.base/java.util.concurrent.ThreadPoolExecutor$Worker.run(ThreadPoolExecutor.java:642)
		at java.base/java.lang.Thread.run(Thread.java:1583)
09-Oct-2026 14:51:16.070 INFO [mysql-cj-abandoned-connection-cleanup] org.apache.catalina.loader.WebappClassLoaderBase.checkStateForResourceLoading Illegal access: this web application instance has been stopped already. Could not load []. The following stack trace is thrown for debugging purposes as well as to attempt to terminate the thread which caused the illegal access.
	java.lang.IllegalStateException: Illegal access: this web application instance has been stopped already. Could not load []. The following stack trace is thrown for debugging purposes as well as to attempt to terminate the thread which caused the illegal access.
		at org.apache.catalina.loader.WebappClassLoaderBase.checkStateForResourceLoading(WebappClassLoaderBase.java:1500)
		at org.apache.catalina.loader.WebappClassLoaderBase.getResource(WebappClassLoaderBase.java:1067)
		at com.mysql.cj.jdbc.AbandonedConnectionCleanupThread.checkThreadContextClassLoader(AbandonedConnectionCleanupThread.java:116)
		at com.mysql.cj.jdbc.AbandonedConnectionCleanupThread.run(AbandonedConnectionCleanupThread.java:83)
		at java.base/java.util.concurrent.ThreadPoolExecutor.runWorker(ThreadPoolExecutor.java:1144)
		at java.base/java.util.concurrent.ThreadPoolExecutor$Worker.run(ThreadPoolExecutor.java:642)
		at java.base/java.lang.Thread.run(Thread.java:1583)
09-Oct-2026 14:51:16.070 INFO [mysql-cj-abandoned-connection-cleanup] org.apache.catalina.loader.WebappClassLoaderBase.checkStateForResourceLoading Illegal access: this web application instance has been stopped already. Could not load []. The following stack trace is thrown for debugging purposes as well as to attempt to terminate the thread which caused the illegal access.
	java.lang.IllegalStateException: Illegal access: this web application instance has been stopped already. Could not load []. The following stack trace is thrown for debugging purposes as well as to attempt to terminate the thread which caused the illegal access.
		at org.apache.catalina.loader.WebappClassLoaderBase.checkStateForResourceLoading(WebappClassLoaderBase.java:1500)
		at org.apache.catalina.loader.WebappClassLoaderBase.getResource(WebappClassLoaderBase.java:1067)
		at com.mysql.cj.jdbc.AbandonedConnectionCleanupThread.checkThreadContextClassLoader(AbandonedConnectionCleanupThread.java:116)
		at com.mysql.cj.jdbc.AbandonedConnectionCleanupThread.run(AbandonedConnectionCleanupThread.java:83)
		at java.base/java.util.concurrent.ThreadPoolExecutor.runWorker(ThreadPoolExecutor.java:1144)
		at java.base/java.util.concurrent.ThreadPoolExecutor$Worker.run(ThreadPoolExecutor.java:642)
		at java.base/java.lang.Thread.run(Thread.java:1583)
09-Oct-2026 14:51:16.070 INFO [mysql-cj-abandoned-connection-cleanup] org.apache.catalina.loader.WebappClassLoaderBase.checkStateForResourceLoading Illegal access: this web application instance has been stopped already. Could not load []. The following stack trace is thrown for debugging purposes as well as to attempt to terminate the thread which caused the illegal access.
	java.lang.IllegalStateException: Illegal access: this web application instance has been stopped already. Could not load []. The following stack trace is thrown for debugging purposes as well as to attempt to terminate the thread which caused the illegal access.
		at org.apache.catalina.loader.WebappClassLoaderBase.checkStateForResourceLoading(WebappClassLoaderBase.java:1500)
		at org.apache.catalina.loader.WebappClassLoaderBase.getResource(WebappClassLoaderBase.java:1067)
		at com.mysql.cj.jdbc.AbandonedConnectionCleanupThread.checkThreadContextClassLoader(AbandonedConnectionCleanupThread.java:116)
		at com.mysql.cj.jdbc.AbandonedConnectionCleanupThread.run(AbandonedConnectionCleanupThread.java:83)
		at java.base/java.util.concurrent.ThreadPoolExecutor.runWorker(ThreadPoolExecutor.java:1144)
		at java.base/java.util.concurrent.ThreadPoolExecutor$Worker.run(ThreadPoolExecutor.java:642)
		at java.base/java.lang.Thread.run(Thread.java:1583)
09-Oct-2026 14:51:16.070 INFO [mysql-cj-abandoned-connection-cleanup] org.apache.catalina.loader.WebappClassLoaderBase.checkStateForResourceLoading Illegal access: this web application instance has been stopped already. Could not load []. The following stack trace is thrown for debugging purposes as well as to attempt to terminate the thread which caused the illegal access.
	java.lang.IllegalStateException: Illegal access: this web application instance has been stopped already. Could not load []. The following stack trace is thrown for debugging purposes as well as to attempt to terminate the thread which caused the illegal access.
		at org.apache.catalina.loader.WebappClassLoaderBase.checkStateForResourceLoading(WebappClassLoaderBase.java:1500)
		at org.apache.catalina.loader.WebappClassLoaderBase.getResource(WebappClassLoaderBase.java:1067)
		at com.mysql.cj.jdbc.AbandonedConnectionCleanupThread.checkThreadContextClassLoader(AbandonedConnectionCleanupThread.java:116)
		at com.mysql.cj.jdbc.AbandonedConnectionCleanupThread.run(AbandonedConnectionCleanupThread.java:83)
		at java.base/java.util.concurrent.ThreadPoolExecutor.runWorker(ThreadPoolExecutor.java:1144)
		at java.base/java.util.concurrent.ThreadPoolExecutor$Worker.run(ThreadPoolExecutor.java:642)
		at java.base/java.lang.Thread.run(Thread.java:1583)
09-Oct-2026 14:51:16.071 INFO [mysql-cj-abandoned-connection-cleanup] org.apache.catalina.loader.WebappClassLoaderBase.checkStateForResourceLoading Illegal access: this web application instance has been stopped already. Could not load []. The following stack trace is thrown for debugging purposes as well as to attempt to terminate the thread which caused the illegal access.
	java.lang.IllegalStateException: Illegal access: this web application instance has been stopped already. Could not load []. The following stack trace is thrown for debugging purposes as well as to attempt to terminate the thread which caused the illegal access.
		at org.apache.catalina.loader.WebappClassLoaderBase.checkStateForResourceLoading(WebappClassLoaderBase.java:1500)
		at org.apache.catalina.loader.WebappClassLoaderBase.getResource(WebappClassLoaderBase.java:1067)
		at com.mysql.cj.jdbc.AbandonedConnectionCleanupThread.checkThreadContextClassLoader(AbandonedConnectionCleanupThread.java:116)
		at com.mysql.cj.jdbc.AbandonedConnectionCleanupThread.run(AbandonedConnectionCleanupThread.java:83)
		at java.base/java.util.concurrent.ThreadPoolExecutor.runWorker(ThreadPoolExecutor.java:1144)
		at java.base/java.util.concurrent.ThreadPoolExecutor$Worker.run(ThreadPoolExecutor.java:642)
		at java.base/java.lang.Thread.run(Thread.java:1583)
09-Oct-2026 14:51:16.071 INFO [mysql-cj-abandoned-connection-cleanup] org.apache.catalina.loader.WebappClassLoaderBase.checkStateForResourceLoading Illegal access: this web application instance has been stopped already. Could not load []. The following stack trace is thrown for debugging purposes as well as to attempt to terminate the thread which caused the illegal access.
	java.lang.IllegalStateException: Illegal access: this web application instance has been stopped already. Could not load []. The following stack trace is thrown for debugging purposes as well as to attempt to terminate the thread which caused the illegal access.
		at org.apache.catalina.loader.WebappClassLoaderBase.checkStateForResourceLoading(WebappClassLoaderBase.java:1500)
		at org.apache.catalina.loader.WebappClassLoaderBase.getResource(WebappClassLoaderBase.java:1067)
		at com.mysql.cj.jdbc.AbandonedConnectionCleanupThread.checkThreadContextClassLoader(AbandonedConnectionCleanupThread.java:116)
		at com.mysql.cj.jdbc.AbandonedConnectionCleanupThread.run(AbandonedConnectionCleanupThread.java:83)
		at java.base/java.util.concurrent.ThreadPoolExecutor.runWorker(ThreadPoolExecutor.java:1144)
		at java.base/java.util.concurrent.ThreadPoolExecutor$Worker.run(ThreadPoolExecutor.java:642)
		at java.base/java.lang.Thread.run(Thread.java:1583)
09-Oct-2026 14:51:16.071 INFO [mysql-cj-abandoned-connection-cleanup] org.apache.catalina.loader.WebappClassLoaderBase.checkStateForResourceLoading Illegal access: this web application instance has been stopped already. Could not load []. The following stack trace is thrown for debugging purposes as well as to attempt to terminate the thread which caused the illegal access.
	java.lang.IllegalStateException: Illegal access: this web application instance has been stopped already. Could not load []. The following stack trace is thrown for debugging purposes as well as to attempt to terminate the thread which caused the illegal access.
		at org.apache.catalina.loader.WebappClassLoaderBase.checkStateForResourceLoading(WebappClassLoaderBase.java:1500)
		at org.apache.catalina.loader.WebappClassLoaderBase.getResource(WebappClassLoaderBase.java:1067)
		at com.mysql.cj.jdbc.AbandonedConnectionCleanupThread.checkThreadContextClassLoader(AbandonedConnectionCleanupThread.java:116)
		at com.mysql.cj.jdbc.AbandonedConnectionCleanupThread.run(AbandonedConnectionCleanupThread.java:83)
		at java.base/java.util.concurrent.ThreadPoolExecutor.runWorker(ThreadPoolExecutor.java:1144)
		at java.base/java.util.concurrent.ThreadPoolExecutor$Worker.run(ThreadPoolExecutor.java:642)
		at java.base/java.lang.Thread.run(Thread.java:1583)
09-Oct-2026 14:51:16.071 INFO [mysql-cj-abandoned-connection-cleanup] org.apache.catalina.loader.WebappClassLoaderBase.checkStateForResourceLoading Illegal access: this web application instance has been stopped already. Could not load []. The following stack trace is thrown for debugging purposes as well as to attempt to terminate the thread which caused the illegal access.
	java.lang.IllegalStateException: Illegal access: this web application instance has been stopped already. Could not load []. The following stack trace is thrown for debugging purposes as well as to attempt to terminate the thread which caused the illegal access.
		at org.apache.catalina.loader.WebappClassLoaderBase.checkStateForResourceLoading(WebappClassLoaderBase.java:1500)
		at org.apache.catalina.loader.WebappClassLoaderBase.getResource(WebappClassLoaderBase.java:1067)
		at com.mysql.cj.jdbc.AbandonedConnectionCleanupThread.checkThreadContextClassLoader(AbandonedConnectionCleanupThread.java:116)
		at com.mysql.cj.jdbc.AbandonedConnectionCleanupThread.run(AbandonedConnectionCleanupThread.java:83)
		at java.base/java.util.concurrent.ThreadPoolExecutor.runWorker(ThreadPoolExecutor.java:1144)
		at java.base/java.util.concurrent.ThreadPoolExecutor$Worker.run(ThreadPoolExecutor.java:642)
		at java.base/java.lang.Thread.run(Thread.java:1583)
09-Oct-2026 14:51:16.071 INFO [mysql-cj-abandoned-connection-cleanup] org.apache.catalina.loader.WebappClassLoaderBase.checkStateForResourceLoading Illegal access: this web application instance has been stopped already. Could not load []. The following stack trace is thrown for debugging purposes as well as to attempt to terminate the thread which caused the illegal access.
	java.lang.IllegalStateException: Illegal access: this web application instance has been stopped already. Could not load []. The following stack trace is thrown for debugging purposes as well as to attempt to terminate the thread which caused the illegal access.
		at org.apache.catalina.loader.WebappClassLoaderBase.checkStateForResourceLoading(WebappClassLoaderBase.java:1500)
		at org.apache.catalina.loader.WebappClassLoaderBase.getResource(WebappClassLoaderBase.java:1067)
		at com.mysql.cj.jdbc.AbandonedConnectionCleanupThread.checkThreadContextClassLoader(AbandonedConnectionCleanupThread.java:116)
		at com.mysql.cj.jdbc.AbandonedConnectionCleanupThread.run(AbandonedConnectionCleanupThread.java:83)
		at java.base/java.util.concurrent.ThreadPoolExecutor.runWorker(ThreadPoolExecutor.java:1144)
		at java.base/java.util.concurrent.ThreadPoolExecutor$Worker.run(ThreadPoolExecutor.java:642)
		at java.base/java.lang.Thread.run(Thread.java:1583)
09-Oct-2026 14:51:16.072 INFO [mysql-cj-abandoned-connection-cleanup] org.apache.catalina.loader.WebappClassLoaderBase.checkStateForResourceLoading Illegal access: this web application instance has been stopped already. Could not load []. The following stack trace is thrown for debugging purposes as well as to attempt to terminate the thread which caused the illegal access.
	java.lang.IllegalStateException: Illegal access: this web application instance has been stopped already. Could not load []. The following stack trace is thrown for debugging purposes as well as to attempt to terminate the thread which caused the illegal access.
		at org.apache.catalina.loader.WebappClassLoaderBase.checkStateForResourceLoading(WebappClassLoaderBase.java:1500)
		at org.apache.catalina.loader.WebappClassLoaderBase.getResource(WebappClassLoaderBase.java:1067)
		at com.mysql.cj.jdbc.AbandonedConnectionCleanupThread.checkThreadContextClassLoader(AbandonedConnectionCleanupThread.java:116)
		at com.mysql.cj.jdbc.AbandonedConnectionCleanupThread.run(AbandonedConnectionCleanupThread.java:83)
		at java.base/java.util.concurrent.ThreadPoolExecutor.runWorker(ThreadPoolExecutor.java:1144)
		at java.base/java.util.concurrent.ThreadPoolExecutor$Worker.run(ThreadPoolExecutor.java:642)
		at java.base/java.lang.Thread.run(Thread.java:1583)
09-Oct-2026 14:51:16.072 INFO [mysql-cj-abandoned-connection-cleanup] org.apache.catalina.loader.WebappClassLoaderBase.checkStateForResourceLoading Illegal access: this web application instance has been stopped already. Could not load []. The following stack trace is thrown for debugging purposes as well as to attempt to terminate the thread which caused the illegal access.
	java.lang.IllegalStateException: Illegal access: this web application instance has been stopped already. Could not load []. The following stack trace is thrown for debugging purposes as well as to attempt to terminate the thread which caused the illegal access.
		at org.apache.catalina.loader.WebappClassLoaderBase.checkStateForResourceLoading(WebappClassLoaderBase.java:1500)
		at org.apache.catalina.loader.WebappClassLoaderBase.getResource(WebappClassLoaderBase.java:1067)
		at com.mysql.cj.jdbc.AbandonedConnectionCleanupThread.checkThreadContextClassLoader(AbandonedConnectionCleanupThread.java:116)
		at com.mysql.cj.jdbc.AbandonedConnectionCleanupThread.run(AbandonedConnectionCleanupThread.java:83)
		at java.base/java.util.concurrent.ThreadPoolExecutor.runWorker(ThreadPoolExecutor.java:1144)
		at java.base/java.util.concurrent.ThreadPoolExecutor$Worker.run(ThreadPoolExecutor.java:642)
		at java.base/java.lang.Thread.run(Thread.java:1583)
09-Oct-2026 14:51:16.072 INFO [mysql-cj-abandoned-connection-cleanup] org.apache.catalina.loader.WebappClassLoaderBase.checkStateForResourceLoading Illegal access: this web application instance has been stopped already. Could not load []. The following stack trace is thrown for debugging purposes as well as to attempt to terminate the thread which caused the illegal access.
	java.lang.IllegalStateException: Illegal access: this web application instance has been stopped already. Could not load []. The following stack trace is thrown for debugging purposes as well as to attempt to terminate the thread which caused the illegal access.
		at org.apache.catalina.loader.WebappClassLoaderBase.checkStateForResourceLoading(WebappClassLoaderBase.java:1500)
		at org.apache.catalina.loader.WebappClassLoaderBase.getResource(WebappClassLoaderBase.java:1067)
		at com.mysql.cj.jdbc.AbandonedConnectionCleanupThread.checkThreadContextClassLoader(AbandonedConnectionCleanupThread.java:116)
		at com.mysql.cj.jdbc.AbandonedConnectionCleanupThread.run(AbandonedConnectionCleanupThread.java:83)
		at java.base/java.util.concurrent.ThreadPoolExecutor.runWorker(ThreadPoolExecutor.java:1144)
		at java.base/java.util.concurrent.ThreadPoolExecutor$Worker.run(ThreadPoolExecutor.java:642)
		at java.base/java.lang.Thread.run(Thread.java:1583)
09-Oct-2026 14:51:16.072 INFO [mysql-cj-abandoned-connection-cleanup] org.apache.catalina.loader.WebappClassLoaderBase.checkStateForResourceLoading Illegal access: this web application instance has been stopped already. Could not load []. The following stack trace is thrown for debugging purposes as well as to attempt to terminate the thread which caused the illegal access.
	java.lang.IllegalStateException: Illegal access: this web application instance has been stopped already. Could not load []. The following stack trace is thrown for debugging purposes as well as to attempt to terminate the thread which caused the illegal access.
		at org.apache.catalina.loader.WebappClassLoaderBase.checkStateForResourceLoading(WebappClassLoaderBase.java:1500)
		at org.apache.catalina.loader.WebappClassLoaderBase.getResource(WebappClassLoaderBase.java:1067)
		at com.mysql.cj.jdbc.AbandonedConnectionCleanupThread.checkThreadContextClassLoader(AbandonedConnectionCleanupThread.java:116)
		at com.mysql.cj.jdbc.AbandonedConnectionCleanupThread.run(AbandonedConnectionCleanupThread.java:83)
		at java.base/java.util.concurrent.ThreadPoolExecutor.runWorker(ThreadPoolExecutor.java:1144)
		at java.base/java.util.concurrent.ThreadPoolExecutor$Worker.run(ThreadPoolExecutor.java:642)
		at java.base/java.lang.Thread.run(Thread.java:1583)
09-Oct-2026 14:51:16.086 INFO [mysql-cj-abandoned-connection-cleanup] org.apache.catalina.loader.WebappClassLoaderBase.checkStateForResourceLoading Illegal access: this web application instance has been stopped already. Could not load []. The following stack trace is thrown for debugging purposes as well as to attempt to terminate the thread which caused the illegal access.
	java.lang.IllegalStateException: Illegal access: this web application instance has been stopped already. Could not load []. The following stack trace is thrown for debugging purposes as well as to attempt to terminate the thread which caused the illegal access.
		at org.apache.catalina.loader.WebappClassLoaderBase.checkStateForResourceLoading(WebappClassLoaderBase.java:1500)
		at org.apache.catalina.loader.WebappClassLoaderBase.getResource(WebappClassLoaderBase.java:1067)
		at com.mysql.cj.jdbc.AbandonedConnectionCleanupThread.checkThreadContextClassLoader(AbandonedConnectionCleanupThread.java:116)
		at com.mysql.cj.jdbc.AbandonedConnectionCleanupThread.run(AbandonedConnectionCleanupThread.java:83)
		at java.base/java.util.concurrent.ThreadPoolExecutor.runWorker(ThreadPoolExecutor.java:1144)
		at java.base/java.util.concurrent.ThreadPoolExecutor$Worker.run(ThreadPoolExecutor.java:642)
		at java.base/java.lang.Thread.run(Thread.java:1583)
09-Oct-2026 14:51:16.086 INFO [mysql-cj-abandoned-connection-cleanup] org.apache.catalina.loader.WebappClassLoaderBase.checkStateForResourceLoading Illegal access: this web application instance has been stopped already. Could not load []. The following stack trace is thrown for debugging purposes as well as to attempt to terminate the thread which caused the illegal access.
	java.lang.IllegalStateException: Illegal access: this web application instance has been stopped already. Could not load []. The following stack trace is thrown for debugging purposes as well as to attempt to terminate the thread which caused the illegal access.
		at org.apache.catalina.loader.WebappClassLoaderBase.checkStateForResourceLoading(WebappClassLoaderBase.java:1500)
		at org.apache.catalina.loader.WebappClassLoaderBase.getResource(WebappClassLoaderBase.java:1067)
		at com.mysql.cj.jdbc.AbandonedConnectionCleanupThread.checkThreadContextClassLoader(AbandonedConnectionCleanupThread.java:116)
		at com.mysql.cj.jdbc.AbandonedConnectionCleanupThread.run(AbandonedConnectionCleanupThread.java:83)
		at java.base/java.util.concurrent.ThreadPoolExecutor.runWorker(ThreadPoolExecutor.java:1144)
		at java.base/java.util.concurrent.ThreadPoolExecutor$Worker.run(ThreadPoolExecutor.java:642)
		at java.base/java.lang.Thread.run(Thread.java:1583)
09-Oct-2026 14:51:21.577 INFO [Catalina-utility-2] org.apache.jasper.servlet.TldScanner.scanJars At least one JAR was scanned for TLDs yet contained no TLDs. Enable debug logging for this logger for a complete list of JARs that were scanned but no TLDs were found in them. Skipping unneeded JARs during scanning can improve startup time and JSP compilation time.
09-Oct-2026 14:51:21.831 INFO [Catalina-utility-2] org.apache.catalina.startup.HostConfig.deployWAR Deployment of web application archive [E:\simtrade\simtrade\tomcat\apache-tomcat-10.1.60\webapps\paper-trading.war] has finished in [6,816] ms
09-Oct-2026 14:55:36.737 INFO [main] org.apache.catalina.startup.VersionLoggerListener.log Server version name:   Apache Tomcat/10.1.60
09-Oct-2026 14:55:36.743 INFO [main] org.apache.catalina.startup.VersionLoggerListener.log Server built:          Sep 9 2026 22:35:59 UTC
09-Oct-2026 14:55:36.744 INFO [main] org.apache.catalina.startup.VersionLoggerListener.log Server version number: 10.1.60.0
09-Oct-2026 14:55:36.744 INFO [main] org.apache.catalina.startup.VersionLoggerListener.log OS Name:               Windows 11
09-Oct-2026 14:55:36.744 INFO [main] org.apache.catalina.startup.VersionLoggerListener.log OS Version:            10.0
09-Oct-2026 14:55:36.744 INFO [main] org.apache.catalina.startup.VersionLoggerListener.log Architecture:          amd64
09-Oct-2026 14:55:36.744 INFO [main] org.apache.catalina.startup.VersionLoggerListener.log Java Home:             C:\Program Files\Microsoft\jdk-21.0.8.9-hotspot
09-Oct-2026 14:55:36.744 INFO [main] org.apache.catalina.startup.VersionLoggerListener.log JVM Version:           21.0.8+9-LTS
09-Oct-2026 14:55:36.745 INFO [main] org.apache.catalina.startup.VersionLoggerListener.log JVM Vendor:            Microsoft
09-Oct-2026 14:55:36.745 INFO [main] org.apache.catalina.startup.VersionLoggerListener.log CATALINA_BASE:         E:\simtrade\simtrade\tomcat\apache-tomcat-10.1.60
09-Oct-2026 14:55:36.745 INFO [main] org.apache.catalina.startup.VersionLoggerListener.log CATALINA_HOME:         E:\simtrade\simtrade\tomcat\apache-tomcat-10.1.60
09-Oct-2026 14:55:36.757 INFO [main] org.apache.catalina.startup.VersionLoggerListener.log Command line argument: -Djava.util.logging.config.file=E:\simtrade\simtrade\tomcat\apache-tomcat-10.1.60\conf\logging.properties
09-Oct-2026 14:55:36.757 INFO [main] org.apache.catalina.startup.VersionLoggerListener.log Command line argument: -Djava.util.logging.manager=org.apache.juli.ClassLoaderLogManager
09-Oct-2026 14:55:36.757 INFO [main] org.apache.catalina.startup.VersionLoggerListener.log Command line argument: -Djdk.tls.ephemeralDHKeySize=2048
09-Oct-2026 14:55:36.757 INFO [main] org.apache.catalina.startup.VersionLoggerListener.log Command line argument: -Djava.protocol.handler.pkgs=org.apache.catalina.webresources
09-Oct-2026 14:55:36.757 INFO [main] org.apache.catalina.startup.VersionLoggerListener.log Command line argument: -Dsun.io.useCanonCaches=false
09-Oct-2026 14:55:36.757 INFO [main] org.apache.catalina.startup.VersionLoggerListener.log Command line argument: --add-opens=java.base/java.lang=ALL-UNNAMED
09-Oct-2026 14:55:36.757 INFO [main] org.apache.catalina.startup.VersionLoggerListener.log Command line argument: --add-opens=java.base/java.lang.reflect=ALL-UNNAMED
09-Oct-2026 14:55:36.757 INFO [main] org.apache.catalina.startup.VersionLoggerListener.log Command line argument: --add-opens=java.base/java.io=ALL-UNNAMED
09-Oct-2026 14:55:36.758 INFO [main] org.apache.catalina.startup.VersionLoggerListener.log Command line argument: --add-opens=java.base/java.util=ALL-UNNAMED
09-Oct-2026 14:55:36.758 INFO [main] org.apache.catalina.startup.VersionLoggerListener.log Command line argument: --add-opens=java.base/java.util.concurrent=ALL-UNNAMED
09-Oct-2026 14:55:36.759 INFO [main] org.apache.catalina.startup.VersionLoggerListener.log Command line argument: --add-opens=java.rmi/sun.rmi.transport=ALL-UNNAMED
09-Oct-2026 14:55:36.759 INFO [main] org.apache.catalina.startup.VersionLoggerListener.log Command line argument: -Dcatalina.base=E:\simtrade\simtrade\tomcat\apache-tomcat-10.1.60
09-Oct-2026 14:55:36.759 INFO [main] org.apache.catalina.startup.VersionLoggerListener.log Command line argument: -Dcatalina.home=E:\simtrade\simtrade\tomcat\apache-tomcat-10.1.60
09-Oct-2026 14:55:36.759 INFO [main] org.apache.catalina.startup.VersionLoggerListener.log Command line argument: -Djava.io.tmpdir=E:\simtrade\simtrade\tomcat\apache-tomcat-10.1.60\temp
09-Oct-2026 14:55:36.761 INFO [main] org.apache.catalina.core.AprLifecycleListener.lifecycleEvent Loaded Apache Tomcat Native library [2.0.16] using APR version [1.7.6].
09-Oct-2026 14:55:36.766 INFO [main] org.apache.catalina.core.AprLifecycleListener.initializeSSL OpenSSL successfully initialized [OpenSSL 3.5.8 25 Aug 2026]
09-Oct-2026 14:55:37.009 INFO [main] org.apache.coyote.AbstractProtocol.init Initializing ProtocolHandler ["http-nio-8081"]
09-Oct-2026 14:55:37.033 INFO [main] org.apache.catalina.startup.Catalina.load Server initialization in [447] milliseconds
09-Oct-2026 14:55:37.084 INFO [main] org.apache.catalina.core.StandardService.startInternal Starting service [Catalina]
09-Oct-2026 14:55:37.085 INFO [main] org.apache.catalina.core.StandardEngine.startInternal Starting Servlet engine: [Apache Tomcat/10.1.60]
09-Oct-2026 14:55:37.111 INFO [main] org.apache.catalina.startup.HostConfig.deployWAR Deploying web application archive [E:\simtrade\simtrade\tomcat\apache-tomcat-10.1.60\webapps\paper-trading.war]
09-Oct-2026 14:55:39.133 INFO [main] org.apache.jasper.servlet.TldScanner.scanJars At least one JAR was scanned for TLDs yet contained no TLDs. Enable debug logging for this logger for a complete list of JARs that were scanned but no TLDs were found in them. Skipping unneeded JARs during scanning can improve startup time and JSP compilation time.
09-Oct-2026 14:55:39.503 INFO [main] org.apache.catalina.startup.HostConfig.deployWAR Deployment of web application archive [E:\simtrade\simtrade\tomcat\apache-tomcat-10.1.60\webapps\paper-trading.war] has finished in [2,391] ms
09-Oct-2026 14:55:39.504 INFO [main] org.apache.catalina.startup.HostConfig.deployDirectory Deploying web application directory [E:\simtrade\simtrade\tomcat\apache-tomcat-10.1.60\webapps\docs]
09-Oct-2026 14:55:39.531 INFO [main] org.apache.catalina.startup.HostConfig.deployDirectory Deployment of web application directory [E:\simtrade\simtrade\tomcat\apache-tomcat-10.1.60\webapps\docs] has finished in [27] ms
09-Oct-2026 14:55:39.532 INFO [main] org.apache.catalina.startup.HostConfig.deployDirectory Deploying web application directory [E:\simtrade\simtrade\tomcat\apache-tomcat-10.1.60\webapps\examples]
09-Oct-2026 14:55:39.832 INFO [main] org.apache.catalina.startup.HostConfig.deployDirectory Deployment of web application directory [E:\simtrade\simtrade\tomcat\apache-tomcat-10.1.60\webapps\examples] has finished in [300] ms
09-Oct-2026 14:55:39.833 INFO [main] org.apache.catalina.startup.HostConfig.deployDirectory Deploying web application directory [E:\simtrade\simtrade\tomcat\apache-tomcat-10.1.60\webapps\host-manager]
09-Oct-2026 14:55:39.873 INFO [main] org.apache.catalina.startup.HostConfig.deployDirectory Deployment of web application directory [E:\simtrade\simtrade\tomcat\apache-tomcat-10.1.60\webapps\host-manager] has finished in [39] ms
09-Oct-2026 14:55:39.873 INFO [main] org.apache.catalina.startup.HostConfig.deployDirectory Deploying web application directory [E:\simtrade\simtrade\tomcat\apache-tomcat-10.1.60\webapps\manager]
09-Oct-2026 14:55:39.908 INFO [main] org.apache.catalina.startup.HostConfig.deployDirectory Deployment of web application directory [E:\simtrade\simtrade\tomcat\apache-tomcat-10.1.60\webapps\manager] has finished in [34] ms
09-Oct-2026 14:55:39.908 INFO [main] org.apache.catalina.startup.HostConfig.deployDirectory Deploying web application directory [E:\simtrade\simtrade\tomcat\apache-tomcat-10.1.60\webapps\ROOT]
09-Oct-2026 14:55:39.927 INFO [main] org.apache.catalina.startup.HostConfig.deployDirectory Deployment of web application directory [E:\simtrade\simtrade\tomcat\apache-tomcat-10.1.60\webapps\ROOT] has finished in [19] ms
09-Oct-2026 14:55:39.935 INFO [main] org.apache.coyote.AbstractProtocol.start Starting ProtocolHandler ["http-nio-8081"]
09-Oct-2026 14:55:39.958 INFO [main] org.apache.catalina.startup.Catalina.start Server startup in [2923] milliseconds
09-Oct-2026 15:04:20.499 INFO [Catalina-utility-1] org.apache.catalina.startup.HostConfig.undeploy Undeploying context [/paper-trading]
09-Oct-2026 15:04:20.521 WARNING [Catalina-utility-1] org.apache.catalina.loader.WebappClassLoaderBase.clearReferencesJdbc The web application [paper-trading] registered the JDBC driver [com.mysql.cj.jdbc.Driver] but failed to unregister it when the web application was stopped. To prevent a memory leak, the JDBC Driver has been forcibly unregistered.
09-Oct-2026 15:04:20.523 WARNING [Catalina-utility-1] org.apache.catalina.loader.WebappClassLoaderBase.clearReferencesThreads The web application [paper-trading] appears to have started a thread named [mysql-cj-abandoned-connection-cleanup] but has failed to stop it. This is very likely to create a memory leak. Stack trace of thread:
 java.base/jdk.internal.misc.Unsafe.park(Native Method)
 java.base/java.util.concurrent.locks.LockSupport.parkNanos(LockSupport.java:269)
 java.base/java.util.concurrent.locks.AbstractQueuedSynchronizer$ConditionObject.await(AbstractQueuedSynchronizer.java:1852)
 java.base/java.lang.ref.ReferenceQueue.await(ReferenceQueue.java:71)
 java.base/java.lang.ref.ReferenceQueue.remove0(ReferenceQueue.java:143)
 java.base/java.lang.ref.ReferenceQueue.remove(ReferenceQueue.java:218)
 com.mysql.cj.jdbc.AbandonedConnectionCleanupThread.run(AbandonedConnectionCleanupThread.java:84)
 java.base/java.util.concurrent.ThreadPoolExecutor.runWorker(ThreadPoolExecutor.java:1144)
 java.base/java.util.concurrent.ThreadPoolExecutor$Worker.run(ThreadPoolExecutor.java:642)
 java.base/java.lang.Thread.run(Thread.java:1583)
09-Oct-2026 15:04:20.523 WARNING [Catalina-utility-1] org.apache.catalina.loader.WebappClassLoaderBase.clearReferencesThreads The web application [paper-trading] appears to have started a thread named [Atmosphere-Scheduler-0] but has failed to stop it. This is very likely to create a memory leak. Stack trace of thread:
 java.base/jdk.internal.misc.Unsafe.park(Native Method)
 java.base/java.util.concurrent.locks.LockSupport.parkNanos(LockSupport.java:269)
 java.base/java.util.concurrent.locks.AbstractQueuedSynchronizer$ConditionObject.awaitNanos(AbstractQueuedSynchronizer.java:1763)
 java.base/java.util.concurrent.ScheduledThreadPoolExecutor$DelayedWorkQueue.poll(ScheduledThreadPoolExecutor.java:1223)
 java.base/java.util.concurrent.ScheduledThreadPoolExecutor$DelayedWorkQueue.poll(ScheduledThreadPoolExecutor.java:899)
 java.base/java.util.concurrent.ThreadPoolExecutor.getTask(ThreadPoolExecutor.java:1069)
 java.base/java.util.concurrent.ThreadPoolExecutor.runWorker(ThreadPoolExecutor.java:1130)
 java.base/java.util.concurrent.ThreadPoolExecutor$Worker.run(ThreadPoolExecutor.java:642)
 java.base/java.lang.Thread.run(Thread.java:1583)
09-Oct-2026 15:04:20.523 WARNING [Catalina-utility-1] org.apache.catalina.loader.WebappClassLoaderBase.clearReferencesThreads The web application [paper-trading] appears to have started a thread named [Atmosphere-Shared-0] but has failed to stop it. This is very likely to create a memory leak. Stack trace of thread:
 java.base/jdk.internal.misc.Unsafe.park(Native Method)
 java.base/java.util.concurrent.locks.LockSupport.parkNanos(LockSupport.java:269)
 java.base/java.util.concurrent.locks.AbstractQueuedSynchronizer$ConditionObject.awaitNanos(AbstractQueuedSynchronizer.java:1763)
 java.base/java.util.concurrent.LinkedBlockingQueue.poll(LinkedBlockingQueue.java:460)
 org.atmosphere.cpr.DefaultBroadcaster$1.run(DefaultBroadcaster.java:405)
 java.base/java.util.concurrent.Executors$RunnableAdapter.call(Executors.java:572)
 java.base/java.util.concurrent.FutureTask.run(FutureTask.java:317)
 java.base/java.util.concurrent.ForkJoinTask$RunnableExecuteAction.exec(ForkJoinTask.java:1423)
 java.base/java.util.concurrent.ForkJoinTask.doExec(ForkJoinTask.java:387)
 java.base/java.util.concurrent.ForkJoinPool$WorkQueue.topLevelExec(ForkJoinPool.java:1312)
 java.base/java.util.concurrent.ForkJoinPool.scan(ForkJoinPool.java:1843)
 java.base/java.util.concurrent.ForkJoinPool.runWorker(ForkJoinPool.java:1808)
 java.base/java.util.concurrent.ForkJoinWorkerThread.run(ForkJoinWorkerThread.java:188)
09-Oct-2026 15:04:20.524 WARNING [Catalina-utility-1] org.apache.catalina.loader.WebappClassLoaderBase.clearReferencesThreads The web application [paper-trading] appears to have started a thread named [Atmosphere-Scheduler-1] but has failed to stop it. This is very likely to create a memory leak. Stack trace of thread:
 java.base/jdk.internal.misc.Unsafe.park(Native Method)
 java.base/java.util.concurrent.locks.LockSupport.parkNanos(LockSupport.java:269)
 java.base/java.util.concurrent.locks.AbstractQueuedSynchronizer$ConditionObject.awaitNanos(AbstractQueuedSynchronizer.java:1763)
 java.base/java.util.concurrent.ScheduledThreadPoolExecutor$DelayedWorkQueue.poll(ScheduledThreadPoolExecutor.java:1218)
 java.base/java.util.concurrent.ScheduledThreadPoolExecutor$DelayedWorkQueue.poll(ScheduledThreadPoolExecutor.java:899)
 java.base/java.util.concurrent.ThreadPoolExecutor.getTask(ThreadPoolExecutor.java:1069)
 java.base/java.util.concurrent.ThreadPoolExecutor.runWorker(ThreadPoolExecutor.java:1130)
 java.base/java.util.concurrent.ThreadPoolExecutor$Worker.run(ThreadPoolExecutor.java:642)
 java.base/java.lang.Thread.run(Thread.java:1583)
09-Oct-2026 15:04:20.611 INFO [Catalina-utility-1] org.apache.catalina.startup.HostConfig.deployWAR Deploying web application archive [E:\simtrade\simtrade\tomcat\apache-tomcat-10.1.60\webapps\paper-trading.war]
09-Oct-2026 15:04:20.792 INFO [mysql-cj-abandoned-connection-cleanup] org.apache.catalina.loader.WebappClassLoaderBase.checkStateForResourceLoading Illegal access: this web application instance has been stopped already. Could not load []. The following stack trace is thrown for debugging purposes as well as to attempt to terminate the thread which caused the illegal access.
	java.lang.IllegalStateException: Illegal access: this web application instance has been stopped already. Could not load []. The following stack trace is thrown for debugging purposes as well as to attempt to terminate the thread which caused the illegal access.
		at org.apache.catalina.loader.WebappClassLoaderBase.checkStateForResourceLoading(WebappClassLoaderBase.java:1500)
		at org.apache.catalina.loader.WebappClassLoaderBase.getResource(WebappClassLoaderBase.java:1067)
		at com.mysql.cj.jdbc.AbandonedConnectionCleanupThread.checkThreadContextClassLoader(AbandonedConnectionCleanupThread.java:116)
		at com.mysql.cj.jdbc.AbandonedConnectionCleanupThread.run(AbandonedConnectionCleanupThread.java:83)
		at java.base/java.util.concurrent.ThreadPoolExecutor.runWorker(ThreadPoolExecutor.java:1144)
		at java.base/java.util.concurrent.ThreadPoolExecutor$Worker.run(ThreadPoolExecutor.java:642)
		at java.base/java.lang.Thread.run(Thread.java:1583)
09-Oct-2026 15:04:20.794 INFO [mysql-cj-abandoned-connection-cleanup] org.apache.catalina.loader.WebappClassLoaderBase.checkStateForResourceLoading Illegal access: this web application instance has been stopped already. Could not load []. The following stack trace is thrown for debugging purposes as well as to attempt to terminate the thread which caused the illegal access.
	java.lang.IllegalStateException: Illegal access: this web application instance has been stopped already. Could not load []. The following stack trace is thrown for debugging purposes as well as to attempt to terminate the thread which caused the illegal access.
		at org.apache.catalina.loader.WebappClassLoaderBase.checkStateForResourceLoading(WebappClassLoaderBase.java:1500)
		at org.apache.catalina.loader.WebappClassLoaderBase.getResource(WebappClassLoaderBase.java:1067)
		at com.mysql.cj.jdbc.AbandonedConnectionCleanupThread.checkThreadContextClassLoader(AbandonedConnectionCleanupThread.java:116)
		at com.mysql.cj.jdbc.AbandonedConnectionCleanupThread.run(AbandonedConnectionCleanupThread.java:83)
		at java.base/java.util.concurrent.ThreadPoolExecutor.runWorker(ThreadPoolExecutor.java:1144)
		at java.base/java.util.concurrent.ThreadPoolExecutor$Worker.run(ThreadPoolExecutor.java:642)
		at java.base/java.lang.Thread.run(Thread.java:1583)
09-Oct-2026 15:04:20.794 INFO [mysql-cj-abandoned-connection-cleanup] org.apache.catalina.loader.WebappClassLoaderBase.checkStateForResourceLoading Illegal access: this web application instance has been stopped already. Could not load []. The following stack trace is thrown for debugging purposes as well as to attempt to terminate the thread which caused the illegal access.
	java.lang.IllegalStateException: Illegal access: this web application instance has been stopped already. Could not load []. The following stack trace is thrown for debugging purposes as well as to attempt to terminate the thread which caused the illegal access.
		at org.apache.catalina.loader.WebappClassLoaderBase.checkStateForResourceLoading(WebappClassLoaderBase.java:1500)
		at org.apache.catalina.loader.WebappClassLoaderBase.getResource(WebappClassLoaderBase.java:1067)
		at com.mysql.cj.jdbc.AbandonedConnectionCleanupThread.checkThreadContextClassLoader(AbandonedConnectionCleanupThread.java:116)
		at com.mysql.cj.jdbc.AbandonedConnectionCleanupThread.run(AbandonedConnectionCleanupThread.java:83)
		at java.base/java.util.concurrent.ThreadPoolExecutor.runWorker(ThreadPoolExecutor.java:1144)
		at java.base/java.util.concurrent.ThreadPoolExecutor$Worker.run(ThreadPoolExecutor.java:642)
		at java.base/java.lang.Thread.run(Thread.java:1583)
09-Oct-2026 15:04:20.795 INFO [mysql-cj-abandoned-connection-cleanup] org.apache.catalina.loader.WebappClassLoaderBase.checkStateForResourceLoading Illegal access: this web application instance has been stopped already. Could not load []. The following stack trace is thrown for debugging purposes as well as to attempt to terminate the thread which caused the illegal access.
	java.lang.IllegalStateException: Illegal access: this web application instance has been stopped already. Could not load []. The following stack trace is thrown for debugging purposes as well as to attempt to terminate the thread which caused the illegal access.
		at org.apache.catalina.loader.WebappClassLoaderBase.checkStateForResourceLoading(WebappClassLoaderBase.java:1500)
		at org.apache.catalina.loader.WebappClassLoaderBase.getResource(WebappClassLoaderBase.java:1067)
		at com.mysql.cj.jdbc.AbandonedConnectionCleanupThread.checkThreadContextClassLoader(AbandonedConnectionCleanupThread.java:116)
		at com.mysql.cj.jdbc.AbandonedConnectionCleanupThread.run(AbandonedConnectionCleanupThread.java:83)
		at java.base/java.util.concurrent.ThreadPoolExecutor.runWorker(ThreadPoolExecutor.java:1144)
		at java.base/java.util.concurrent.ThreadPoolExecutor$Worker.run(ThreadPoolExecutor.java:642)
		at java.base/java.lang.Thread.run(Thread.java:1583)
09-Oct-2026 15:04:20.795 INFO [mysql-cj-abandoned-connection-cleanup] org.apache.catalina.loader.WebappClassLoaderBase.checkStateForResourceLoading Illegal access: this web application instance has been stopped already. Could not load []. The following stack trace is thrown for debugging purposes as well as to attempt to terminate the thread which caused the illegal access.
	java.lang.IllegalStateException: Illegal access: this web application instance has been stopped already. Could not load []. The following stack trace is thrown for debugging purposes as well as to attempt to terminate the thread which caused the illegal access.
		at org.apache.catalina.loader.WebappClassLoaderBase.checkStateForResourceLoading(WebappClassLoaderBase.java:1500)
		at org.apache.catalina.loader.WebappClassLoaderBase.getResource(WebappClassLoaderBase.java:1067)
		at com.mysql.cj.jdbc.AbandonedConnectionCleanupThread.checkThreadContextClassLoader(AbandonedConnectionCleanupThread.java:116)
		at com.mysql.cj.jdbc.AbandonedConnectionCleanupThread.run(AbandonedConnectionCleanupThread.java:83)
		at java.base/java.util.concurrent.ThreadPoolExecutor.runWorker(ThreadPoolExecutor.java:1144)
		at java.base/java.util.concurrent.ThreadPoolExecutor$Worker.run(ThreadPoolExecutor.java:642)
		at java.base/java.lang.Thread.run(Thread.java:1583)
09-Oct-2026 15:04:20.795 INFO [mysql-cj-abandoned-connection-cleanup] org.apache.catalina.loader.WebappClassLoaderBase.checkStateForResourceLoading Illegal access: this web application instance has been stopped already. Could not load []. The following stack trace is thrown for debugging purposes as well as to attempt to terminate the thread which caused the illegal access.
	java.lang.IllegalStateException: Illegal access: this web application instance has been stopped already. Could not load []. The following stack trace is thrown for debugging purposes as well as to attempt to terminate the thread which caused the illegal access.
		at org.apache.catalina.loader.WebappClassLoaderBase.checkStateForResourceLoading(WebappClassLoaderBase.java:1500)
		at org.apache.catalina.loader.WebappClassLoaderBase.getResource(WebappClassLoaderBase.java:1067)
		at com.mysql.cj.jdbc.AbandonedConnectionCleanupThread.checkThreadContextClassLoader(AbandonedConnectionCleanupThread.java:116)
		at com.mysql.cj.jdbc.AbandonedConnectionCleanupThread.run(AbandonedConnectionCleanupThread.java:83)
		at java.base/java.util.concurrent.ThreadPoolExecutor.runWorker(ThreadPoolExecutor.java:1144)
		at java.base/java.util.concurrent.ThreadPoolExecutor$Worker.run(ThreadPoolExecutor.java:642)
		at java.base/java.lang.Thread.run(Thread.java:1583)
09-Oct-2026 15:04:20.795 INFO [mysql-cj-abandoned-connection-cleanup] org.apache.catalina.loader.WebappClassLoaderBase.checkStateForResourceLoading Illegal access: this web application instance has been stopped already. Could not load []. The following stack trace is thrown for debugging purposes as well as to attempt to terminate the thread which caused the illegal access.
	java.lang.IllegalStateException: Illegal access: this web application instance has been stopped already. Could not load []. The following stack trace is thrown for debugging purposes as well as to attempt to terminate the thread which caused the illegal access.
		at org.apache.catalina.loader.WebappClassLoaderBase.checkStateForResourceLoading(WebappClassLoaderBase.java:1500)
		at org.apache.catalina.loader.WebappClassLoaderBase.getResource(WebappClassLoaderBase.java:1067)
		at com.mysql.cj.jdbc.AbandonedConnectionCleanupThread.checkThreadContextClassLoader(AbandonedConnectionCleanupThread.java:116)
		at com.mysql.cj.jdbc.AbandonedConnectionCleanupThread.run(AbandonedConnectionCleanupThread.java:83)
		at java.base/java.util.concurrent.ThreadPoolExecutor.runWorker(ThreadPoolExecutor.java:1144)
		at java.base/java.util.concurrent.ThreadPoolExecutor$Worker.run(ThreadPoolExecutor.java:642)
		at java.base/java.lang.Thread.run(Thread.java:1583)
09-Oct-2026 15:04:20.795 INFO [mysql-cj-abandoned-connection-cleanup] org.apache.catalina.loader.WebappClassLoaderBase.checkStateForResourceLoading Illegal access: this web application instance has been stopped already. Could not load []. The following stack trace is thrown for debugging purposes as well as to attempt to terminate the thread which caused the illegal access.
	java.lang.IllegalStateException: Illegal access: this web application instance has been stopped already. Could not load []. The following stack trace is thrown for debugging purposes as well as to attempt to terminate the thread which caused the illegal access.
		at org.apache.catalina.loader.WebappClassLoaderBase.checkStateForResourceLoading(WebappClassLoaderBase.java:1500)
		at org.apache.catalina.loader.WebappClassLoaderBase.getResource(WebappClassLoaderBase.java:1067)
		at com.mysql.cj.jdbc.AbandonedConnectionCleanupThread.checkThreadContextClassLoader(AbandonedConnectionCleanupThread.java:116)
		at com.mysql.cj.jdbc.AbandonedConnectionCleanupThread.run(AbandonedConnectionCleanupThread.java:83)
		at java.base/java.util.concurrent.ThreadPoolExecutor.runWorker(ThreadPoolExecutor.java:1144)
		at java.base/java.util.concurrent.ThreadPoolExecutor$Worker.run(ThreadPoolExecutor.java:642)
		at java.base/java.lang.Thread.run(Thread.java:1583)
09-Oct-2026 15:04:20.796 INFO [mysql-cj-abandoned-connection-cleanup] org.apache.catalina.loader.WebappClassLoaderBase.checkStateForResourceLoading Illegal access: this web application instance has been stopped already. Could not load []. The following stack trace is thrown for debugging purposes as well as to attempt to terminate the thread which caused the illegal access.
	java.lang.IllegalStateException: Illegal access: this web application instance has been stopped already. Could not load []. The following stack trace is thrown for debugging purposes as well as to attempt to terminate the thread which caused the illegal access.
		at org.apache.catalina.loader.WebappClassLoaderBase.checkStateForResourceLoading(WebappClassLoaderBase.java:1500)
		at org.apache.catalina.loader.WebappClassLoaderBase.getResource(WebappClassLoaderBase.java:1067)
		at com.mysql.cj.jdbc.AbandonedConnectionCleanupThread.checkThreadContextClassLoader(AbandonedConnectionCleanupThread.java:116)
		at com.mysql.cj.jdbc.AbandonedConnectionCleanupThread.run(AbandonedConnectionCleanupThread.java:83)
		at java.base/java.util.concurrent.ThreadPoolExecutor.runWorker(ThreadPoolExecutor.java:1144)
		at java.base/java.util.concurrent.ThreadPoolExecutor$Worker.run(ThreadPoolExecutor.java:642)
		at java.base/java.lang.Thread.run(Thread.java:1583)
09-Oct-2026 15:04:20.796 INFO [mysql-cj-abandoned-connection-cleanup] org.apache.catalina.loader.WebappClassLoaderBase.checkStateForResourceLoading Illegal access: this web application instance has been stopped already. Could not load []. The following stack trace is thrown for debugging purposes as well as to attempt to terminate the thread which caused the illegal access.
	java.lang.IllegalStateException: Illegal access: this web application instance has been stopped already. Could not load []. The following stack trace is thrown for debugging purposes as well as to attempt to terminate the thread which caused the illegal access.
		at org.apache.catalina.loader.WebappClassLoaderBase.checkStateForResourceLoading(WebappClassLoaderBase.java:1500)
		at org.apache.catalina.loader.WebappClassLoaderBase.getResource(WebappClassLoaderBase.java:1067)
		at com.mysql.cj.jdbc.AbandonedConnectionCleanupThread.checkThreadContextClassLoader(AbandonedConnectionCleanupThread.java:116)
		at com.mysql.cj.jdbc.AbandonedConnectionCleanupThread.run(AbandonedConnectionCleanupThread.java:83)
		at java.base/java.util.concurrent.ThreadPoolExecutor.runWorker(ThreadPoolExecutor.java:1144)
		at java.base/java.util.concurrent.ThreadPoolExecutor$Worker.run(ThreadPoolExecutor.java:642)
		at java.base/java.lang.Thread.run(Thread.java:1583)
09-Oct-2026 15:04:20.796 INFO [mysql-cj-abandoned-connection-cleanup] org.apache.catalina.loader.WebappClassLoaderBase.checkStateForResourceLoading Illegal access: this web application instance has been stopped already. Could not load []. The following stack trace is thrown for debugging purposes as well as to attempt to terminate the thread which caused the illegal access.
	java.lang.IllegalStateException: Illegal access: this web application instance has been stopped already. Could not load []. The following stack trace is thrown for debugging purposes as well as to attempt to terminate the thread which caused the illegal access.
		at org.apache.catalina.loader.WebappClassLoaderBase.checkStateForResourceLoading(WebappClassLoaderBase.java:1500)
		at org.apache.catalina.loader.WebappClassLoaderBase.getResource(WebappClassLoaderBase.java:1067)
		at com.mysql.cj.jdbc.AbandonedConnectionCleanupThread.checkThreadContextClassLoader(AbandonedConnectionCleanupThread.java:116)
		at com.mysql.cj.jdbc.AbandonedConnectionCleanupThread.run(AbandonedConnectionCleanupThread.java:83)
		at java.base/java.util.concurrent.ThreadPoolExecutor.runWorker(ThreadPoolExecutor.java:1144)
		at java.base/java.util.concurrent.ThreadPoolExecutor$Worker.run(ThreadPoolExecutor.java:642)
		at java.base/java.lang.Thread.run(Thread.java:1583)
09-Oct-2026 15:04:20.797 INFO [mysql-cj-abandoned-connection-cleanup] org.apache.catalina.loader.WebappClassLoaderBase.checkStateForResourceLoading Illegal access: this web application instance has been stopped already. Could not load []. The following stack trace is thrown for debugging purposes as well as to attempt to terminate the thread which caused the illegal access.
	java.lang.IllegalStateException: Illegal access: this web application instance has been stopped already. Could not load []. The following stack trace is thrown for debugging purposes as well as to attempt to terminate the thread which caused the illegal access.
		at org.apache.catalina.loader.WebappClassLoaderBase.checkStateForResourceLoading(WebappClassLoaderBase.java:1500)
		at org.apache.catalina.loader.WebappClassLoaderBase.getResource(WebappClassLoaderBase.java:1067)
		at com.mysql.cj.jdbc.AbandonedConnectionCleanupThread.checkThreadContextClassLoader(AbandonedConnectionCleanupThread.java:116)
		at com.mysql.cj.jdbc.AbandonedConnectionCleanupThread.run(AbandonedConnectionCleanupThread.java:83)
		at java.base/java.util.concurrent.ThreadPoolExecutor.runWorker(ThreadPoolExecutor.java:1144)
		at java.base/java.util.concurrent.ThreadPoolExecutor$Worker.run(ThreadPoolExecutor.java:642)
		at java.base/java.lang.Thread.run(Thread.java:1583)
09-Oct-2026 15:04:20.797 INFO [mysql-cj-abandoned-connection-cleanup] org.apache.catalina.loader.WebappClassLoaderBase.checkStateForResourceLoading Illegal access: this web application instance has been stopped already. Could not load []. The following stack trace is thrown for debugging purposes as well as to attempt to terminate the thread which caused the illegal access.
	java.lang.IllegalStateException: Illegal access: this web application instance has been stopped already. Could not load []. The following stack trace is thrown for debugging purposes as well as to attempt to terminate the thread which caused the illegal access.
		at org.apache.catalina.loader.WebappClassLoaderBase.checkStateForResourceLoading(WebappClassLoaderBase.java:1500)
		at org.apache.catalina.loader.WebappClassLoaderBase.getResource(WebappClassLoaderBase.java:1067)
		at com.mysql.cj.jdbc.AbandonedConnectionCleanupThread.checkThreadContextClassLoader(AbandonedConnectionCleanupThread.java:116)
		at com.mysql.cj.jdbc.AbandonedConnectionCleanupThread.run(AbandonedConnectionCleanupThread.java:83)
		at java.base/java.util.concurrent.ThreadPoolExecutor.runWorker(ThreadPoolExecutor.java:1144)
		at java.base/java.util.concurrent.ThreadPoolExecutor$Worker.run(ThreadPoolExecutor.java:642)
		at java.base/java.lang.Thread.run(Thread.java:1583)
09-Oct-2026 15:04:20.798 INFO [mysql-cj-abandoned-connection-cleanup] org.apache.catalina.loader.WebappClassLoaderBase.checkStateForResourceLoading Illegal access: this web application instance has been stopped already. Could not load []. The following stack trace is thrown for debugging purposes as well as to attempt to terminate the thread which caused the illegal access.
	java.lang.IllegalStateException: Illegal access: this web application instance has been stopped already. Could not load []. The following stack trace is thrown for debugging purposes as well as to attempt to terminate the thread which caused the illegal access.
		at org.apache.catalina.loader.WebappClassLoaderBase.checkStateForResourceLoading(WebappClassLoaderBase.java:1500)
		at org.apache.catalina.loader.WebappClassLoaderBase.getResource(WebappClassLoaderBase.java:1067)
		at com.mysql.cj.jdbc.AbandonedConnectionCleanupThread.checkThreadContextClassLoader(AbandonedConnectionCleanupThread.java:116)
		at com.mysql.cj.jdbc.AbandonedConnectionCleanupThread.run(AbandonedConnectionCleanupThread.java:83)
		at java.base/java.util.concurrent.ThreadPoolExecutor.runWorker(ThreadPoolExecutor.java:1144)
		at java.base/java.util.concurrent.ThreadPoolExecutor$Worker.run(ThreadPoolExecutor.java:642)
		at java.base/java.lang.Thread.run(Thread.java:1583)
09-Oct-2026 15:04:20.798 INFO [mysql-cj-abandoned-connection-cleanup] org.apache.catalina.loader.WebappClassLoaderBase.checkStateForResourceLoading Illegal access: this web application instance has been stopped already. Could not load []. The following stack trace is thrown for debugging purposes as well as to attempt to terminate the thread which caused the illegal access.
	java.lang.IllegalStateException: Illegal access: this web application instance has been stopped already. Could not load []. The following stack trace is thrown for debugging purposes as well as to attempt to terminate the thread which caused the illegal access.
		at org.apache.catalina.loader.WebappClassLoaderBase.checkStateForResourceLoading(WebappClassLoaderBase.java:1500)
		at org.apache.catalina.loader.WebappClassLoaderBase.getResource(WebappClassLoaderBase.java:1067)
		at com.mysql.cj.jdbc.AbandonedConnectionCleanupThread.checkThreadContextClassLoader(AbandonedConnectionCleanupThread.java:116)
		at com.mysql.cj.jdbc.AbandonedConnectionCleanupThread.run(AbandonedConnectionCleanupThread.java:83)
		at java.base/java.util.concurrent.ThreadPoolExecutor.runWorker(ThreadPoolExecutor.java:1144)
		at java.base/java.util.concurrent.ThreadPoolExecutor$Worker.run(ThreadPoolExecutor.java:642)
		at java.base/java.lang.Thread.run(Thread.java:1583)
09-Oct-2026 15:04:20.798 INFO [mysql-cj-abandoned-connection-cleanup] org.apache.catalina.loader.WebappClassLoaderBase.checkStateForResourceLoading Illegal access: this web application instance has been stopped already. Could not load []. The following stack trace is thrown for debugging purposes as well as to attempt to terminate the thread which caused the illegal access.
	java.lang.IllegalStateException: Illegal access: this web application instance has been stopped already. Could not load []. The following stack trace is thrown for debugging purposes as well as to attempt to terminate the thread which caused the illegal access.
		at org.apache.catalina.loader.WebappClassLoaderBase.checkStateForResourceLoading(WebappClassLoaderBase.java:1500)
		at org.apache.catalina.loader.WebappClassLoaderBase.getResource(WebappClassLoaderBase.java:1067)
		at com.mysql.cj.jdbc.AbandonedConnectionCleanupThread.checkThreadContextClassLoader(AbandonedConnectionCleanupThread.java:116)
		at com.mysql.cj.jdbc.AbandonedConnectionCleanupThread.run(AbandonedConnectionCleanupThread.java:83)
		at java.base/java.util.concurrent.ThreadPoolExecutor.runWorker(ThreadPoolExecutor.java:1144)
		at java.base/java.util.concurrent.ThreadPoolExecutor$Worker.run(ThreadPoolExecutor.java:642)
		at java.base/java.lang.Thread.run(Thread.java:1583)
09-Oct-2026 15:04:20.798 INFO [mysql-cj-abandoned-connection-cleanup] org.apache.catalina.loader.WebappClassLoaderBase.checkStateForResourceLoading Illegal access: this web application instance has been stopped already. Could not load []. The following stack trace is thrown for debugging purposes as well as to attempt to terminate the thread which caused the illegal access.
	java.lang.IllegalStateException: Illegal access: this web application instance has been stopped already. Could not load []. The following stack trace is thrown for debugging purposes as well as to attempt to terminate the thread which caused the illegal access.
		at org.apache.catalina.loader.WebappClassLoaderBase.checkStateForResourceLoading(WebappClassLoaderBase.java:1500)
		at org.apache.catalina.loader.WebappClassLoaderBase.getResource(WebappClassLoaderBase.java:1067)
		at com.mysql.cj.jdbc.AbandonedConnectionCleanupThread.checkThreadContextClassLoader(AbandonedConnectionCleanupThread.java:116)
		at com.mysql.cj.jdbc.AbandonedConnectionCleanupThread.run(AbandonedConnectionCleanupThread.java:83)
		at java.base/java.util.concurrent.ThreadPoolExecutor.runWorker(ThreadPoolExecutor.java:1144)
		at java.base/java.util.concurrent.ThreadPoolExecutor$Worker.run(ThreadPoolExecutor.java:642)
		at java.base/java.lang.Thread.run(Thread.java:1583)
09-Oct-2026 15:04:20.799 INFO [mysql-cj-abandoned-connection-cleanup] org.apache.catalina.loader.WebappClassLoaderBase.checkStateForResourceLoading Illegal access: this web application instance has been stopped already. Could not load []. The following stack trace is thrown for debugging purposes as well as to attempt to terminate the thread which caused the illegal access.
	java.lang.IllegalStateException: Illegal access: this web application instance has been stopped already. Could not load []. The following stack trace is thrown for debugging purposes as well as to attempt to terminate the thread which caused the illegal access.
		at org.apache.catalina.loader.WebappClassLoaderBase.checkStateForResourceLoading(WebappClassLoaderBase.java:1500)
		at org.apache.catalina.loader.WebappClassLoaderBase.getResource(WebappClassLoaderBase.java:1067)
		at com.mysql.cj.jdbc.AbandonedConnectionCleanupThread.checkThreadContextClassLoader(AbandonedConnectionCleanupThread.java:116)
		at com.mysql.cj.jdbc.AbandonedConnectionCleanupThread.run(AbandonedConnectionCleanupThread.java:83)
		at java.base/java.util.concurrent.ThreadPoolExecutor.runWorker(ThreadPoolExecutor.java:1144)
		at java.base/java.util.concurrent.ThreadPoolExecutor$Worker.run(ThreadPoolExecutor.java:642)
		at java.base/java.lang.Thread.run(Thread.java:1583)
09-Oct-2026 15:04:20.799 INFO [mysql-cj-abandoned-connection-cleanup] org.apache.catalina.loader.WebappClassLoaderBase.checkStateForResourceLoading Illegal access: this web application instance has been stopped already. Could not load []. The following stack trace is thrown for debugging purposes as well as to attempt to terminate the thread which caused the illegal access.
	java.lang.IllegalStateException: Illegal access: this web application instance has been stopped already. Could not load []. The following stack trace is thrown for debugging purposes as well as to attempt to terminate the thread which caused the illegal access.
		at org.apache.catalina.loader.WebappClassLoaderBase.checkStateForResourceLoading(WebappClassLoaderBase.java:1500)
		at org.apache.catalina.loader.WebappClassLoaderBase.getResource(WebappClassLoaderBase.java:1067)
		at com.mysql.cj.jdbc.AbandonedConnectionCleanupThread.checkThreadContextClassLoader(AbandonedConnectionCleanupThread.java:116)
		at com.mysql.cj.jdbc.AbandonedConnectionCleanupThread.run(AbandonedConnectionCleanupThread.java:83)
		at java.base/java.util.concurrent.ThreadPoolExecutor.runWorker(ThreadPoolExecutor.java:1144)
		at java.base/java.util.concurrent.ThreadPoolExecutor$Worker.run(ThreadPoolExecutor.java:642)
		at java.base/java.lang.Thread.run(Thread.java:1583)
09-Oct-2026 15:04:20.800 INFO [mysql-cj-abandoned-connection-cleanup] org.apache.catalina.loader.WebappClassLoaderBase.checkStateForResourceLoading Illegal access: this web application instance has been stopped already. Could not load []. The following stack trace is thrown for debugging purposes as well as to attempt to terminate the thread which caused the illegal access.
	java.lang.IllegalStateException: Illegal access: this web application instance has been stopped already. Could not load []. The following stack trace is thrown for debugging purposes as well as to attempt to terminate the thread which caused the illegal access.
		at org.apache.catalina.loader.WebappClassLoaderBase.checkStateForResourceLoading(WebappClassLoaderBase.java:1500)
		at org.apache.catalina.loader.WebappClassLoaderBase.getResource(WebappClassLoaderBase.java:1067)
		at com.mysql.cj.jdbc.AbandonedConnectionCleanupThread.checkThreadContextClassLoader(AbandonedConnectionCleanupThread.java:116)
		at com.mysql.cj.jdbc.AbandonedConnectionCleanupThread.run(AbandonedConnectionCleanupThread.java:83)
		at java.base/java.util.concurrent.ThreadPoolExecutor.runWorker(ThreadPoolExecutor.java:1144)
		at java.base/java.util.concurrent.ThreadPoolExecutor$Worker.run(ThreadPoolExecutor.java:642)
		at java.base/java.lang.Thread.run(Thread.java:1583)
09-Oct-2026 15:04:20.800 INFO [mysql-cj-abandoned-connection-cleanup] org.apache.catalina.loader.WebappClassLoaderBase.checkStateForResourceLoading Illegal access: this web application instance has been stopped already. Could not load []. The following stack trace is thrown for debugging purposes as well as to attempt to terminate the thread which caused the illegal access.
	java.lang.IllegalStateException: Illegal access: this web application instance has been stopped already. Could not load []. The following stack trace is thrown for debugging purposes as well as to attempt to terminate the thread which caused the illegal access.
		at org.apache.catalina.loader.WebappClassLoaderBase.checkStateForResourceLoading(WebappClassLoaderBase.java:1500)
		at org.apache.catalina.loader.WebappClassLoaderBase.getResource(WebappClassLoaderBase.java:1067)
		at com.mysql.cj.jdbc.AbandonedConnectionCleanupThread.checkThreadContextClassLoader(AbandonedConnectionCleanupThread.java:116)
		at com.mysql.cj.jdbc.AbandonedConnectionCleanupThread.run(AbandonedConnectionCleanupThread.java:83)
		at java.base/java.util.concurrent.ThreadPoolExecutor.runWorker(ThreadPoolExecutor.java:1144)
		at java.base/java.util.concurrent.ThreadPoolExecutor$Worker.run(ThreadPoolExecutor.java:642)
		at java.base/java.lang.Thread.run(Thread.java:1583)
09-Oct-2026 15:04:20.801 INFO [mysql-cj-abandoned-connection-cleanup] org.apache.catalina.loader.WebappClassLoaderBase.checkStateForResourceLoading Illegal access: this web application instance has been stopped already. Could not load []. The following stack trace is thrown for debugging purposes as well as to attempt to terminate the thread which caused the illegal access.
	java.lang.IllegalStateException: Illegal access: this web application instance has been stopped already. Could not load []. The following stack trace is thrown for debugging purposes as well as to attempt to terminate the thread which caused the illegal access.
		at org.apache.catalina.loader.WebappClassLoaderBase.checkStateForResourceLoading(WebappClassLoaderBase.java:1500)
		at org.apache.catalina.loader.WebappClassLoaderBase.getResource(WebappClassLoaderBase.java:1067)
		at com.mysql.cj.jdbc.AbandonedConnectionCleanupThread.checkThreadContextClassLoader(AbandonedConnectionCleanupThread.java:116)
		at com.mysql.cj.jdbc.AbandonedConnectionCleanupThread.run(AbandonedConnectionCleanupThread.java:83)
		at java.base/java.util.concurrent.ThreadPoolExecutor.runWorker(ThreadPoolExecutor.java:1144)
		at java.base/java.util.concurrent.ThreadPoolExecutor$Worker.run(ThreadPoolExecutor.java:642)
		at java.base/java.lang.Thread.run(Thread.java:1583)
09-Oct-2026 15:04:20.801 INFO [mysql-cj-abandoned-connection-cleanup] org.apache.catalina.loader.WebappClassLoaderBase.checkStateForResourceLoading Illegal access: this web application instance has been stopped already. Could not load []. The following stack trace is thrown for debugging purposes as well as to attempt to terminate the thread which caused the illegal access.
	java.lang.IllegalStateException: Illegal access: this web application instance has been stopped already. Could not load []. The following stack trace is thrown for debugging purposes as well as to attempt to terminate the thread which caused the illegal access.
		at org.apache.catalina.loader.WebappClassLoaderBase.checkStateForResourceLoading(WebappClassLoaderBase.java:1500)
		at org.apache.catalina.loader.WebappClassLoaderBase.getResource(WebappClassLoaderBase.java:1067)
		at com.mysql.cj.jdbc.AbandonedConnectionCleanupThread.checkThreadContextClassLoader(AbandonedConnectionCleanupThread.java:116)
		at com.mysql.cj.jdbc.AbandonedConnectionCleanupThread.run(AbandonedConnectionCleanupThread.java:83)
		at java.base/java.util.concurrent.ThreadPoolExecutor.runWorker(ThreadPoolExecutor.java:1144)
		at java.base/java.util.concurrent.ThreadPoolExecutor$Worker.run(ThreadPoolExecutor.java:642)
		at java.base/java.lang.Thread.run(Thread.java:1583)
09-Oct-2026 15:04:20.802 INFO [mysql-cj-abandoned-connection-cleanup] org.apache.catalina.loader.WebappClassLoaderBase.checkStateForResourceLoading Illegal access: this web application instance has been stopped already. Could not load []. The following stack trace is thrown for debugging purposes as well as to attempt to terminate the thread which caused the illegal access.
	java.lang.IllegalStateException: Illegal access: this web application instance has been stopped already. Could not load []. The following stack trace is thrown for debugging purposes as well as to attempt to terminate the thread which caused the illegal access.
		at org.apache.catalina.loader.WebappClassLoaderBase.checkStateForResourceLoading(WebappClassLoaderBase.java:1500)
		at org.apache.catalina.loader.WebappClassLoaderBase.getResource(WebappClassLoaderBase.java:1067)
		at com.mysql.cj.jdbc.AbandonedConnectionCleanupThread.checkThreadContextClassLoader(AbandonedConnectionCleanupThread.java:116)
		at com.mysql.cj.jdbc.AbandonedConnectionCleanupThread.run(AbandonedConnectionCleanupThread.java:83)
		at java.base/java.util.concurrent.ThreadPoolExecutor.runWorker(ThreadPoolExecutor.java:1144)
		at java.base/java.util.concurrent.ThreadPoolExecutor$Worker.run(ThreadPoolExecutor.java:642)
		at java.base/java.lang.Thread.run(Thread.java:1583)
09-Oct-2026 15:04:20.802 INFO [mysql-cj-abandoned-connection-cleanup] org.apache.catalina.loader.WebappClassLoaderBase.checkStateForResourceLoading Illegal access: this web application instance has been stopped already. Could not load []. The following stack trace is thrown for debugging purposes as well as to attempt to terminate the thread which caused the illegal access.
	java.lang.IllegalStateException: Illegal access: this web application instance has been stopped already. Could not load []. The following stack trace is thrown for debugging purposes as well as to attempt to terminate the thread which caused the illegal access.
		at org.apache.catalina.loader.WebappClassLoaderBase.checkStateForResourceLoading(WebappClassLoaderBase.java:1500)
		at org.apache.catalina.loader.WebappClassLoaderBase.getResource(WebappClassLoaderBase.java:1067)
		at com.mysql.cj.jdbc.AbandonedConnectionCleanupThread.checkThreadContextClassLoader(AbandonedConnectionCleanupThread.java:116)
		at com.mysql.cj.jdbc.AbandonedConnectionCleanupThread.run(AbandonedConnectionCleanupThread.java:83)
		at java.base/java.util.concurrent.ThreadPoolExecutor.runWorker(ThreadPoolExecutor.java:1144)
		at java.base/java.util.concurrent.ThreadPoolExecutor$Worker.run(ThreadPoolExecutor.java:642)
		at java.base/java.lang.Thread.run(Thread.java:1583)
09-Oct-2026 15:04:20.802 INFO [mysql-cj-abandoned-connection-cleanup] org.apache.catalina.loader.WebappClassLoaderBase.checkStateForResourceLoading Illegal access: this web application instance has been stopped already. Could not load []. The following stack trace is thrown for debugging purposes as well as to attempt to terminate the thread which caused the illegal access.
	java.lang.IllegalStateException: Illegal access: this web application instance has been stopped already. Could not load []. The following stack trace is thrown for debugging purposes as well as to attempt to terminate the thread which caused the illegal access.
		at org.apache.catalina.loader.WebappClassLoaderBase.checkStateForResourceLoading(WebappClassLoaderBase.java:1500)
		at org.apache.catalina.loader.WebappClassLoaderBase.getResource(WebappClassLoaderBase.java:1067)
		at com.mysql.cj.jdbc.AbandonedConnectionCleanupThread.checkThreadContextClassLoader(AbandonedConnectionCleanupThread.java:116)
		at com.mysql.cj.jdbc.AbandonedConnectionCleanupThread.run(AbandonedConnectionCleanupThread.java:83)
		at java.base/java.util.concurrent.ThreadPoolExecutor.runWorker(ThreadPoolExecutor.java:1144)
		at java.base/java.util.concurrent.ThreadPoolExecutor$Worker.run(ThreadPoolExecutor.java:642)
		at java.base/java.lang.Thread.run(Thread.java:1583)
09-Oct-2026 15:04:20.802 INFO [mysql-cj-abandoned-connection-cleanup] org.apache.catalina.loader.WebappClassLoaderBase.checkStateForResourceLoading Illegal access: this web application instance has been stopped already. Could not load []. The following stack trace is thrown for debugging purposes as well as to attempt to terminate the thread which caused the illegal access.
	java.lang.IllegalStateException: Illegal access: this web application instance has been stopped already. Could not load []. The following stack trace is thrown for debugging purposes as well as to attempt to terminate the thread which caused the illegal access.
		at org.apache.catalina.loader.WebappClassLoaderBase.checkStateForResourceLoading(WebappClassLoaderBase.java:1500)
		at org.apache.catalina.loader.WebappClassLoaderBase.getResource(WebappClassLoaderBase.java:1067)
		at com.mysql.cj.jdbc.AbandonedConnectionCleanupThread.checkThreadContextClassLoader(AbandonedConnectionCleanupThread.java:116)
		at com.mysql.cj.jdbc.AbandonedConnectionCleanupThread.run(AbandonedConnectionCleanupThread.java:83)
		at java.base/java.util.concurrent.ThreadPoolExecutor.runWorker(ThreadPoolExecutor.java:1144)
		at java.base/java.util.concurrent.ThreadPoolExecutor$Worker.run(ThreadPoolExecutor.java:642)
		at java.base/java.lang.Thread.run(Thread.java:1583)
09-Oct-2026 15:04:20.803 INFO [mysql-cj-abandoned-connection-cleanup] org.apache.catalina.loader.WebappClassLoaderBase.checkStateForResourceLoading Illegal access: this web application instance has been stopped already. Could not load []. The following stack trace is thrown for debugging purposes as well as to attempt to terminate the thread which caused the illegal access.
	java.lang.IllegalStateException: Illegal access: this web application instance has been stopped already. Could not load []. The following stack trace is thrown for debugging purposes as well as to attempt to terminate the thread which caused the illegal access.
		at org.apache.catalina.loader.WebappClassLoaderBase.checkStateForResourceLoading(WebappClassLoaderBase.java:1500)
		at org.apache.catalina.loader.WebappClassLoaderBase.getResource(WebappClassLoaderBase.java:1067)
		at com.mysql.cj.jdbc.AbandonedConnectionCleanupThread.checkThreadContextClassLoader(AbandonedConnectionCleanupThread.java:116)
		at com.mysql.cj.jdbc.AbandonedConnectionCleanupThread.run(AbandonedConnectionCleanupThread.java:83)
		at java.base/java.util.concurrent.ThreadPoolExecutor.runWorker(ThreadPoolExecutor.java:1144)
		at java.base/java.util.concurrent.ThreadPoolExecutor$Worker.run(ThreadPoolExecutor.java:642)
		at java.base/java.lang.Thread.run(Thread.java:1583)
09-Oct-2026 15:04:20.803 INFO [mysql-cj-abandoned-connection-cleanup] org.apache.catalina.loader.WebappClassLoaderBase.checkStateForResourceLoading Illegal access: this web application instance has been stopped already. Could not load []. The following stack trace is thrown for debugging purposes as well as to attempt to terminate the thread which caused the illegal access.
	java.lang.IllegalStateException: Illegal access: this web application instance has been stopped already. Could not load []. The following stack trace is thrown for debugging purposes as well as to attempt to terminate the thread which caused the illegal access.
		at org.apache.catalina.loader.WebappClassLoaderBase.checkStateForResourceLoading(WebappClassLoaderBase.java:1500)
		at org.apache.catalina.loader.WebappClassLoaderBase.getResource(WebappClassLoaderBase.java:1067)
		at com.mysql.cj.jdbc.AbandonedConnectionCleanupThread.checkThreadContextClassLoader(AbandonedConnectionCleanupThread.java:116)
		at com.mysql.cj.jdbc.AbandonedConnectionCleanupThread.run(AbandonedConnectionCleanupThread.java:83)
		at java.base/java.util.concurrent.ThreadPoolExecutor.runWorker(ThreadPoolExecutor.java:1144)
		at java.base/java.util.concurrent.ThreadPoolExecutor$Worker.run(ThreadPoolExecutor.java:642)
		at java.base/java.lang.Thread.run(Thread.java:1583)
09-Oct-2026 15:04:20.804 INFO [mysql-cj-abandoned-connection-cleanup] org.apache.catalina.loader.WebappClassLoaderBase.checkStateForResourceLoading Illegal access: this web application instance has been stopped already. Could not load []. The following stack trace is thrown for debugging purposes as well as to attempt to terminate the thread which caused the illegal access.
	java.lang.IllegalStateException: Illegal access: this web application instance has been stopped already. Could not load []. The following stack trace is thrown for debugging purposes as well as to attempt to terminate the thread which caused the illegal access.
		at org.apache.catalina.loader.WebappClassLoaderBase.checkStateForResourceLoading(WebappClassLoaderBase.java:1500)
		at org.apache.catalina.loader.WebappClassLoaderBase.getResource(WebappClassLoaderBase.java:1067)
		at com.mysql.cj.jdbc.AbandonedConnectionCleanupThread.checkThreadContextClassLoader(AbandonedConnectionCleanupThread.java:116)
		at com.mysql.cj.jdbc.AbandonedConnectionCleanupThread.run(AbandonedConnectionCleanupThread.java:83)
		at java.base/java.util.concurrent.ThreadPoolExecutor.runWorker(ThreadPoolExecutor.java:1144)
		at java.base/java.util.concurrent.ThreadPoolExecutor$Worker.run(ThreadPoolExecutor.java:642)
		at java.base/java.lang.Thread.run(Thread.java:1583)
09-Oct-2026 15:04:20.804 INFO [mysql-cj-abandoned-connection-cleanup] org.apache.catalina.loader.WebappClassLoaderBase.checkStateForResourceLoading Illegal access: this web application instance has been stopped already. Could not load []. The following stack trace is thrown for debugging purposes as well as to attempt to terminate the thread which caused the illegal access.
	java.lang.IllegalStateException: Illegal access: this web application instance has been stopped already. Could not load []. The following stack trace is thrown for debugging purposes as well as to attempt to terminate the thread which caused the illegal access.
		at org.apache.catalina.loader.WebappClassLoaderBase.checkStateForResourceLoading(WebappClassLoaderBase.java:1500)
		at org.apache.catalina.loader.WebappClassLoaderBase.getResource(WebappClassLoaderBase.java:1067)
		at com.mysql.cj.jdbc.AbandonedConnectionCleanupThread.checkThreadContextClassLoader(AbandonedConnectionCleanupThread.java:116)
		at com.mysql.cj.jdbc.AbandonedConnectionCleanupThread.run(AbandonedConnectionCleanupThread.java:83)
		at java.base/java.util.concurrent.ThreadPoolExecutor.runWorker(ThreadPoolExecutor.java:1144)
		at java.base/java.util.concurrent.ThreadPoolExecutor$Worker.run(ThreadPoolExecutor.java:642)
		at java.base/java.lang.Thread.run(Thread.java:1583)
09-Oct-2026 15:04:20.805 INFO [mysql-cj-abandoned-connection-cleanup] org.apache.catalina.loader.WebappClassLoaderBase.checkStateForResourceLoading Illegal access: this web application instance has been stopped already. Could not load []. The following stack trace is thrown for debugging purposes as well as to attempt to terminate the thread which caused the illegal access.
	java.lang.IllegalStateException: Illegal access: this web application instance has been stopped already. Could not load []. The following stack trace is thrown for debugging purposes as well as to attempt to terminate the thread which caused the illegal access.
		at org.apache.catalina.loader.WebappClassLoaderBase.checkStateForResourceLoading(WebappClassLoaderBase.java:1500)
		at org.apache.catalina.loader.WebappClassLoaderBase.getResource(WebappClassLoaderBase.java:1067)
		at com.mysql.cj.jdbc.AbandonedConnectionCleanupThread.checkThreadContextClassLoader(AbandonedConnectionCleanupThread.java:116)
		at com.mysql.cj.jdbc.AbandonedConnectionCleanupThread.run(AbandonedConnectionCleanupThread.java:83)
		at java.base/java.util.concurrent.ThreadPoolExecutor.runWorker(ThreadPoolExecutor.java:1144)
		at java.base/java.util.concurrent.ThreadPoolExecutor$Worker.run(ThreadPoolExecutor.java:642)
		at java.base/java.lang.Thread.run(Thread.java:1583)
09-Oct-2026 15:04:26.907 INFO [Catalina-utility-1] org.apache.jasper.servlet.TldScanner.scanJars At least one JAR was scanned for TLDs yet contained no TLDs. Enable debug logging for this logger for a complete list of JARs that were scanned but no TLDs were found in them. Skipping unneeded JARs during scanning can improve startup time and JSP compilation time.
09-Oct-2026 15:04:27.120 INFO [Catalina-utility-1] org.apache.catalina.startup.HostConfig.deployWAR Deployment of web application archive [E:\simtrade\simtrade\tomcat\apache-tomcat-10.1.60\webapps\paper-trading.war] has finished in [6,509] ms
09-Oct-2026 15:08:07.379 INFO [Catalina-utility-2] org.apache.catalina.startup.HostConfig.undeploy Undeploying context [/paper-trading]
09-Oct-2026 15:08:07.392 WARNING [Catalina-utility-2] org.apache.catalina.loader.WebappClassLoaderBase.clearReferencesJdbc The web application [paper-trading] registered the JDBC driver [com.mysql.cj.jdbc.Driver] but failed to unregister it when the web application was stopped. To prevent a memory leak, the JDBC Driver has been forcibly unregistered.
09-Oct-2026 15:08:07.392 WARNING [Catalina-utility-2] org.apache.catalina.loader.WebappClassLoaderBase.clearReferencesThreads The web application [paper-trading] appears to have started a thread named [mysql-cj-abandoned-connection-cleanup] but has failed to stop it. This is very likely to create a memory leak. Stack trace of thread:
 java.base/jdk.internal.misc.Unsafe.park(Native Method)
 java.base/java.util.concurrent.locks.LockSupport.parkNanos(LockSupport.java:269)
 java.base/java.util.concurrent.locks.AbstractQueuedSynchronizer$ConditionObject.await(AbstractQueuedSynchronizer.java:1852)
 java.base/java.lang.ref.ReferenceQueue.await(ReferenceQueue.java:71)
 java.base/java.lang.ref.ReferenceQueue.remove0(ReferenceQueue.java:143)
 java.base/java.lang.ref.ReferenceQueue.remove(ReferenceQueue.java:218)
 com.mysql.cj.jdbc.AbandonedConnectionCleanupThread.run(AbandonedConnectionCleanupThread.java:84)
 java.base/java.util.concurrent.ThreadPoolExecutor.runWorker(ThreadPoolExecutor.java:1144)
 java.base/java.util.concurrent.ThreadPoolExecutor$Worker.run(ThreadPoolExecutor.java:642)
 java.base/java.lang.Thread.run(Thread.java:1583)
09-Oct-2026 15:08:07.392 WARNING [Catalina-utility-2] org.apache.catalina.loader.WebappClassLoaderBase.clearReferencesThreads The web application [paper-trading] appears to have started a thread named [Atmosphere-Scheduler-0] but has failed to stop it. This is very likely to create a memory leak. Stack trace of thread:
 java.base/jdk.internal.misc.Unsafe.park(Native Method)
 java.base/java.util.concurrent.locks.LockSupport.parkNanos(LockSupport.java:269)
 java.base/java.util.concurrent.locks.AbstractQueuedSynchronizer$ConditionObject.awaitNanos(AbstractQueuedSynchronizer.java:1763)
 java.base/java.util.concurrent.ScheduledThreadPoolExecutor$DelayedWorkQueue.poll(ScheduledThreadPoolExecutor.java:1223)
 java.base/java.util.concurrent.ScheduledThreadPoolExecutor$DelayedWorkQueue.poll(ScheduledThreadPoolExecutor.java:899)
 java.base/java.util.concurrent.ThreadPoolExecutor.getTask(ThreadPoolExecutor.java:1069)
 java.base/java.util.concurrent.ThreadPoolExecutor.runWorker(ThreadPoolExecutor.java:1130)
 java.base/java.util.concurrent.ThreadPoolExecutor$Worker.run(ThreadPoolExecutor.java:642)
 java.base/java.lang.Thread.run(Thread.java:1583)
09-Oct-2026 15:08:07.393 WARNING [Catalina-utility-2] org.apache.catalina.loader.WebappClassLoaderBase.clearReferencesThreads The web application [paper-trading] appears to have started a thread named [Atmosphere-Shared-0] but has failed to stop it. This is very likely to create a memory leak. Stack trace of thread:
 java.base/jdk.internal.misc.Unsafe.park(Native Method)
 java.base/java.util.concurrent.locks.LockSupport.parkNanos(LockSupport.java:269)
 java.base/java.util.concurrent.locks.AbstractQueuedSynchronizer$ConditionObject.awaitNanos(AbstractQueuedSynchronizer.java:1763)
 java.base/java.util.concurrent.LinkedBlockingQueue.poll(LinkedBlockingQueue.java:460)
 org.atmosphere.cpr.DefaultBroadcaster$1.run(DefaultBroadcaster.java:405)
 java.base/java.util.concurrent.Executors$RunnableAdapter.call(Executors.java:572)
 java.base/java.util.concurrent.FutureTask.run(FutureTask.java:317)
 java.base/java.util.concurrent.ForkJoinTask$RunnableExecuteAction.exec(ForkJoinTask.java:1423)
 java.base/java.util.concurrent.ForkJoinTask.doExec(ForkJoinTask.java:387)
 java.base/java.util.concurrent.ForkJoinPool$WorkQueue.topLevelExec(ForkJoinPool.java:1312)
 java.base/java.util.concurrent.ForkJoinPool.scan(ForkJoinPool.java:1843)
 java.base/java.util.concurrent.ForkJoinPool.runWorker(ForkJoinPool.java:1808)
 java.base/java.util.concurrent.ForkJoinWorkerThread.run(ForkJoinWorkerThread.java:188)
09-Oct-2026 15:08:07.393 WARNING [Catalina-utility-2] org.apache.catalina.loader.WebappClassLoaderBase.clearReferencesThreads The web application [paper-trading] appears to have started a thread named [Atmosphere-Scheduler-1] but has failed to stop it. This is very likely to create a memory leak. Stack trace of thread:
 java.base/jdk.internal.misc.Unsafe.park(Native Method)
 java.base/java.util.concurrent.locks.LockSupport.parkNanos(LockSupport.java:269)
 java.base/java.util.concurrent.locks.AbstractQueuedSynchronizer$ConditionObject.awaitNanos(AbstractQueuedSynchronizer.java:1763)
 java.base/java.util.concurrent.ScheduledThreadPoolExecutor$DelayedWorkQueue.poll(ScheduledThreadPoolExecutor.java:1218)
 java.base/java.util.concurrent.ScheduledThreadPoolExecutor$DelayedWorkQueue.poll(ScheduledThreadPoolExecutor.java:899)
 java.base/java.util.concurrent.ThreadPoolExecutor.getTask(ThreadPoolExecutor.java:1069)
 java.base/java.util.concurrent.ThreadPoolExecutor.runWorker(ThreadPoolExecutor.java:1130)
 java.base/java.util.concurrent.ThreadPoolExecutor$Worker.run(ThreadPoolExecutor.java:642)
 java.base/java.lang.Thread.run(Thread.java:1583)
09-Oct-2026 15:08:07.443 INFO [Catalina-utility-2] org.apache.catalina.startup.HostConfig.deployWAR Deploying web application archive [E:\simtrade\simtrade\tomcat\apache-tomcat-10.1.60\webapps\paper-trading.war]
09-Oct-2026 15:08:12.028 INFO [mysql-cj-abandoned-connection-cleanup] org.apache.catalina.loader.WebappClassLoaderBase.checkStateForResourceLoading Illegal access: this web application instance has been stopped already. Could not load []. The following stack trace is thrown for debugging purposes as well as to attempt to terminate the thread which caused the illegal access.
	java.lang.IllegalStateException: Illegal access: this web application instance has been stopped already. Could not load []. The following stack trace is thrown for debugging purposes as well as to attempt to terminate the thread which caused the illegal access.
		at org.apache.catalina.loader.WebappClassLoaderBase.checkStateForResourceLoading(WebappClassLoaderBase.java:1500)
		at org.apache.catalina.loader.WebappClassLoaderBase.getResource(WebappClassLoaderBase.java:1067)
		at com.mysql.cj.jdbc.AbandonedConnectionCleanupThread.checkThreadContextClassLoader(AbandonedConnectionCleanupThread.java:116)
		at com.mysql.cj.jdbc.AbandonedConnectionCleanupThread.run(AbandonedConnectionCleanupThread.java:83)
		at java.base/java.util.concurrent.ThreadPoolExecutor.runWorker(ThreadPoolExecutor.java:1144)
		at java.base/java.util.concurrent.ThreadPoolExecutor$Worker.run(ThreadPoolExecutor.java:642)
		at java.base/java.lang.Thread.run(Thread.java:1583)
09-Oct-2026 15:08:12.029 INFO [mysql-cj-abandoned-connection-cleanup] org.apache.catalina.loader.WebappClassLoaderBase.checkStateForResourceLoading Illegal access: this web application instance has been stopped already. Could not load []. The following stack trace is thrown for debugging purposes as well as to attempt to terminate the thread which caused the illegal access.
	java.lang.IllegalStateException: Illegal access: this web application instance has been stopped already. Could not load []. The following stack trace is thrown for debugging purposes as well as to attempt to terminate the thread which caused the illegal access.
		at org.apache.catalina.loader.WebappClassLoaderBase.checkStateForResourceLoading(WebappClassLoaderBase.java:1500)
		at org.apache.catalina.loader.WebappClassLoaderBase.getResource(WebappClassLoaderBase.java:1067)
		at com.mysql.cj.jdbc.AbandonedConnectionCleanupThread.checkThreadContextClassLoader(AbandonedConnectionCleanupThread.java:116)
		at com.mysql.cj.jdbc.AbandonedConnectionCleanupThread.run(AbandonedConnectionCleanupThread.java:83)
		at java.base/java.util.concurrent.ThreadPoolExecutor.runWorker(ThreadPoolExecutor.java:1144)
		at java.base/java.util.concurrent.ThreadPoolExecutor$Worker.run(ThreadPoolExecutor.java:642)
		at java.base/java.lang.Thread.run(Thread.java:1583)
09-Oct-2026 15:08:12.029 INFO [mysql-cj-abandoned-connection-cleanup] org.apache.catalina.loader.WebappClassLoaderBase.checkStateForResourceLoading Illegal access: this web application instance has been stopped already. Could not load []. The following stack trace is thrown for debugging purposes as well as to attempt to terminate the thread which caused the illegal access.
	java.lang.IllegalStateException: Illegal access: this web application instance has been stopped already. Could not load []. The following stack trace is thrown for debugging purposes as well as to attempt to terminate the thread which caused the illegal access.
		at org.apache.catalina.loader.WebappClassLoaderBase.checkStateForResourceLoading(WebappClassLoaderBase.java:1500)
		at org.apache.catalina.loader.WebappClassLoaderBase.getResource(WebappClassLoaderBase.java:1067)
		at com.mysql.cj.jdbc.AbandonedConnectionCleanupThread.checkThreadContextClassLoader(AbandonedConnectionCleanupThread.java:116)
		at com.mysql.cj.jdbc.AbandonedConnectionCleanupThread.run(AbandonedConnectionCleanupThread.java:83)
		at java.base/java.util.concurrent.ThreadPoolExecutor.runWorker(ThreadPoolExecutor.java:1144)
		at java.base/java.util.concurrent.ThreadPoolExecutor$Worker.run(ThreadPoolExecutor.java:642)
		at java.base/java.lang.Thread.run(Thread.java:1583)
09-Oct-2026 15:08:12.029 INFO [mysql-cj-abandoned-connection-cleanup] org.apache.catalina.loader.WebappClassLoaderBase.checkStateForResourceLoading Illegal access: this web application instance has been stopped already. Could not load []. The following stack trace is thrown for debugging purposes as well as to attempt to terminate the thread which caused the illegal access.
	java.lang.IllegalStateException: Illegal access: this web application instance has been stopped already. Could not load []. The following stack trace is thrown for debugging purposes as well as to attempt to terminate the thread which caused the illegal access.
		at org.apache.catalina.loader.WebappClassLoaderBase.checkStateForResourceLoading(WebappClassLoaderBase.java:1500)
		at org.apache.catalina.loader.WebappClassLoaderBase.getResource(WebappClassLoaderBase.java:1067)
		at com.mysql.cj.jdbc.AbandonedConnectionCleanupThread.checkThreadContextClassLoader(AbandonedConnectionCleanupThread.java:116)
		at com.mysql.cj.jdbc.AbandonedConnectionCleanupThread.run(AbandonedConnectionCleanupThread.java:83)
		at java.base/java.util.concurrent.ThreadPoolExecutor.runWorker(ThreadPoolExecutor.java:1144)
		at java.base/java.util.concurrent.ThreadPoolExecutor$Worker.run(ThreadPoolExecutor.java:642)
		at java.base/java.lang.Thread.run(Thread.java:1583)
09-Oct-2026 15:08:12.029 INFO [mysql-cj-abandoned-connection-cleanup] org.apache.catalina.loader.WebappClassLoaderBase.checkStateForResourceLoading Illegal access: this web application instance has been stopped already. Could not load []. The following stack trace is thrown for debugging purposes as well as to attempt to terminate the thread which caused the illegal access.
	java.lang.IllegalStateException: Illegal access: this web application instance has been stopped already. Could not load []. The following stack trace is thrown for debugging purposes as well as to attempt to terminate the thread which caused the illegal access.
		at org.apache.catalina.loader.WebappClassLoaderBase.checkStateForResourceLoading(WebappClassLoaderBase.java:1500)
		at org.apache.catalina.loader.WebappClassLoaderBase.getResource(WebappClassLoaderBase.java:1067)
		at com.mysql.cj.jdbc.AbandonedConnectionCleanupThread.checkThreadContextClassLoader(AbandonedConnectionCleanupThread.java:116)
		at com.mysql.cj.jdbc.AbandonedConnectionCleanupThread.run(AbandonedConnectionCleanupThread.java:83)
		at java.base/java.util.concurrent.ThreadPoolExecutor.runWorker(ThreadPoolExecutor.java:1144)
		at java.base/java.util.concurrent.ThreadPoolExecutor$Worker.run(ThreadPoolExecutor.java:642)
		at java.base/java.lang.Thread.run(Thread.java:1583)
09-Oct-2026 15:08:12.029 INFO [mysql-cj-abandoned-connection-cleanup] org.apache.catalina.loader.WebappClassLoaderBase.checkStateForResourceLoading Illegal access: this web application instance has been stopped already. Could not load []. The following stack trace is thrown for debugging purposes as well as to attempt to terminate the thread which caused the illegal access.
	java.lang.IllegalStateException: Illegal access: this web application instance has been stopped already. Could not load []. The following stack trace is thrown for debugging purposes as well as to attempt to terminate the thread which caused the illegal access.
		at org.apache.catalina.loader.WebappClassLoaderBase.checkStateForResourceLoading(WebappClassLoaderBase.java:1500)
		at org.apache.catalina.loader.WebappClassLoaderBase.getResource(WebappClassLoaderBase.java:1067)
		at com.mysql.cj.jdbc.AbandonedConnectionCleanupThread.checkThreadContextClassLoader(AbandonedConnectionCleanupThread.java:116)
		at com.mysql.cj.jdbc.AbandonedConnectionCleanupThread.run(AbandonedConnectionCleanupThread.java:83)
		at java.base/java.util.concurrent.ThreadPoolExecutor.runWorker(ThreadPoolExecutor.java:1144)
		at java.base/java.util.concurrent.ThreadPoolExecutor$Worker.run(ThreadPoolExecutor.java:642)
		at java.base/java.lang.Thread.run(Thread.java:1583)
09-Oct-2026 15:08:12.029 INFO [mysql-cj-abandoned-connection-cleanup] org.apache.catalina.loader.WebappClassLoaderBase.checkStateForResourceLoading Illegal access: this web application instance has been stopped already. Could not load []. The following stack trace is thrown for debugging purposes as well as to attempt to terminate the thread which caused the illegal access.
	java.lang.IllegalStateException: Illegal access: this web application instance has been stopped already. Could not load []. The following stack trace is thrown for debugging purposes as well as to attempt to terminate the thread which caused the illegal access.
		at org.apache.catalina.loader.WebappClassLoaderBase.checkStateForResourceLoading(WebappClassLoaderBase.java:1500)
		at org.apache.catalina.loader.WebappClassLoaderBase.getResource(WebappClassLoaderBase.java:1067)
		at com.mysql.cj.jdbc.AbandonedConnectionCleanupThread.checkThreadContextClassLoader(AbandonedConnectionCleanupThread.java:116)
		at com.mysql.cj.jdbc.AbandonedConnectionCleanupThread.run(AbandonedConnectionCleanupThread.java:83)
		at java.base/java.util.concurrent.ThreadPoolExecutor.runWorker(ThreadPoolExecutor.java:1144)
		at java.base/java.util.concurrent.ThreadPoolExecutor$Worker.run(ThreadPoolExecutor.java:642)
		at java.base/java.lang.Thread.run(Thread.java:1583)
09-Oct-2026 15:08:12.030 INFO [mysql-cj-abandoned-connection-cleanup] org.apache.catalina.loader.WebappClassLoaderBase.checkStateForResourceLoading Illegal access: this web application instance has been stopped already. Could not load []. The following stack trace is thrown for debugging purposes as well as to attempt to terminate the thread which caused the illegal access.
	java.lang.IllegalStateException: Illegal access: this web application instance has been stopped already. Could not load []. The following stack trace is thrown for debugging purposes as well as to attempt to terminate the thread which caused the illegal access.
		at org.apache.catalina.loader.WebappClassLoaderBase.checkStateForResourceLoading(WebappClassLoaderBase.java:1500)
		at org.apache.catalina.loader.WebappClassLoaderBase.getResource(WebappClassLoaderBase.java:1067)
		at com.mysql.cj.jdbc.AbandonedConnectionCleanupThread.checkThreadContextClassLoader(AbandonedConnectionCleanupThread.java:116)
		at com.mysql.cj.jdbc.AbandonedConnectionCleanupThread.run(AbandonedConnectionCleanupThread.java:83)
		at java.base/java.util.concurrent.ThreadPoolExecutor.runWorker(ThreadPoolExecutor.java:1144)
		at java.base/java.util.concurrent.ThreadPoolExecutor$Worker.run(ThreadPoolExecutor.java:642)
		at java.base/java.lang.Thread.run(Thread.java:1583)
09-Oct-2026 15:08:12.030 INFO [mysql-cj-abandoned-connection-cleanup] org.apache.catalina.loader.WebappClassLoaderBase.checkStateForResourceLoading Illegal access: this web application instance has been stopped already. Could not load []. The following stack trace is thrown for debugging purposes as well as to attempt to terminate the thread which caused the illegal access.
	java.lang.IllegalStateException: Illegal access: this web application instance has been stopped already. Could not load []. The following stack trace is thrown for debugging purposes as well as to attempt to terminate the thread which caused the illegal access.
		at org.apache.catalina.loader.WebappClassLoaderBase.checkStateForResourceLoading(WebappClassLoaderBase.java:1500)
		at org.apache.catalina.loader.WebappClassLoaderBase.getResource(WebappClassLoaderBase.java:1067)
		at com.mysql.cj.jdbc.AbandonedConnectionCleanupThread.checkThreadContextClassLoader(AbandonedConnectionCleanupThread.java:116)
		at com.mysql.cj.jdbc.AbandonedConnectionCleanupThread.run(AbandonedConnectionCleanupThread.java:83)
		at java.base/java.util.concurrent.ThreadPoolExecutor.runWorker(ThreadPoolExecutor.java:1144)
		at java.base/java.util.concurrent.ThreadPoolExecutor$Worker.run(ThreadPoolExecutor.java:642)
		at java.base/java.lang.Thread.run(Thread.java:1583)
09-Oct-2026 15:08:12.030 INFO [mysql-cj-abandoned-connection-cleanup] org.apache.catalina.loader.WebappClassLoaderBase.checkStateForResourceLoading Illegal access: this web application instance has been stopped already. Could not load []. The following stack trace is thrown for debugging purposes as well as to attempt to terminate the thread which caused the illegal access.
	java.lang.IllegalStateException: Illegal access: this web application instance has been stopped already. Could not load []. The following stack trace is thrown for debugging purposes as well as to attempt to terminate the thread which caused the illegal access.
		at org.apache.catalina.loader.WebappClassLoaderBase.checkStateForResourceLoading(WebappClassLoaderBase.java:1500)
		at org.apache.catalina.loader.WebappClassLoaderBase.getResource(WebappClassLoaderBase.java:1067)
		at com.mysql.cj.jdbc.AbandonedConnectionCleanupThread.checkThreadContextClassLoader(AbandonedConnectionCleanupThread.java:116)
		at com.mysql.cj.jdbc.AbandonedConnectionCleanupThread.run(AbandonedConnectionCleanupThread.java:83)
		at java.base/java.util.concurrent.ThreadPoolExecutor.runWorker(ThreadPoolExecutor.java:1144)
		at java.base/java.util.concurrent.ThreadPoolExecutor$Worker.run(ThreadPoolExecutor.java:642)
		at java.base/java.lang.Thread.run(Thread.java:1583)
09-Oct-2026 15:08:12.030 INFO [mysql-cj-abandoned-connection-cleanup] org.apache.catalina.loader.WebappClassLoaderBase.checkStateForResourceLoading Illegal access: this web application instance has been stopped already. Could not load []. The following stack trace is thrown for debugging purposes as well as to attempt to terminate the thread which caused the illegal access.
	java.lang.IllegalStateException: Illegal access: this web application instance has been stopped already. Could not load []. The following stack trace is thrown for debugging purposes as well as to attempt to terminate the thread which caused the illegal access.
		at org.apache.catalina.loader.WebappClassLoaderBase.checkStateForResourceLoading(WebappClassLoaderBase.java:1500)
		at org.apache.catalina.loader.WebappClassLoaderBase.getResource(WebappClassLoaderBase.java:1067)
		at com.mysql.cj.jdbc.AbandonedConnectionCleanupThread.checkThreadContextClassLoader(AbandonedConnectionCleanupThread.java:116)
		at com.mysql.cj.jdbc.AbandonedConnectionCleanupThread.run(AbandonedConnectionCleanupThread.java:83)
		at java.base/java.util.concurrent.ThreadPoolExecutor.runWorker(ThreadPoolExecutor.java:1144)
		at java.base/java.util.concurrent.ThreadPoolExecutor$Worker.run(ThreadPoolExecutor.java:642)
		at java.base/java.lang.Thread.run(Thread.java:1583)
09-Oct-2026 15:08:12.030 INFO [mysql-cj-abandoned-connection-cleanup] org.apache.catalina.loader.WebappClassLoaderBase.checkStateForResourceLoading Illegal access: this web application instance has been stopped already. Could not load []. The following stack trace is thrown for debugging purposes as well as to attempt to terminate the thread which caused the illegal access.
	java.lang.IllegalStateException: Illegal access: this web application instance has been stopped already. Could not load []. The following stack trace is thrown for debugging purposes as well as to attempt to terminate the thread which caused the illegal access.
		at org.apache.catalina.loader.WebappClassLoaderBase.checkStateForResourceLoading(WebappClassLoaderBase.java:1500)
		at org.apache.catalina.loader.WebappClassLoaderBase.getResource(WebappClassLoaderBase.java:1067)
		at com.mysql.cj.jdbc.AbandonedConnectionCleanupThread.checkThreadContextClassLoader(AbandonedConnectionCleanupThread.java:116)
		at com.mysql.cj.jdbc.AbandonedConnectionCleanupThread.run(AbandonedConnectionCleanupThread.java:83)
		at java.base/java.util.concurrent.ThreadPoolExecutor.runWorker(ThreadPoolExecutor.java:1144)
		at java.base/java.util.concurrent.ThreadPoolExecutor$Worker.run(ThreadPoolExecutor.java:642)
		at java.base/java.lang.Thread.run(Thread.java:1583)
09-Oct-2026 15:08:12.030 INFO [mysql-cj-abandoned-connection-cleanup] org.apache.catalina.loader.WebappClassLoaderBase.checkStateForResourceLoading Illegal access: this web application instance has been stopped already. Could not load []. The following stack trace is thrown for debugging purposes as well as to attempt to terminate the thread which caused the illegal access.
	java.lang.IllegalStateException: Illegal access: this web application instance has been stopped already. Could not load []. The following stack trace is thrown for debugging purposes as well as to attempt to terminate the thread which caused the illegal access.
		at org.apache.catalina.loader.WebappClassLoaderBase.checkStateForResourceLoading(WebappClassLoaderBase.java:1500)
		at org.apache.catalina.loader.WebappClassLoaderBase.getResource(WebappClassLoaderBase.java:1067)
		at com.mysql.cj.jdbc.AbandonedConnectionCleanupThread.checkThreadContextClassLoader(AbandonedConnectionCleanupThread.java:116)
		at com.mysql.cj.jdbc.AbandonedConnectionCleanupThread.run(AbandonedConnectionCleanupThread.java:83)
		at java.base/java.util.concurrent.ThreadPoolExecutor.runWorker(ThreadPoolExecutor.java:1144)
		at java.base/java.util.concurrent.ThreadPoolExecutor$Worker.run(ThreadPoolExecutor.java:642)
		at java.base/java.lang.Thread.run(Thread.java:1583)
09-Oct-2026 15:08:12.030 INFO [mysql-cj-abandoned-connection-cleanup] org.apache.catalina.loader.WebappClassLoaderBase.checkStateForResourceLoading Illegal access: this web application instance has been stopped already. Could not load []. The following stack trace is thrown for debugging purposes as well as to attempt to terminate the thread which caused the illegal access.
	java.lang.IllegalStateException: Illegal access: this web application instance has been stopped already. Could not load []. The following stack trace is thrown for debugging purposes as well as to attempt to terminate the thread which caused the illegal access.
		at org.apache.catalina.loader.WebappClassLoaderBase.checkStateForResourceLoading(WebappClassLoaderBase.java:1500)
		at org.apache.catalina.loader.WebappClassLoaderBase.getResource(WebappClassLoaderBase.java:1067)
		at com.mysql.cj.jdbc.AbandonedConnectionCleanupThread.checkThreadContextClassLoader(AbandonedConnectionCleanupThread.java:116)
		at com.mysql.cj.jdbc.AbandonedConnectionCleanupThread.run(AbandonedConnectionCleanupThread.java:83)
		at java.base/java.util.concurrent.ThreadPoolExecutor.runWorker(ThreadPoolExecutor.java:1144)
		at java.base/java.util.concurrent.ThreadPoolExecutor$Worker.run(ThreadPoolExecutor.java:642)
		at java.base/java.lang.Thread.run(Thread.java:1583)
09-Oct-2026 15:08:12.030 INFO [mysql-cj-abandoned-connection-cleanup] org.apache.catalina.loader.WebappClassLoaderBase.checkStateForResourceLoading Illegal access: this web application instance has been stopped already. Could not load []. The following stack trace is thrown for debugging purposes as well as to attempt to terminate the thread which caused the illegal access.
	java.lang.IllegalStateException: Illegal access: this web application instance has been stopped already. Could not load []. The following stack trace is thrown for debugging purposes as well as to attempt to terminate the thread which caused the illegal access.
		at org.apache.catalina.loader.WebappClassLoaderBase.checkStateForResourceLoading(WebappClassLoaderBase.java:1500)
		at org.apache.catalina.loader.WebappClassLoaderBase.getResource(WebappClassLoaderBase.java:1067)
		at com.mysql.cj.jdbc.AbandonedConnectionCleanupThread.checkThreadContextClassLoader(AbandonedConnectionCleanupThread.java:116)
		at com.mysql.cj.jdbc.AbandonedConnectionCleanupThread.run(AbandonedConnectionCleanupThread.java:83)
		at java.base/java.util.concurrent.ThreadPoolExecutor.runWorker(ThreadPoolExecutor.java:1144)
		at java.base/java.util.concurrent.ThreadPoolExecutor$Worker.run(ThreadPoolExecutor.java:642)
		at java.base/java.lang.Thread.run(Thread.java:1583)
09-Oct-2026 15:08:12.030 INFO [mysql-cj-abandoned-connection-cleanup] org.apache.catalina.loader.WebappClassLoaderBase.checkStateForResourceLoading Illegal access: this web application instance has been stopped already. Could not load []. The following stack trace is thrown for debugging purposes as well as to attempt to terminate the thread which caused the illegal access.
	java.lang.IllegalStateException: Illegal access: this web application instance has been stopped already. Could not load []. The following stack trace is thrown for debugging purposes as well as to attempt to terminate the thread which caused the illegal access.
		at org.apache.catalina.loader.WebappClassLoaderBase.checkStateForResourceLoading(WebappClassLoaderBase.java:1500)
		at org.apache.catalina.loader.WebappClassLoaderBase.getResource(WebappClassLoaderBase.java:1067)
		at com.mysql.cj.jdbc.AbandonedConnectionCleanupThread.checkThreadContextClassLoader(AbandonedConnectionCleanupThread.java:116)
		at com.mysql.cj.jdbc.AbandonedConnectionCleanupThread.run(AbandonedConnectionCleanupThread.java:83)
		at java.base/java.util.concurrent.ThreadPoolExecutor.runWorker(ThreadPoolExecutor.java:1144)
		at java.base/java.util.concurrent.ThreadPoolExecutor$Worker.run(ThreadPoolExecutor.java:642)
		at java.base/java.lang.Thread.run(Thread.java:1583)
09-Oct-2026 15:08:12.031 INFO [mysql-cj-abandoned-connection-cleanup] org.apache.catalina.loader.WebappClassLoaderBase.checkStateForResourceLoading Illegal access: this web application instance has been stopped already. Could not load []. The following stack trace is thrown for debugging purposes as well as to attempt to terminate the thread which caused the illegal access.
	java.lang.IllegalStateException: Illegal access: this web application instance has been stopped already. Could not load []. The following stack trace is thrown for debugging purposes as well as to attempt to terminate the thread which caused the illegal access.
		at org.apache.catalina.loader.WebappClassLoaderBase.checkStateForResourceLoading(WebappClassLoaderBase.java:1500)
		at org.apache.catalina.loader.WebappClassLoaderBase.getResource(WebappClassLoaderBase.java:1067)
		at com.mysql.cj.jdbc.AbandonedConnectionCleanupThread.checkThreadContextClassLoader(AbandonedConnectionCleanupThread.java:116)
		at com.mysql.cj.jdbc.AbandonedConnectionCleanupThread.run(AbandonedConnectionCleanupThread.java:83)
		at java.base/java.util.concurrent.ThreadPoolExecutor.runWorker(ThreadPoolExecutor.java:1144)
		at java.base/java.util.concurrent.ThreadPoolExecutor$Worker.run(ThreadPoolExecutor.java:642)
		at java.base/java.lang.Thread.run(Thread.java:1583)
09-Oct-2026 15:08:12.031 INFO [mysql-cj-abandoned-connection-cleanup] org.apache.catalina.loader.WebappClassLoaderBase.checkStateForResourceLoading Illegal access: this web application instance has been stopped already. Could not load []. The following stack trace is thrown for debugging purposes as well as to attempt to terminate the thread which caused the illegal access.
	java.lang.IllegalStateException: Illegal access: this web application instance has been stopped already. Could not load []. The following stack trace is thrown for debugging purposes as well as to attempt to terminate the thread which caused the illegal access.
		at org.apache.catalina.loader.WebappClassLoaderBase.checkStateForResourceLoading(WebappClassLoaderBase.java:1500)
		at org.apache.catalina.loader.WebappClassLoaderBase.getResource(WebappClassLoaderBase.java:1067)
		at com.mysql.cj.jdbc.AbandonedConnectionCleanupThread.checkThreadContextClassLoader(AbandonedConnectionCleanupThread.java:116)
		at com.mysql.cj.jdbc.AbandonedConnectionCleanupThread.run(AbandonedConnectionCleanupThread.java:83)
		at java.base/java.util.concurrent.ThreadPoolExecutor.runWorker(ThreadPoolExecutor.java:1144)
		at java.base/java.util.concurrent.ThreadPoolExecutor$Worker.run(ThreadPoolExecutor.java:642)
		at java.base/java.lang.Thread.run(Thread.java:1583)
09-Oct-2026 15:08:12.031 INFO [mysql-cj-abandoned-connection-cleanup] org.apache.catalina.loader.WebappClassLoaderBase.checkStateForResourceLoading Illegal access: this web application instance has been stopped already. Could not load []. The following stack trace is thrown for debugging purposes as well as to attempt to terminate the thread which caused the illegal access.
	java.lang.IllegalStateException: Illegal access: this web application instance has been stopped already. Could not load []. The following stack trace is thrown for debugging purposes as well as to attempt to terminate the thread which caused the illegal access.
		at org.apache.catalina.loader.WebappClassLoaderBase.checkStateForResourceLoading(WebappClassLoaderBase.java:1500)
		at org.apache.catalina.loader.WebappClassLoaderBase.getResource(WebappClassLoaderBase.java:1067)
		at com.mysql.cj.jdbc.AbandonedConnectionCleanupThread.checkThreadContextClassLoader(AbandonedConnectionCleanupThread.java:116)
		at com.mysql.cj.jdbc.AbandonedConnectionCleanupThread.run(AbandonedConnectionCleanupThread.java:83)
		at java.base/java.util.concurrent.ThreadPoolExecutor.runWorker(ThreadPoolExecutor.java:1144)
		at java.base/java.util.concurrent.ThreadPoolExecutor$Worker.run(ThreadPoolExecutor.java:642)
		at java.base/java.lang.Thread.run(Thread.java:1583)
09-Oct-2026 15:08:12.031 INFO [mysql-cj-abandoned-connection-cleanup] org.apache.catalina.loader.WebappClassLoaderBase.checkStateForResourceLoading Illegal access: this web application instance has been stopped already. Could not load []. The following stack trace is thrown for debugging purposes as well as to attempt to terminate the thread which caused the illegal access.
	java.lang.IllegalStateException: Illegal access: this web application instance has been stopped already. Could not load []. The following stack trace is thrown for debugging purposes as well as to attempt to terminate the thread which caused the illegal access.
		at org.apache.catalina.loader.WebappClassLoaderBase.checkStateForResourceLoading(WebappClassLoaderBase.java:1500)
		at org.apache.catalina.loader.WebappClassLoaderBase.getResource(WebappClassLoaderBase.java:1067)
		at com.mysql.cj.jdbc.AbandonedConnectionCleanupThread.checkThreadContextClassLoader(AbandonedConnectionCleanupThread.java:116)
		at com.mysql.cj.jdbc.AbandonedConnectionCleanupThread.run(AbandonedConnectionCleanupThread.java:83)
		at java.base/java.util.concurrent.ThreadPoolExecutor.runWorker(ThreadPoolExecutor.java:1144)
		at java.base/java.util.concurrent.ThreadPoolExecutor$Worker.run(ThreadPoolExecutor.java:642)
		at java.base/java.lang.Thread.run(Thread.java:1583)
09-Oct-2026 15:08:12.031 INFO [mysql-cj-abandoned-connection-cleanup] org.apache.catalina.loader.WebappClassLoaderBase.checkStateForResourceLoading Illegal access: this web application instance has been stopped already. Could not load []. The following stack trace is thrown for debugging purposes as well as to attempt to terminate the thread which caused the illegal access.
	java.lang.IllegalStateException: Illegal access: this web application instance has been stopped already. Could not load []. The following stack trace is thrown for debugging purposes as well as to attempt to terminate the thread which caused the illegal access.
		at org.apache.catalina.loader.WebappClassLoaderBase.checkStateForResourceLoading(WebappClassLoaderBase.java:1500)
		at org.apache.catalina.loader.WebappClassLoaderBase.getResource(WebappClassLoaderBase.java:1067)
		at com.mysql.cj.jdbc.AbandonedConnectionCleanupThread.checkThreadContextClassLoader(AbandonedConnectionCleanupThread.java:116)
		at com.mysql.cj.jdbc.AbandonedConnectionCleanupThread.run(AbandonedConnectionCleanupThread.java:83)
		at java.base/java.util.concurrent.ThreadPoolExecutor.runWorker(ThreadPoolExecutor.java:1144)
		at java.base/java.util.concurrent.ThreadPoolExecutor$Worker.run(ThreadPoolExecutor.java:642)
		at java.base/java.lang.Thread.run(Thread.java:1583)
09-Oct-2026 15:08:12.031 INFO [mysql-cj-abandoned-connection-cleanup] org.apache.catalina.loader.WebappClassLoaderBase.checkStateForResourceLoading Illegal access: this web application instance has been stopped already. Could not load []. The following stack trace is thrown for debugging purposes as well as to attempt to terminate the thread which caused the illegal access.
	java.lang.IllegalStateException: Illegal access: this web application instance has been stopped already. Could not load []. The following stack trace is thrown for debugging purposes as well as to attempt to terminate the thread which caused the illegal access.
		at org.apache.catalina.loader.WebappClassLoaderBase.checkStateForResourceLoading(WebappClassLoaderBase.java:1500)
		at org.apache.catalina.loader.WebappClassLoaderBase.getResource(WebappClassLoaderBase.java:1067)
		at com.mysql.cj.jdbc.AbandonedConnectionCleanupThread.checkThreadContextClassLoader(AbandonedConnectionCleanupThread.java:116)
		at com.mysql.cj.jdbc.AbandonedConnectionCleanupThread.run(AbandonedConnectionCleanupThread.java:83)
		at java.base/java.util.concurrent.ThreadPoolExecutor.runWorker(ThreadPoolExecutor.java:1144)
		at java.base/java.util.concurrent.ThreadPoolExecutor$Worker.run(ThreadPoolExecutor.java:642)
		at java.base/java.lang.Thread.run(Thread.java:1583)
09-Oct-2026 15:08:12.031 INFO [mysql-cj-abandoned-connection-cleanup] org.apache.catalina.loader.WebappClassLoaderBase.checkStateForResourceLoading Illegal access: this web application instance has been stopped already. Could not load []. The following stack trace is thrown for debugging purposes as well as to attempt to terminate the thread which caused the illegal access.
	java.lang.IllegalStateException: Illegal access: this web application instance has been stopped already. Could not load []. The following stack trace is thrown for debugging purposes as well as to attempt to terminate the thread which caused the illegal access.
		at org.apache.catalina.loader.WebappClassLoaderBase.checkStateForResourceLoading(WebappClassLoaderBase.java:1500)
		at org.apache.catalina.loader.WebappClassLoaderBase.getResource(WebappClassLoaderBase.java:1067)
		at com.mysql.cj.jdbc.AbandonedConnectionCleanupThread.checkThreadContextClassLoader(AbandonedConnectionCleanupThread.java:116)
		at com.mysql.cj.jdbc.AbandonedConnectionCleanupThread.run(AbandonedConnectionCleanupThread.java:83)
		at java.base/java.util.concurrent.ThreadPoolExecutor.runWorker(ThreadPoolExecutor.java:1144)
		at java.base/java.util.concurrent.ThreadPoolExecutor$Worker.run(ThreadPoolExecutor.java:642)
		at java.base/java.lang.Thread.run(Thread.java:1583)
09-Oct-2026 15:08:12.032 INFO [mysql-cj-abandoned-connection-cleanup] org.apache.catalina.loader.WebappClassLoaderBase.checkStateForResourceLoading Illegal access: this web application instance has been stopped already. Could not load []. The following stack trace is thrown for debugging purposes as well as to attempt to terminate the thread which caused the illegal access.
	java.lang.IllegalStateException: Illegal access: this web application instance has been stopped already. Could not load []. The following stack trace is thrown for debugging purposes as well as to attempt to terminate the thread which caused the illegal access.
		at org.apache.catalina.loader.WebappClassLoaderBase.checkStateForResourceLoading(WebappClassLoaderBase.java:1500)
		at org.apache.catalina.loader.WebappClassLoaderBase.getResource(WebappClassLoaderBase.java:1067)
		at com.mysql.cj.jdbc.AbandonedConnectionCleanupThread.checkThreadContextClassLoader(AbandonedConnectionCleanupThread.java:116)
		at com.mysql.cj.jdbc.AbandonedConnectionCleanupThread.run(AbandonedConnectionCleanupThread.java:83)
		at java.base/java.util.concurrent.ThreadPoolExecutor.runWorker(ThreadPoolExecutor.java:1144)
		at java.base/java.util.concurrent.ThreadPoolExecutor$Worker.run(ThreadPoolExecutor.java:642)
		at java.base/java.lang.Thread.run(Thread.java:1583)
09-Oct-2026 15:08:12.032 INFO [mysql-cj-abandoned-connection-cleanup] org.apache.catalina.loader.WebappClassLoaderBase.checkStateForResourceLoading Illegal access: this web application instance has been stopped already. Could not load []. The following stack trace is thrown for debugging purposes as well as to attempt to terminate the thread which caused the illegal access.
	java.lang.IllegalStateException: Illegal access: this web application instance has been stopped already. Could not load []. The following stack trace is thrown for debugging purposes as well as to attempt to terminate the thread which caused the illegal access.
		at org.apache.catalina.loader.WebappClassLoaderBase.checkStateForResourceLoading(WebappClassLoaderBase.java:1500)
		at org.apache.catalina.loader.WebappClassLoaderBase.getResource(WebappClassLoaderBase.java:1067)
		at com.mysql.cj.jdbc.AbandonedConnectionCleanupThread.checkThreadContextClassLoader(AbandonedConnectionCleanupThread.java:116)
		at com.mysql.cj.jdbc.AbandonedConnectionCleanupThread.run(AbandonedConnectionCleanupThread.java:83)
		at java.base/java.util.concurrent.ThreadPoolExecutor.runWorker(ThreadPoolExecutor.java:1144)
		at java.base/java.util.concurrent.ThreadPoolExecutor$Worker.run(ThreadPoolExecutor.java:642)
		at java.base/java.lang.Thread.run(Thread.java:1583)
09-Oct-2026 15:08:12.032 INFO [mysql-cj-abandoned-connection-cleanup] org.apache.catalina.loader.WebappClassLoaderBase.checkStateForResourceLoading Illegal access: this web application instance has been stopped already. Could not load []. The following stack trace is thrown for debugging purposes as well as to attempt to terminate the thread which caused the illegal access.
	java.lang.IllegalStateException: Illegal access: this web application instance has been stopped already. Could not load []. The following stack trace is thrown for debugging purposes as well as to attempt to terminate the thread which caused the illegal access.
		at org.apache.catalina.loader.WebappClassLoaderBase.checkStateForResourceLoading(WebappClassLoaderBase.java:1500)
		at org.apache.catalina.loader.WebappClassLoaderBase.getResource(WebappClassLoaderBase.java:1067)
		at com.mysql.cj.jdbc.AbandonedConnectionCleanupThread.checkThreadContextClassLoader(AbandonedConnectionCleanupThread.java:116)
		at com.mysql.cj.jdbc.AbandonedConnectionCleanupThread.run(AbandonedConnectionCleanupThread.java:83)
		at java.base/java.util.concurrent.ThreadPoolExecutor.runWorker(ThreadPoolExecutor.java:1144)
		at java.base/java.util.concurrent.ThreadPoolExecutor$Worker.run(ThreadPoolExecutor.java:642)
		at java.base/java.lang.Thread.run(Thread.java:1583)
09-Oct-2026 15:08:12.032 INFO [mysql-cj-abandoned-connection-cleanup] org.apache.catalina.loader.WebappClassLoaderBase.checkStateForResourceLoading Illegal access: this web application instance has been stopped already. Could not load []. The following stack trace is thrown for debugging purposes as well as to attempt to terminate the thread which caused the illegal access.
	java.lang.IllegalStateException: Illegal access: this web application instance has been stopped already. Could not load []. The following stack trace is thrown for debugging purposes as well as to attempt to terminate the thread which caused the illegal access.
		at org.apache.catalina.loader.WebappClassLoaderBase.checkStateForResourceLoading(WebappClassLoaderBase.java:1500)
		at org.apache.catalina.loader.WebappClassLoaderBase.getResource(WebappClassLoaderBase.java:1067)
		at com.mysql.cj.jdbc.AbandonedConnectionCleanupThread.checkThreadContextClassLoader(AbandonedConnectionCleanupThread.java:116)
		at com.mysql.cj.jdbc.AbandonedConnectionCleanupThread.run(AbandonedConnectionCleanupThread.java:83)
		at java.base/java.util.concurrent.ThreadPoolExecutor.runWorker(ThreadPoolExecutor.java:1144)
		at java.base/java.util.concurrent.ThreadPoolExecutor$Worker.run(ThreadPoolExecutor.java:642)
		at java.base/java.lang.Thread.run(Thread.java:1583)
09-Oct-2026 15:08:12.032 INFO [mysql-cj-abandoned-connection-cleanup] org.apache.catalina.loader.WebappClassLoaderBase.checkStateForResourceLoading Illegal access: this web application instance has been stopped already. Could not load []. The following stack trace is thrown for debugging purposes as well as to attempt to terminate the thread which caused the illegal access.
	java.lang.IllegalStateException: Illegal access: this web application instance has been stopped already. Could not load []. The following stack trace is thrown for debugging purposes as well as to attempt to terminate the thread which caused the illegal access.
		at org.apache.catalina.loader.WebappClassLoaderBase.checkStateForResourceLoading(WebappClassLoaderBase.java:1500)
		at org.apache.catalina.loader.WebappClassLoaderBase.getResource(WebappClassLoaderBase.java:1067)
		at com.mysql.cj.jdbc.AbandonedConnectionCleanupThread.checkThreadContextClassLoader(AbandonedConnectionCleanupThread.java:116)
		at com.mysql.cj.jdbc.AbandonedConnectionCleanupThread.run(AbandonedConnectionCleanupThread.java:83)
		at java.base/java.util.concurrent.ThreadPoolExecutor.runWorker(ThreadPoolExecutor.java:1144)
		at java.base/java.util.concurrent.ThreadPoolExecutor$Worker.run(ThreadPoolExecutor.java:642)
		at java.base/java.lang.Thread.run(Thread.java:1583)
09-Oct-2026 15:08:12.032 INFO [mysql-cj-abandoned-connection-cleanup] org.apache.catalina.loader.WebappClassLoaderBase.checkStateForResourceLoading Illegal access: this web application instance has been stopped already. Could not load []. The following stack trace is thrown for debugging purposes as well as to attempt to terminate the thread which caused the illegal access.
	java.lang.IllegalStateException: Illegal access: this web application instance has been stopped already. Could not load []. The following stack trace is thrown for debugging purposes as well as to attempt to terminate the thread which caused the illegal access.
		at org.apache.catalina.loader.WebappClassLoaderBase.checkStateForResourceLoading(WebappClassLoaderBase.java:1500)
		at org.apache.catalina.loader.WebappClassLoaderBase.getResource(WebappClassLoaderBase.java:1067)
		at com.mysql.cj.jdbc.AbandonedConnectionCleanupThread.checkThreadContextClassLoader(AbandonedConnectionCleanupThread.java:116)
		at com.mysql.cj.jdbc.AbandonedConnectionCleanupThread.run(AbandonedConnectionCleanupThread.java:83)
		at java.base/java.util.concurrent.ThreadPoolExecutor.runWorker(ThreadPoolExecutor.java:1144)
		at java.base/java.util.concurrent.ThreadPoolExecutor$Worker.run(ThreadPoolExecutor.java:642)
		at java.base/java.lang.Thread.run(Thread.java:1583)
09-Oct-2026 15:08:12.032 INFO [mysql-cj-abandoned-connection-cleanup] org.apache.catalina.loader.WebappClassLoaderBase.checkStateForResourceLoading Illegal access: this web application instance has been stopped already. Could not load []. The following stack trace is thrown for debugging purposes as well as to attempt to terminate the thread which caused the illegal access.
	java.lang.IllegalStateException: Illegal access: this web application instance has been stopped already. Could not load []. The following stack trace is thrown for debugging purposes as well as to attempt to terminate the thread which caused the illegal access.
		at org.apache.catalina.loader.WebappClassLoaderBase.checkStateForResourceLoading(WebappClassLoaderBase.java:1500)
		at org.apache.catalina.loader.WebappClassLoaderBase.getResource(WebappClassLoaderBase.java:1067)
		at com.mysql.cj.jdbc.AbandonedConnectionCleanupThread.checkThreadContextClassLoader(AbandonedConnectionCleanupThread.java:116)
		at com.mysql.cj.jdbc.AbandonedConnectionCleanupThread.run(AbandonedConnectionCleanupThread.java:83)
		at java.base/java.util.concurrent.ThreadPoolExecutor.runWorker(ThreadPoolExecutor.java:1144)
		at java.base/java.util.concurrent.ThreadPoolExecutor$Worker.run(ThreadPoolExecutor.java:642)
		at java.base/java.lang.Thread.run(Thread.java:1583)
09-Oct-2026 15:08:12.032 INFO [mysql-cj-abandoned-connection-cleanup] org.apache.catalina.loader.WebappClassLoaderBase.checkStateForResourceLoading Illegal access: this web application instance has been stopped already. Could not load []. The following stack trace is thrown for debugging purposes as well as to attempt to terminate the thread which caused the illegal access.
	java.lang.IllegalStateException: Illegal access: this web application instance has been stopped already. Could not load []. The following stack trace is thrown for debugging purposes as well as to attempt to terminate the thread which caused the illegal access.
		at org.apache.catalina.loader.WebappClassLoaderBase.checkStateForResourceLoading(WebappClassLoaderBase.java:1500)
		at org.apache.catalina.loader.WebappClassLoaderBase.getResource(WebappClassLoaderBase.java:1067)
		at com.mysql.cj.jdbc.AbandonedConnectionCleanupThread.checkThreadContextClassLoader(AbandonedConnectionCleanupThread.java:116)
		at com.mysql.cj.jdbc.AbandonedConnectionCleanupThread.run(AbandonedConnectionCleanupThread.java:83)
		at java.base/java.util.concurrent.ThreadPoolExecutor.runWorker(ThreadPoolExecutor.java:1144)
		at java.base/java.util.concurrent.ThreadPoolExecutor$Worker.run(ThreadPoolExecutor.java:642)
		at java.base/java.lang.Thread.run(Thread.java:1583)
09-Oct-2026 15:08:12.033 INFO [mysql-cj-abandoned-connection-cleanup] org.apache.catalina.loader.WebappClassLoaderBase.checkStateForResourceLoading Illegal access: this web application instance has been stopped already. Could not load []. The following stack trace is thrown for debugging purposes as well as to attempt to terminate the thread which caused the illegal access.
	java.lang.IllegalStateException: Illegal access: this web application instance has been stopped already. Could not load []. The following stack trace is thrown for debugging purposes as well as to attempt to terminate the thread which caused the illegal access.
		at org.apache.catalina.loader.WebappClassLoaderBase.checkStateForResourceLoading(WebappClassLoaderBase.java:1500)
		at org.apache.catalina.loader.WebappClassLoaderBase.getResource(WebappClassLoaderBase.java:1067)
		at com.mysql.cj.jdbc.AbandonedConnectionCleanupThread.checkThreadContextClassLoader(AbandonedConnectionCleanupThread.java:116)
		at com.mysql.cj.jdbc.AbandonedConnectionCleanupThread.run(AbandonedConnectionCleanupThread.java:83)
		at java.base/java.util.concurrent.ThreadPoolExecutor.runWorker(ThreadPoolExecutor.java:1144)
		at java.base/java.util.concurrent.ThreadPoolExecutor$Worker.run(ThreadPoolExecutor.java:642)
		at java.base/java.lang.Thread.run(Thread.java:1583)
09-Oct-2026 15:08:12.033 INFO [mysql-cj-abandoned-connection-cleanup] org.apache.catalina.loader.WebappClassLoaderBase.checkStateForResourceLoading Illegal access: this web application instance has been stopped already. Could not load []. The following stack trace is thrown for debugging purposes as well as to attempt to terminate the thread which caused the illegal access.
	java.lang.IllegalStateException: Illegal access: this web application instance has been stopped already. Could not load []. The following stack trace is thrown for debugging purposes as well as to attempt to terminate the thread which caused the illegal access.
		at org.apache.catalina.loader.WebappClassLoaderBase.checkStateForResourceLoading(WebappClassLoaderBase.java:1500)
		at org.apache.catalina.loader.WebappClassLoaderBase.getResource(WebappClassLoaderBase.java:1067)
		at com.mysql.cj.jdbc.AbandonedConnectionCleanupThread.checkThreadContextClassLoader(AbandonedConnectionCleanupThread.java:116)
		at com.mysql.cj.jdbc.AbandonedConnectionCleanupThread.run(AbandonedConnectionCleanupThread.java:83)
		at java.base/java.util.concurrent.ThreadPoolExecutor.runWorker(ThreadPoolExecutor.java:1144)
		at java.base/java.util.concurrent.ThreadPoolExecutor$Worker.run(ThreadPoolExecutor.java:642)
		at java.base/java.lang.Thread.run(Thread.java:1583)
09-Oct-2026 15:08:12.033 INFO [mysql-cj-abandoned-connection-cleanup] org.apache.catalina.loader.WebappClassLoaderBase.checkStateForResourceLoading Illegal access: this web application instance has been stopped already. Could not load []. The following stack trace is thrown for debugging purposes as well as to attempt to terminate the thread which caused the illegal access.
	java.lang.IllegalStateException: Illegal access: this web application instance has been stopped already. Could not load []. The following stack trace is thrown for debugging purposes as well as to attempt to terminate the thread which caused the illegal access.
		at org.apache.catalina.loader.WebappClassLoaderBase.checkStateForResourceLoading(WebappClassLoaderBase.java:1500)
		at org.apache.catalina.loader.WebappClassLoaderBase.getResource(WebappClassLoaderBase.java:1067)
		at com.mysql.cj.jdbc.AbandonedConnectionCleanupThread.checkThreadContextClassLoader(AbandonedConnectionCleanupThread.java:116)
		at com.mysql.cj.jdbc.AbandonedConnectionCleanupThread.run(AbandonedConnectionCleanupThread.java:83)
		at java.base/java.util.concurrent.ThreadPoolExecutor.runWorker(ThreadPoolExecutor.java:1144)
		at java.base/java.util.concurrent.ThreadPoolExecutor$Worker.run(ThreadPoolExecutor.java:642)
		at java.base/java.lang.Thread.run(Thread.java:1583)
09-Oct-2026 15:08:12.033 INFO [mysql-cj-abandoned-connection-cleanup] org.apache.catalina.loader.WebappClassLoaderBase.checkStateForResourceLoading Illegal access: this web application instance has been stopped already. Could not load []. The following stack trace is thrown for debugging purposes as well as to attempt to terminate the thread which caused the illegal access.
	java.lang.IllegalStateException: Illegal access: this web application instance has been stopped already. Could not load []. The following stack trace is thrown for debugging purposes as well as to attempt to terminate the thread which caused the illegal access.
		at org.apache.catalina.loader.WebappClassLoaderBase.checkStateForResourceLoading(WebappClassLoaderBase.java:1500)
		at org.apache.catalina.loader.WebappClassLoaderBase.getResource(WebappClassLoaderBase.java:1067)
		at com.mysql.cj.jdbc.AbandonedConnectionCleanupThread.checkThreadContextClassLoader(AbandonedConnectionCleanupThread.java:116)
		at com.mysql.cj.jdbc.AbandonedConnectionCleanupThread.run(AbandonedConnectionCleanupThread.java:83)
		at java.base/java.util.concurrent.ThreadPoolExecutor.runWorker(ThreadPoolExecutor.java:1144)
		at java.base/java.util.concurrent.ThreadPoolExecutor$Worker.run(ThreadPoolExecutor.java:642)
		at java.base/java.lang.Thread.run(Thread.java:1583)
09-Oct-2026 15:08:12.033 INFO [mysql-cj-abandoned-connection-cleanup] org.apache.catalina.loader.WebappClassLoaderBase.checkStateForResourceLoading Illegal access: this web application instance has been stopped already. Could not load []. The following stack trace is thrown for debugging purposes as well as to attempt to terminate the thread which caused the illegal access.
	java.lang.IllegalStateException: Illegal access: this web application instance has been stopped already. Could not load []. The following stack trace is thrown for debugging purposes as well as to attempt to terminate the thread which caused the illegal access.
		at org.apache.catalina.loader.WebappClassLoaderBase.checkStateForResourceLoading(WebappClassLoaderBase.java:1500)
		at org.apache.catalina.loader.WebappClassLoaderBase.getResource(WebappClassLoaderBase.java:1067)
		at com.mysql.cj.jdbc.AbandonedConnectionCleanupThread.checkThreadContextClassLoader(AbandonedConnectionCleanupThread.java:116)
		at com.mysql.cj.jdbc.AbandonedConnectionCleanupThread.run(AbandonedConnectionCleanupThread.java:83)
		at java.base/java.util.concurrent.ThreadPoolExecutor.runWorker(ThreadPoolExecutor.java:1144)
		at java.base/java.util.concurrent.ThreadPoolExecutor$Worker.run(ThreadPoolExecutor.java:642)
		at java.base/java.lang.Thread.run(Thread.java:1583)
09-Oct-2026 15:08:12.033 INFO [mysql-cj-abandoned-connection-cleanup] org.apache.catalina.loader.WebappClassLoaderBase.checkStateForResourceLoading Illegal access: this web application instance has been stopped already. Could not load []. The following stack trace is thrown for debugging purposes as well as to attempt to terminate the thread which caused the illegal access.
	java.lang.IllegalStateException: Illegal access: this web application instance has been stopped already. Could not load []. The following stack trace is thrown for debugging purposes as well as to attempt to terminate the thread which caused the illegal access.
		at org.apache.catalina.loader.WebappClassLoaderBase.checkStateForResourceLoading(WebappClassLoaderBase.java:1500)
		at org.apache.catalina.loader.WebappClassLoaderBase.getResource(WebappClassLoaderBase.java:1067)
		at com.mysql.cj.jdbc.AbandonedConnectionCleanupThread.checkThreadContextClassLoader(AbandonedConnectionCleanupThread.java:116)
		at com.mysql.cj.jdbc.AbandonedConnectionCleanupThread.run(AbandonedConnectionCleanupThread.java:83)
		at java.base/java.util.concurrent.ThreadPoolExecutor.runWorker(ThreadPoolExecutor.java:1144)
		at java.base/java.util.concurrent.ThreadPoolExecutor$Worker.run(ThreadPoolExecutor.java:642)
		at java.base/java.lang.Thread.run(Thread.java:1583)
09-Oct-2026 15:08:12.033 INFO [mysql-cj-abandoned-connection-cleanup] org.apache.catalina.loader.WebappClassLoaderBase.checkStateForResourceLoading Illegal access: this web application instance has been stopped already. Could not load []. The following stack trace is thrown for debugging purposes as well as to attempt to terminate the thread which caused the illegal access.
	java.lang.IllegalStateException: Illegal access: this web application instance has been stopped already. Could not load []. The following stack trace is thrown for debugging purposes as well as to attempt to terminate the thread which caused the illegal access.
		at org.apache.catalina.loader.WebappClassLoaderBase.checkStateForResourceLoading(WebappClassLoaderBase.java:1500)
		at org.apache.catalina.loader.WebappClassLoaderBase.getResource(WebappClassLoaderBase.java:1067)
		at com.mysql.cj.jdbc.AbandonedConnectionCleanupThread.checkThreadContextClassLoader(AbandonedConnectionCleanupThread.java:116)
		at com.mysql.cj.jdbc.AbandonedConnectionCleanupThread.run(AbandonedConnectionCleanupThread.java:83)
		at java.base/java.util.concurrent.ThreadPoolExecutor.runWorker(ThreadPoolExecutor.java:1144)
		at java.base/java.util.concurrent.ThreadPoolExecutor$Worker.run(ThreadPoolExecutor.java:642)
		at java.base/java.lang.Thread.run(Thread.java:1583)
09-Oct-2026 15:08:12.033 INFO [mysql-cj-abandoned-connection-cleanup] org.apache.catalina.loader.WebappClassLoaderBase.checkStateForResourceLoading Illegal access: this web application instance has been stopped already. Could not load []. The following stack trace is thrown for debugging purposes as well as to attempt to terminate the thread which caused the illegal access.
	java.lang.IllegalStateException: Illegal access: this web application instance has been stopped already. Could not load []. The following stack trace is thrown for debugging purposes as well as to attempt to terminate the thread which caused the illegal access.
		at org.apache.catalina.loader.WebappClassLoaderBase.checkStateForResourceLoading(WebappClassLoaderBase.java:1500)
		at org.apache.catalina.loader.WebappClassLoaderBase.getResource(WebappClassLoaderBase.java:1067)
		at com.mysql.cj.jdbc.AbandonedConnectionCleanupThread.checkThreadContextClassLoader(AbandonedConnectionCleanupThread.java:116)
		at com.mysql.cj.jdbc.AbandonedConnectionCleanupThread.run(AbandonedConnectionCleanupThread.java:83)
		at java.base/java.util.concurrent.ThreadPoolExecutor.runWorker(ThreadPoolExecutor.java:1144)
		at java.base/java.util.concurrent.ThreadPoolExecutor$Worker.run(ThreadPoolExecutor.java:642)
		at java.base/java.lang.Thread.run(Thread.java:1583)
09-Oct-2026 15:08:12.033 INFO [mysql-cj-abandoned-connection-cleanup] org.apache.catalina.loader.WebappClassLoaderBase.checkStateForResourceLoading Illegal access: this web application instance has been stopped already. Could not load []. The following stack trace is thrown for debugging purposes as well as to attempt to terminate the thread which caused the illegal access.
	java.lang.IllegalStateException: Illegal access: this web application instance has been stopped already. Could not load []. The following stack trace is thrown for debugging purposes as well as to attempt to terminate the thread which caused the illegal access.
		at org.apache.catalina.loader.WebappClassLoaderBase.checkStateForResourceLoading(WebappClassLoaderBase.java:1500)
		at org.apache.catalina.loader.WebappClassLoaderBase.getResource(WebappClassLoaderBase.java:1067)
		at com.mysql.cj.jdbc.AbandonedConnectionCleanupThread.checkThreadContextClassLoader(AbandonedConnectionCleanupThread.java:116)
		at com.mysql.cj.jdbc.AbandonedConnectionCleanupThread.run(AbandonedConnectionCleanupThread.java:83)
		at java.base/java.util.concurrent.ThreadPoolExecutor.runWorker(ThreadPoolExecutor.java:1144)
		at java.base/java.util.concurrent.ThreadPoolExecutor$Worker.run(ThreadPoolExecutor.java:642)
		at java.base/java.lang.Thread.run(Thread.java:1583)
09-Oct-2026 15:08:12.033 INFO [mysql-cj-abandoned-connection-cleanup] org.apache.catalina.loader.WebappClassLoaderBase.checkStateForResourceLoading Illegal access: this web application instance has been stopped already. Could not load []. The following stack trace is thrown for debugging purposes as well as to attempt to terminate the thread which caused the illegal access.
	java.lang.IllegalStateException: Illegal access: this web application instance has been stopped already. Could not load []. The following stack trace is thrown for debugging purposes as well as to attempt to terminate the thread which caused the illegal access.
		at org.apache.catalina.loader.WebappClassLoaderBase.checkStateForResourceLoading(WebappClassLoaderBase.java:1500)
		at org.apache.catalina.loader.WebappClassLoaderBase.getResource(WebappClassLoaderBase.java:1067)
		at com.mysql.cj.jdbc.AbandonedConnectionCleanupThread.checkThreadContextClassLoader(AbandonedConnectionCleanupThread.java:116)
		at com.mysql.cj.jdbc.AbandonedConnectionCleanupThread.run(AbandonedConnectionCleanupThread.java:83)
		at java.base/java.util.concurrent.ThreadPoolExecutor.runWorker(ThreadPoolExecutor.java:1144)
		at java.base/java.util.concurrent.ThreadPoolExecutor$Worker.run(ThreadPoolExecutor.java:642)
		at java.base/java.lang.Thread.run(Thread.java:1583)
09-Oct-2026 15:08:12.033 INFO [mysql-cj-abandoned-connection-cleanup] org.apache.catalina.loader.WebappClassLoaderBase.checkStateForResourceLoading Illegal access: this web application instance has been stopped already. Could not load []. The following stack trace is thrown for debugging purposes as well as to attempt to terminate the thread which caused the illegal access.
	java.lang.IllegalStateException: Illegal access: this web application instance has been stopped already. Could not load []. The following stack trace is thrown for debugging purposes as well as to attempt to terminate the thread which caused the illegal access.
		at org.apache.catalina.loader.WebappClassLoaderBase.checkStateForResourceLoading(WebappClassLoaderBase.java:1500)
		at org.apache.catalina.loader.WebappClassLoaderBase.getResource(WebappClassLoaderBase.java:1067)
		at com.mysql.cj.jdbc.AbandonedConnectionCleanupThread.checkThreadContextClassLoader(AbandonedConnectionCleanupThread.java:116)
		at com.mysql.cj.jdbc.AbandonedConnectionCleanupThread.run(AbandonedConnectionCleanupThread.java:83)
		at java.base/java.util.concurrent.ThreadPoolExecutor.runWorker(ThreadPoolExecutor.java:1144)
		at java.base/java.util.concurrent.ThreadPoolExecutor$Worker.run(ThreadPoolExecutor.java:642)
		at java.base/java.lang.Thread.run(Thread.java:1583)
09-Oct-2026 15:08:12.034 INFO [mysql-cj-abandoned-connection-cleanup] org.apache.catalina.loader.WebappClassLoaderBase.checkStateForResourceLoading Illegal access: this web application instance has been stopped already. Could not load []. The following stack trace is thrown for debugging purposes as well as to attempt to terminate the thread which caused the illegal access.
	java.lang.IllegalStateException: Illegal access: this web application instance has been stopped already. Could not load []. The following stack trace is thrown for debugging purposes as well as to attempt to terminate the thread which caused the illegal access.
		at org.apache.catalina.loader.WebappClassLoaderBase.checkStateForResourceLoading(WebappClassLoaderBase.java:1500)
		at org.apache.catalina.loader.WebappClassLoaderBase.getResource(WebappClassLoaderBase.java:1067)
		at com.mysql.cj.jdbc.AbandonedConnectionCleanupThread.checkThreadContextClassLoader(AbandonedConnectionCleanupThread.java:116)
		at com.mysql.cj.jdbc.AbandonedConnectionCleanupThread.run(AbandonedConnectionCleanupThread.java:83)
		at java.base/java.util.concurrent.ThreadPoolExecutor.runWorker(ThreadPoolExecutor.java:1144)
		at java.base/java.util.concurrent.ThreadPoolExecutor$Worker.run(ThreadPoolExecutor.java:642)
		at java.base/java.lang.Thread.run(Thread.java:1583)
09-Oct-2026 15:08:12.034 INFO [mysql-cj-abandoned-connection-cleanup] org.apache.catalina.loader.WebappClassLoaderBase.checkStateForResourceLoading Illegal access: this web application instance has been stopped already. Could not load []. The following stack trace is thrown for debugging purposes as well as to attempt to terminate the thread which caused the illegal access.
	java.lang.IllegalStateException: Illegal access: this web application instance has been stopped already. Could not load []. The following stack trace is thrown for debugging purposes as well as to attempt to terminate the thread which caused the illegal access.
		at org.apache.catalina.loader.WebappClassLoaderBase.checkStateForResourceLoading(WebappClassLoaderBase.java:1500)
		at org.apache.catalina.loader.WebappClassLoaderBase.getResource(WebappClassLoaderBase.java:1067)
		at com.mysql.cj.jdbc.AbandonedConnectionCleanupThread.checkThreadContextClassLoader(AbandonedConnectionCleanupThread.java:116)
		at com.mysql.cj.jdbc.AbandonedConnectionCleanupThread.run(AbandonedConnectionCleanupThread.java:83)
		at java.base/java.util.concurrent.ThreadPoolExecutor.runWorker(ThreadPoolExecutor.java:1144)
		at java.base/java.util.concurrent.ThreadPoolExecutor$Worker.run(ThreadPoolExecutor.java:642)
		at java.base/java.lang.Thread.run(Thread.java:1583)
09-Oct-2026 15:08:12.034 INFO [mysql-cj-abandoned-connection-cleanup] org.apache.catalina.loader.WebappClassLoaderBase.checkStateForResourceLoading Illegal access: this web application instance has been stopped already. Could not load []. The following stack trace is thrown for debugging purposes as well as to attempt to terminate the thread which caused the illegal access.
	java.lang.IllegalStateException: Illegal access: this web application instance has been stopped already. Could not load []. The following stack trace is thrown for debugging purposes as well as to attempt to terminate the thread which caused the illegal access.
		at org.apache.catalina.loader.WebappClassLoaderBase.checkStateForResourceLoading(WebappClassLoaderBase.java:1500)
		at org.apache.catalina.loader.WebappClassLoaderBase.getResource(WebappClassLoaderBase.java:1067)
		at com.mysql.cj.jdbc.AbandonedConnectionCleanupThread.checkThreadContextClassLoader(AbandonedConnectionCleanupThread.java:116)
		at com.mysql.cj.jdbc.AbandonedConnectionCleanupThread.run(AbandonedConnectionCleanupThread.java:83)
		at java.base/java.util.concurrent.ThreadPoolExecutor.runWorker(ThreadPoolExecutor.java:1144)
		at java.base/java.util.concurrent.ThreadPoolExecutor$Worker.run(ThreadPoolExecutor.java:642)
		at java.base/java.lang.Thread.run(Thread.java:1583)
09-Oct-2026 15:08:12.034 INFO [mysql-cj-abandoned-connection-cleanup] org.apache.catalina.loader.WebappClassLoaderBase.checkStateForResourceLoading Illegal access: this web application instance has been stopped already. Could not load []. The following stack trace is thrown for debugging purposes as well as to attempt to terminate the thread which caused the illegal access.
	java.lang.IllegalStateException: Illegal access: this web application instance has been stopped already. Could not load []. The following stack trace is thrown for debugging purposes as well as to attempt to terminate the thread which caused the illegal access.
		at org.apache.catalina.loader.WebappClassLoaderBase.checkStateForResourceLoading(WebappClassLoaderBase.java:1500)
		at org.apache.catalina.loader.WebappClassLoaderBase.getResource(WebappClassLoaderBase.java:1067)
		at com.mysql.cj.jdbc.AbandonedConnectionCleanupThread.checkThreadContextClassLoader(AbandonedConnectionCleanupThread.java:116)
		at com.mysql.cj.jdbc.AbandonedConnectionCleanupThread.run(AbandonedConnectionCleanupThread.java:83)
		at java.base/java.util.concurrent.ThreadPoolExecutor.runWorker(ThreadPoolExecutor.java:1144)
		at java.base/java.util.concurrent.ThreadPoolExecutor$Worker.run(ThreadPoolExecutor.java:642)
		at java.base/java.lang.Thread.run(Thread.java:1583)
09-Oct-2026 15:08:12.034 INFO [mysql-cj-abandoned-connection-cleanup] org.apache.catalina.loader.WebappClassLoaderBase.checkStateForResourceLoading Illegal access: this web application instance has been stopped already. Could not load []. The following stack trace is thrown for debugging purposes as well as to attempt to terminate the thread which caused the illegal access.
	java.lang.IllegalStateException: Illegal access: this web application instance has been stopped already. Could not load []. The following stack trace is thrown for debugging purposes as well as to attempt to terminate the thread which caused the illegal access.
		at org.apache.catalina.loader.WebappClassLoaderBase.checkStateForResourceLoading(WebappClassLoaderBase.java:1500)
		at org.apache.catalina.loader.WebappClassLoaderBase.getResource(WebappClassLoaderBase.java:1067)
		at com.mysql.cj.jdbc.AbandonedConnectionCleanupThread.checkThreadContextClassLoader(AbandonedConnectionCleanupThread.java:116)
		at com.mysql.cj.jdbc.AbandonedConnectionCleanupThread.run(AbandonedConnectionCleanupThread.java:83)
		at java.base/java.util.concurrent.ThreadPoolExecutor.runWorker(ThreadPoolExecutor.java:1144)
		at java.base/java.util.concurrent.ThreadPoolExecutor$Worker.run(ThreadPoolExecutor.java:642)
		at java.base/java.lang.Thread.run(Thread.java:1583)
09-Oct-2026 15:08:12.034 INFO [mysql-cj-abandoned-connection-cleanup] org.apache.catalina.loader.WebappClassLoaderBase.checkStateForResourceLoading Illegal access: this web application instance has been stopped already. Could not load []. The following stack trace is thrown for debugging purposes as well as to attempt to terminate the thread which caused the illegal access.
	java.lang.IllegalStateException: Illegal access: this web application instance has been stopped already. Could not load []. The following stack trace is thrown for debugging purposes as well as to attempt to terminate the thread which caused the illegal access.
		at org.apache.catalina.loader.WebappClassLoaderBase.checkStateForResourceLoading(WebappClassLoaderBase.java:1500)
		at org.apache.catalina.loader.WebappClassLoaderBase.getResource(WebappClassLoaderBase.java:1067)
		at com.mysql.cj.jdbc.AbandonedConnectionCleanupThread.checkThreadContextClassLoader(AbandonedConnectionCleanupThread.java:116)
		at com.mysql.cj.jdbc.AbandonedConnectionCleanupThread.run(AbandonedConnectionCleanupThread.java:83)
		at java.base/java.util.concurrent.ThreadPoolExecutor.runWorker(ThreadPoolExecutor.java:1144)
		at java.base/java.util.concurrent.ThreadPoolExecutor$Worker.run(ThreadPoolExecutor.java:642)
		at java.base/java.lang.Thread.run(Thread.java:1583)
09-Oct-2026 15:08:13.230 INFO [Catalina-utility-2] org.apache.jasper.servlet.TldScanner.scanJars At least one JAR was scanned for TLDs yet contained no TLDs. Enable debug logging for this logger for a complete list of JARs that were scanned but no TLDs were found in them. Skipping unneeded JARs during scanning can improve startup time and JSP compilation time.
09-Oct-2026 15:08:13.429 INFO [Catalina-utility-2] org.apache.catalina.startup.HostConfig.deployWAR Deployment of web application archive [E:\simtrade\simtrade\tomcat\apache-tomcat-10.1.60\webapps\paper-trading.war] has finished in [5,986] ms
09-Oct-2026 15:10:53.615 INFO [Catalina-utility-2] org.apache.catalina.startup.HostConfig.undeploy Undeploying context [/paper-trading]
09-Oct-2026 15:10:53.626 WARNING [Catalina-utility-2] org.apache.catalina.loader.WebappClassLoaderBase.clearReferencesJdbc The web application [paper-trading] registered the JDBC driver [com.mysql.cj.jdbc.Driver] but failed to unregister it when the web application was stopped. To prevent a memory leak, the JDBC Driver has been forcibly unregistered.
09-Oct-2026 15:10:53.626 WARNING [Catalina-utility-2] org.apache.catalina.loader.WebappClassLoaderBase.clearReferencesThreads The web application [paper-trading] appears to have started a thread named [mysql-cj-abandoned-connection-cleanup] but has failed to stop it. This is very likely to create a memory leak. Stack trace of thread:
 java.base/jdk.internal.misc.Unsafe.park(Native Method)
 java.base/java.util.concurrent.locks.LockSupport.parkNanos(LockSupport.java:269)
 java.base/java.util.concurrent.locks.AbstractQueuedSynchronizer$ConditionObject.await(AbstractQueuedSynchronizer.java:1852)
 java.base/java.lang.ref.ReferenceQueue.await(ReferenceQueue.java:71)
 java.base/java.lang.ref.ReferenceQueue.remove0(ReferenceQueue.java:143)
 java.base/java.lang.ref.ReferenceQueue.remove(ReferenceQueue.java:218)
 com.mysql.cj.jdbc.AbandonedConnectionCleanupThread.run(AbandonedConnectionCleanupThread.java:84)
 java.base/java.util.concurrent.ThreadPoolExecutor.runWorker(ThreadPoolExecutor.java:1144)
 java.base/java.util.concurrent.ThreadPoolExecutor$Worker.run(ThreadPoolExecutor.java:642)
 java.base/java.lang.Thread.run(Thread.java:1583)
09-Oct-2026 15:10:53.626 WARNING [Catalina-utility-2] org.apache.catalina.loader.WebappClassLoaderBase.clearReferencesThreads The web application [paper-trading] appears to have started a thread named [Atmosphere-Scheduler-0] but has failed to stop it. This is very likely to create a memory leak. Stack trace of thread:
 java.base/jdk.internal.misc.Unsafe.park(Native Method)
 java.base/java.util.concurrent.locks.LockSupport.parkNanos(LockSupport.java:269)
 java.base/java.util.concurrent.locks.AbstractQueuedSynchronizer$ConditionObject.awaitNanos(AbstractQueuedSynchronizer.java:1763)
 java.base/java.util.concurrent.ScheduledThreadPoolExecutor$DelayedWorkQueue.poll(ScheduledThreadPoolExecutor.java:1223)
 java.base/java.util.concurrent.ScheduledThreadPoolExecutor$DelayedWorkQueue.poll(ScheduledThreadPoolExecutor.java:899)
 java.base/java.util.concurrent.ThreadPoolExecutor.getTask(ThreadPoolExecutor.java:1069)
 java.base/java.util.concurrent.ThreadPoolExecutor.runWorker(ThreadPoolExecutor.java:1130)
 java.base/java.util.concurrent.ThreadPoolExecutor$Worker.run(ThreadPoolExecutor.java:642)
 java.base/java.lang.Thread.run(Thread.java:1583)
09-Oct-2026 15:10:53.626 WARNING [Catalina-utility-2] org.apache.catalina.loader.WebappClassLoaderBase.clearReferencesThreads The web application [paper-trading] appears to have started a thread named [Atmosphere-Shared-0] but has failed to stop it. This is very likely to create a memory leak. Stack trace of thread:
 java.base/jdk.internal.misc.Unsafe.park(Native Method)
 java.base/java.util.concurrent.locks.LockSupport.parkNanos(LockSupport.java:269)
 java.base/java.util.concurrent.locks.AbstractQueuedSynchronizer$ConditionObject.awaitNanos(AbstractQueuedSynchronizer.java:1763)
 java.base/java.util.concurrent.LinkedBlockingQueue.poll(LinkedBlockingQueue.java:460)
 org.atmosphere.cpr.DefaultBroadcaster$1.run(DefaultBroadcaster.java:405)
 java.base/java.util.concurrent.Executors$RunnableAdapter.call(Executors.java:572)
 java.base/java.util.concurrent.FutureTask.run(FutureTask.java:317)
 java.base/java.util.concurrent.ForkJoinTask$RunnableExecuteAction.exec(ForkJoinTask.java:1423)
 java.base/java.util.concurrent.ForkJoinTask.doExec(ForkJoinTask.java:387)
 java.base/java.util.concurrent.ForkJoinPool$WorkQueue.topLevelExec(ForkJoinPool.java:1312)
 java.base/java.util.concurrent.ForkJoinPool.scan(ForkJoinPool.java:1843)
 java.base/java.util.concurrent.ForkJoinPool.runWorker(ForkJoinPool.java:1808)
 java.base/java.util.concurrent.ForkJoinWorkerThread.run(ForkJoinWorkerThread.java:188)
09-Oct-2026 15:10:53.626 WARNING [Catalina-utility-2] org.apache.catalina.loader.WebappClassLoaderBase.clearReferencesThreads The web application [paper-trading] appears to have started a thread named [Atmosphere-Scheduler-1] but has failed to stop it. This is very likely to create a memory leak. Stack trace of thread:
 java.base/jdk.internal.misc.Unsafe.park(Native Method)
 java.base/java.util.concurrent.locks.LockSupport.parkNanos(LockSupport.java:269)
 java.base/java.util.concurrent.locks.AbstractQueuedSynchronizer$ConditionObject.awaitNanos(AbstractQueuedSynchronizer.java:1763)
 java.base/java.util.concurrent.ScheduledThreadPoolExecutor$DelayedWorkQueue.poll(ScheduledThreadPoolExecutor.java:1218)
 java.base/java.util.concurrent.ScheduledThreadPoolExecutor$DelayedWorkQueue.poll(ScheduledThreadPoolExecutor.java:899)
 java.base/java.util.concurrent.ThreadPoolExecutor.getTask(ThreadPoolExecutor.java:1069)
 java.base/java.util.concurrent.ThreadPoolExecutor.runWorker(ThreadPoolExecutor.java:1130)
 java.base/java.util.concurrent.ThreadPoolExecutor$Worker.run(ThreadPoolExecutor.java:642)
 java.base/java.lang.Thread.run(Thread.java:1583)
09-Oct-2026 15:10:53.676 INFO [Catalina-utility-2] org.apache.catalina.startup.HostConfig.deployWAR Deploying web application archive [E:\simtrade\simtrade\tomcat\apache-tomcat-10.1.60\webapps\paper-trading.war]
09-Oct-2026 15:10:58.237 INFO [mysql-cj-abandoned-connection-cleanup] org.apache.catalina.loader.WebappClassLoaderBase.checkStateForResourceLoading Illegal access: this web application instance has been stopped already. Could not load []. The following stack trace is thrown for debugging purposes as well as to attempt to terminate the thread which caused the illegal access.
	java.lang.IllegalStateException: Illegal access: this web application instance has been stopped already. Could not load []. The following stack trace is thrown for debugging purposes as well as to attempt to terminate the thread which caused the illegal access.
		at org.apache.catalina.loader.WebappClassLoaderBase.checkStateForResourceLoading(WebappClassLoaderBase.java:1500)
		at org.apache.catalina.loader.WebappClassLoaderBase.getResource(WebappClassLoaderBase.java:1067)
		at com.mysql.cj.jdbc.AbandonedConnectionCleanupThread.checkThreadContextClassLoader(AbandonedConnectionCleanupThread.java:116)
		at com.mysql.cj.jdbc.AbandonedConnectionCleanupThread.run(AbandonedConnectionCleanupThread.java:83)
		at java.base/java.util.concurrent.ThreadPoolExecutor.runWorker(ThreadPoolExecutor.java:1144)
		at java.base/java.util.concurrent.ThreadPoolExecutor$Worker.run(ThreadPoolExecutor.java:642)
		at java.base/java.lang.Thread.run(Thread.java:1583)
09-Oct-2026 15:10:59.564 INFO [Catalina-utility-2] org.apache.jasper.servlet.TldScanner.scanJars At least one JAR was scanned for TLDs yet contained no TLDs. Enable debug logging for this logger for a complete list of JARs that were scanned but no TLDs were found in them. Skipping unneeded JARs during scanning can improve startup time and JSP compilation time.
09-Oct-2026 15:10:59.740 INFO [Catalina-utility-2] org.apache.catalina.startup.HostConfig.deployWAR Deployment of web application archive [E:\simtrade\simtrade\tomcat\apache-tomcat-10.1.60\webapps\paper-trading.war] has finished in [6,064] ms
09-Oct-2026 15:13:19.904 INFO [Catalina-utility-1] org.apache.catalina.startup.HostConfig.undeploy Undeploying context [/paper-trading]
09-Oct-2026 15:13:19.916 WARNING [Catalina-utility-1] org.apache.catalina.loader.WebappClassLoaderBase.clearReferencesJdbc The web application [paper-trading] registered the JDBC driver [com.mysql.cj.jdbc.Driver] but failed to unregister it when the web application was stopped. To prevent a memory leak, the JDBC Driver has been forcibly unregistered.
09-Oct-2026 15:13:19.916 WARNING [Catalina-utility-1] org.apache.catalina.loader.WebappClassLoaderBase.clearReferencesThreads The web application [paper-trading] appears to have started a thread named [mysql-cj-abandoned-connection-cleanup] but has failed to stop it. This is very likely to create a memory leak. Stack trace of thread:
 java.base/jdk.internal.misc.Unsafe.park(Native Method)
 java.base/java.util.concurrent.locks.LockSupport.parkNanos(LockSupport.java:269)
 java.base/java.util.concurrent.locks.AbstractQueuedSynchronizer$ConditionObject.await(AbstractQueuedSynchronizer.java:1852)
 java.base/java.lang.ref.ReferenceQueue.await(ReferenceQueue.java:71)
 java.base/java.lang.ref.ReferenceQueue.remove0(ReferenceQueue.java:143)
 java.base/java.lang.ref.ReferenceQueue.remove(ReferenceQueue.java:218)
 com.mysql.cj.jdbc.AbandonedConnectionCleanupThread.run(AbandonedConnectionCleanupThread.java:84)
 java.base/java.util.concurrent.ThreadPoolExecutor.runWorker(ThreadPoolExecutor.java:1144)
 java.base/java.util.concurrent.ThreadPoolExecutor$Worker.run(ThreadPoolExecutor.java:642)
 java.base/java.lang.Thread.run(Thread.java:1583)
09-Oct-2026 15:13:19.916 WARNING [Catalina-utility-1] org.apache.catalina.loader.WebappClassLoaderBase.clearReferencesThreads The web application [paper-trading] appears to have started a thread named [Atmosphere-Scheduler-0] but has failed to stop it. This is very likely to create a memory leak. Stack trace of thread:
 java.base/jdk.internal.misc.Unsafe.park(Native Method)
 java.base/java.util.concurrent.locks.LockSupport.parkNanos(LockSupport.java:269)
 java.base/java.util.concurrent.locks.AbstractQueuedSynchronizer$ConditionObject.awaitNanos(AbstractQueuedSynchronizer.java:1763)
 java.base/java.util.concurrent.ScheduledThreadPoolExecutor$DelayedWorkQueue.poll(ScheduledThreadPoolExecutor.java:1223)
 java.base/java.util.concurrent.ScheduledThreadPoolExecutor$DelayedWorkQueue.poll(ScheduledThreadPoolExecutor.java:899)
 java.base/java.util.concurrent.ThreadPoolExecutor.getTask(ThreadPoolExecutor.java:1069)
 java.base/java.util.concurrent.ThreadPoolExecutor.runWorker(ThreadPoolExecutor.java:1130)
 java.base/java.util.concurrent.ThreadPoolExecutor$Worker.run(ThreadPoolExecutor.java:642)
 java.base/java.lang.Thread.run(Thread.java:1583)
09-Oct-2026 15:13:19.916 WARNING [Catalina-utility-1] org.apache.catalina.loader.WebappClassLoaderBase.clearReferencesThreads The web application [paper-trading] appears to have started a thread named [Atmosphere-Shared-0] but has failed to stop it. This is very likely to create a memory leak. Stack trace of thread:
 java.base/jdk.internal.misc.Unsafe.park(Native Method)
 java.base/java.util.concurrent.locks.LockSupport.parkNanos(LockSupport.java:269)
 java.base/java.util.concurrent.locks.AbstractQueuedSynchronizer$ConditionObject.awaitNanos(AbstractQueuedSynchronizer.java:1763)
 java.base/java.util.concurrent.LinkedBlockingQueue.poll(LinkedBlockingQueue.java:460)
 org.atmosphere.cpr.DefaultBroadcaster$1.run(DefaultBroadcaster.java:405)
 java.base/java.util.concurrent.Executors$RunnableAdapter.call(Executors.java:572)
 java.base/java.util.concurrent.FutureTask.run(FutureTask.java:317)
 java.base/java.util.concurrent.ForkJoinTask$RunnableExecuteAction.exec(ForkJoinTask.java:1423)
 java.base/java.util.concurrent.ForkJoinTask.doExec(ForkJoinTask.java:387)
 java.base/java.util.concurrent.ForkJoinPool$WorkQueue.topLevelExec(ForkJoinPool.java:1312)
 java.base/java.util.concurrent.ForkJoinPool.scan(ForkJoinPool.java:1843)
 java.base/java.util.concurrent.ForkJoinPool.runWorker(ForkJoinPool.java:1808)
 java.base/java.util.concurrent.ForkJoinWorkerThread.run(ForkJoinWorkerThread.java:188)
09-Oct-2026 15:13:19.916 WARNING [Catalina-utility-1] org.apache.catalina.loader.WebappClassLoaderBase.clearReferencesThreads The web application [paper-trading] appears to have started a thread named [Atmosphere-Scheduler-1] but has failed to stop it. This is very likely to create a memory leak. Stack trace of thread:
 java.base/jdk.internal.misc.Unsafe.park(Native Method)
 java.base/java.util.concurrent.locks.LockSupport.parkNanos(LockSupport.java:269)
 java.base/java.util.concurrent.locks.AbstractQueuedSynchronizer$ConditionObject.awaitNanos(AbstractQueuedSynchronizer.java:1763)
 java.base/java.util.concurrent.ScheduledThreadPoolExecutor$DelayedWorkQueue.poll(ScheduledThreadPoolExecutor.java:1218)
 java.base/java.util.concurrent.ScheduledThreadPoolExecutor$DelayedWorkQueue.poll(ScheduledThreadPoolExecutor.java:899)
 java.base/java.util.concurrent.ThreadPoolExecutor.getTask(ThreadPoolExecutor.java:1069)
 java.base/java.util.concurrent.ThreadPoolExecutor.runWorker(ThreadPoolExecutor.java:1130)
 java.base/java.util.concurrent.ThreadPoolExecutor$Worker.run(ThreadPoolExecutor.java:642)
 java.base/java.lang.Thread.run(Thread.java:1583)
09-Oct-2026 15:13:19.967 INFO [Catalina-utility-1] org.apache.catalina.startup.HostConfig.deployWAR Deploying web application archive [E:\simtrade\simtrade\tomcat\apache-tomcat-10.1.60\webapps\paper-trading.war]
09-Oct-2026 15:13:23.326 INFO [mysql-cj-abandoned-connection-cleanup] org.apache.catalina.loader.WebappClassLoaderBase.checkStateForResourceLoading Illegal access: this web application instance has been stopped already. Could not load []. The following stack trace is thrown for debugging purposes as well as to attempt to terminate the thread which caused the illegal access.
	java.lang.IllegalStateException: Illegal access: this web application instance has been stopped already. Could not load []. The following stack trace is thrown for debugging purposes as well as to attempt to terminate the thread which caused the illegal access.
		at org.apache.catalina.loader.WebappClassLoaderBase.checkStateForResourceLoading(WebappClassLoaderBase.java:1500)
		at org.apache.catalina.loader.WebappClassLoaderBase.getResource(WebappClassLoaderBase.java:1067)
		at com.mysql.cj.jdbc.AbandonedConnectionCleanupThread.checkThreadContextClassLoader(AbandonedConnectionCleanupThread.java:116)
		at com.mysql.cj.jdbc.AbandonedConnectionCleanupThread.run(AbandonedConnectionCleanupThread.java:83)
		at java.base/java.util.concurrent.ThreadPoolExecutor.runWorker(ThreadPoolExecutor.java:1144)
		at java.base/java.util.concurrent.ThreadPoolExecutor$Worker.run(ThreadPoolExecutor.java:642)
		at java.base/java.lang.Thread.run(Thread.java:1583)
09-Oct-2026 15:13:25.894 INFO [Catalina-utility-1] org.apache.jasper.servlet.TldScanner.scanJars At least one JAR was scanned for TLDs yet contained no TLDs. Enable debug logging for this logger for a complete list of JARs that were scanned but no TLDs were found in them. Skipping unneeded JARs during scanning can improve startup time and JSP compilation time.
09-Oct-2026 15:13:26.105 INFO [Catalina-utility-1] org.apache.catalina.startup.HostConfig.deployWAR Deployment of web application archive [E:\simtrade\simtrade\tomcat\apache-tomcat-10.1.60\webapps\paper-trading.war] has finished in [6,138] ms
09-Oct-2026 15:16:36.325 INFO [Catalina-utility-1] org.apache.catalina.startup.HostConfig.undeploy Undeploying context [/paper-trading]
09-Oct-2026 15:16:36.330 WARNING [Catalina-utility-1] org.apache.catalina.loader.WebappClassLoaderBase.clearReferencesJdbc The web application [paper-trading] registered the JDBC driver [com.mysql.cj.jdbc.Driver] but failed to unregister it when the web application was stopped. To prevent a memory leak, the JDBC Driver has been forcibly unregistered.
09-Oct-2026 15:16:36.330 WARNING [Catalina-utility-1] org.apache.catalina.loader.WebappClassLoaderBase.clearReferencesThreads The web application [paper-trading] appears to have started a thread named [mysql-cj-abandoned-connection-cleanup] but has failed to stop it. This is very likely to create a memory leak. Stack trace of thread:
 java.base/jdk.internal.misc.Unsafe.park(Native Method)
 java.base/java.util.concurrent.locks.LockSupport.parkNanos(LockSupport.java:269)
 java.base/java.util.concurrent.locks.AbstractQueuedSynchronizer$ConditionObject.await(AbstractQueuedSynchronizer.java:1852)
 java.base/java.lang.ref.ReferenceQueue.await(ReferenceQueue.java:71)
 java.base/java.lang.ref.ReferenceQueue.remove0(ReferenceQueue.java:143)
 java.base/java.lang.ref.ReferenceQueue.remove(ReferenceQueue.java:218)
 com.mysql.cj.jdbc.AbandonedConnectionCleanupThread.run(AbandonedConnectionCleanupThread.java:84)
 java.base/java.util.concurrent.ThreadPoolExecutor.runWorker(ThreadPoolExecutor.java:1144)
 java.base/java.util.concurrent.ThreadPoolExecutor$Worker.run(ThreadPoolExecutor.java:642)
 java.base/java.lang.Thread.run(Thread.java:1583)
09-Oct-2026 15:16:36.331 WARNING [Catalina-utility-1] org.apache.catalina.loader.WebappClassLoaderBase.clearReferencesThreads The web application [paper-trading] appears to have started a thread named [Atmosphere-Scheduler-0] but has failed to stop it. This is very likely to create a memory leak. Stack trace of thread:
 java.base/jdk.internal.misc.Unsafe.park(Native Method)
 java.base/java.util.concurrent.locks.LockSupport.parkNanos(LockSupport.java:269)
 java.base/java.util.concurrent.locks.AbstractQueuedSynchronizer$ConditionObject.awaitNanos(AbstractQueuedSynchronizer.java:1763)
 java.base/java.util.concurrent.ScheduledThreadPoolExecutor$DelayedWorkQueue.poll(ScheduledThreadPoolExecutor.java:1223)
 java.base/java.util.concurrent.ScheduledThreadPoolExecutor$DelayedWorkQueue.poll(ScheduledThreadPoolExecutor.java:899)
 java.base/java.util.concurrent.ThreadPoolExecutor.getTask(ThreadPoolExecutor.java:1069)
 java.base/java.util.concurrent.ThreadPoolExecutor.runWorker(ThreadPoolExecutor.java:1130)
 java.base/java.util.concurrent.ThreadPoolExecutor$Worker.run(ThreadPoolExecutor.java:642)
 java.base/java.lang.Thread.run(Thread.java:1583)
09-Oct-2026 15:16:36.331 WARNING [Catalina-utility-1] org.apache.catalina.loader.WebappClassLoaderBase.clearReferencesThreads The web application [paper-trading] appears to have started a thread named [Atmosphere-Shared-0] but has failed to stop it. This is very likely to create a memory leak. Stack trace of thread:
 java.base/jdk.internal.misc.Unsafe.park(Native Method)
 java.base/java.util.concurrent.locks.LockSupport.parkNanos(LockSupport.java:269)
 java.base/java.util.concurrent.locks.AbstractQueuedSynchronizer$ConditionObject.awaitNanos(AbstractQueuedSynchronizer.java:1763)
 java.base/java.util.concurrent.LinkedBlockingQueue.poll(LinkedBlockingQueue.java:460)
 org.atmosphere.cpr.DefaultBroadcaster$1.run(DefaultBroadcaster.java:405)
 java.base/java.util.concurrent.Executors$RunnableAdapter.call(Executors.java:572)
 java.base/java.util.concurrent.FutureTask.run(FutureTask.java:317)
 java.base/java.util.concurrent.ForkJoinTask$RunnableExecuteAction.exec(ForkJoinTask.java:1423)
 java.base/java.util.concurrent.ForkJoinTask.doExec(ForkJoinTask.java:387)
 java.base/java.util.concurrent.ForkJoinPool$WorkQueue.topLevelExec(ForkJoinPool.java:1312)
 java.base/java.util.concurrent.ForkJoinPool.scan(ForkJoinPool.java:1843)
 java.base/java.util.concurrent.ForkJoinPool.runWorker(ForkJoinPool.java:1808)
 java.base/java.util.concurrent.ForkJoinWorkerThread.run(ForkJoinWorkerThread.java:188)
09-Oct-2026 15:16:36.331 WARNING [Catalina-utility-1] org.apache.catalina.loader.WebappClassLoaderBase.clearReferencesThreads The web application [paper-trading] appears to have started a thread named [Atmosphere-Scheduler-1] but has failed to stop it. This is very likely to create a memory leak. Stack trace of thread:
 java.base/jdk.internal.misc.Unsafe.park(Native Method)
 java.base/java.util.concurrent.locks.LockSupport.parkNanos(LockSupport.java:269)
 java.base/java.util.concurrent.locks.AbstractQueuedSynchronizer$ConditionObject.awaitNanos(AbstractQueuedSynchronizer.java:1763)
 java.base/java.util.concurrent.ScheduledThreadPoolExecutor$DelayedWorkQueue.poll(ScheduledThreadPoolExecutor.java:1218)
 java.base/java.util.concurrent.ScheduledThreadPoolExecutor$DelayedWorkQueue.poll(ScheduledThreadPoolExecutor.java:899)
 java.base/java.util.concurrent.ThreadPoolExecutor.getTask(ThreadPoolExecutor.java:1069)
 java.base/java.util.concurrent.ThreadPoolExecutor.runWorker(ThreadPoolExecutor.java:1130)
 java.base/java.util.concurrent.ThreadPoolExecutor$Worker.run(ThreadPoolExecutor.java:642)
 java.base/java.lang.Thread.run(Thread.java:1583)
09-Oct-2026 15:16:36.388 INFO [Catalina-utility-1] org.apache.catalina.startup.HostConfig.deployWAR Deploying web application archive [E:\simtrade\simtrade\tomcat\apache-tomcat-10.1.60\webapps\paper-trading.war]
09-Oct-2026 15:16:37.347 INFO [mysql-cj-abandoned-connection-cleanup] org.apache.catalina.loader.WebappClassLoaderBase.checkStateForResourceLoading Illegal access: this web application instance has been stopped already. Could not load []. The following stack trace is thrown for debugging purposes as well as to attempt to terminate the thread which caused the illegal access.
	java.lang.IllegalStateException: Illegal access: this web application instance has been stopped already. Could not load []. The following stack trace is thrown for debugging purposes as well as to attempt to terminate the thread which caused the illegal access.
		at org.apache.catalina.loader.WebappClassLoaderBase.checkStateForResourceLoading(WebappClassLoaderBase.java:1500)
		at org.apache.catalina.loader.WebappClassLoaderBase.getResource(WebappClassLoaderBase.java:1067)
		at com.mysql.cj.jdbc.AbandonedConnectionCleanupThread.checkThreadContextClassLoader(AbandonedConnectionCleanupThread.java:116)
		at com.mysql.cj.jdbc.AbandonedConnectionCleanupThread.run(AbandonedConnectionCleanupThread.java:83)
		at java.base/java.util.concurrent.ThreadPoolExecutor.runWorker(ThreadPoolExecutor.java:1144)
		at java.base/java.util.concurrent.ThreadPoolExecutor$Worker.run(ThreadPoolExecutor.java:642)
		at java.base/java.lang.Thread.run(Thread.java:1583)
09-Oct-2026 15:16:42.188 INFO [Catalina-utility-1] org.apache.jasper.servlet.TldScanner.scanJars At least one JAR was scanned for TLDs yet contained no TLDs. Enable debug logging for this logger for a complete list of JARs that were scanned but no TLDs were found in them. Skipping unneeded JARs during scanning can improve startup time and JSP compilation time.
09-Oct-2026 15:16:42.378 INFO [Catalina-utility-1] org.apache.catalina.startup.HostConfig.deployWAR Deployment of web application archive [E:\simtrade\simtrade\tomcat\apache-tomcat-10.1.60\webapps\paper-trading.war] has finished in [5,990] ms
09-Oct-2026 15:20:12.575 INFO [Catalina-utility-1] org.apache.catalina.startup.HostConfig.undeploy Undeploying context [/paper-trading]
09-Oct-2026 15:20:12.587 WARNING [Catalina-utility-1] org.apache.catalina.loader.WebappClassLoaderBase.clearReferencesJdbc The web application [paper-trading] registered the JDBC driver [com.mysql.cj.jdbc.Driver] but failed to unregister it when the web application was stopped. To prevent a memory leak, the JDBC Driver has been forcibly unregistered.
09-Oct-2026 15:20:12.587 WARNING [Catalina-utility-1] org.apache.catalina.loader.WebappClassLoaderBase.clearReferencesThreads The web application [paper-trading] appears to have started a thread named [mysql-cj-abandoned-connection-cleanup] but has failed to stop it. This is very likely to create a memory leak. Stack trace of thread:
 java.base/jdk.internal.misc.Unsafe.park(Native Method)
 java.base/java.util.concurrent.locks.LockSupport.parkNanos(LockSupport.java:269)
 java.base/java.util.concurrent.locks.AbstractQueuedSynchronizer$ConditionObject.await(AbstractQueuedSynchronizer.java:1852)
 java.base/java.lang.ref.ReferenceQueue.await(ReferenceQueue.java:71)
 java.base/java.lang.ref.ReferenceQueue.remove0(ReferenceQueue.java:143)
 java.base/java.lang.ref.ReferenceQueue.remove(ReferenceQueue.java:218)
 com.mysql.cj.jdbc.AbandonedConnectionCleanupThread.run(AbandonedConnectionCleanupThread.java:84)
 java.base/java.util.concurrent.ThreadPoolExecutor.runWorker(ThreadPoolExecutor.java:1144)
 java.base/java.util.concurrent.ThreadPoolExecutor$Worker.run(ThreadPoolExecutor.java:642)
 java.base/java.lang.Thread.run(Thread.java:1583)
09-Oct-2026 15:20:12.587 WARNING [Catalina-utility-1] org.apache.catalina.loader.WebappClassLoaderBase.clearReferencesThreads The web application [paper-trading] appears to have started a thread named [Atmosphere-Scheduler-0] but has failed to stop it. This is very likely to create a memory leak. Stack trace of thread:
 java.base/jdk.internal.misc.Unsafe.park(Native Method)
 java.base/java.util.concurrent.locks.LockSupport.parkNanos(LockSupport.java:269)
 java.base/java.util.concurrent.locks.AbstractQueuedSynchronizer$ConditionObject.awaitNanos(AbstractQueuedSynchronizer.java:1763)
 java.base/java.util.concurrent.ScheduledThreadPoolExecutor$DelayedWorkQueue.poll(ScheduledThreadPoolExecutor.java:1223)
 java.base/java.util.concurrent.ScheduledThreadPoolExecutor$DelayedWorkQueue.poll(ScheduledThreadPoolExecutor.java:899)
 java.base/java.util.concurrent.ThreadPoolExecutor.getTask(ThreadPoolExecutor.java:1069)
 java.base/java.util.concurrent.ThreadPoolExecutor.runWorker(ThreadPoolExecutor.java:1130)
 java.base/java.util.concurrent.ThreadPoolExecutor$Worker.run(ThreadPoolExecutor.java:642)
 java.base/java.lang.Thread.run(Thread.java:1583)
09-Oct-2026 15:20:12.587 WARNING [Catalina-utility-1] org.apache.catalina.loader.WebappClassLoaderBase.clearReferencesThreads The web application [paper-trading] appears to have started a thread named [Atmosphere-Shared-0] but has failed to stop it. This is very likely to create a memory leak. Stack trace of thread:
 java.base/jdk.internal.misc.Unsafe.park(Native Method)
 java.base/java.util.concurrent.locks.LockSupport.parkNanos(LockSupport.java:269)
 java.base/java.util.concurrent.locks.AbstractQueuedSynchronizer$ConditionObject.awaitNanos(AbstractQueuedSynchronizer.java:1763)
 java.base/java.util.concurrent.LinkedBlockingQueue.poll(LinkedBlockingQueue.java:460)
 org.atmosphere.cpr.DefaultBroadcaster$1.run(DefaultBroadcaster.java:405)
 java.base/java.util.concurrent.Executors$RunnableAdapter.call(Executors.java:572)
 java.base/java.util.concurrent.FutureTask.run(FutureTask.java:317)
 java.base/java.util.concurrent.ForkJoinTask$RunnableExecuteAction.exec(ForkJoinTask.java:1423)
 java.base/java.util.concurrent.ForkJoinTask.doExec(ForkJoinTask.java:387)
 java.base/java.util.concurrent.ForkJoinPool$WorkQueue.topLevelExec(ForkJoinPool.java:1312)
 java.base/java.util.concurrent.ForkJoinPool.scan(ForkJoinPool.java:1843)
 java.base/java.util.concurrent.ForkJoinPool.runWorker(ForkJoinPool.java:1808)
 java.base/java.util.concurrent.ForkJoinWorkerThread.run(ForkJoinWorkerThread.java:188)
09-Oct-2026 15:20:12.587 WARNING [Catalina-utility-1] org.apache.catalina.loader.WebappClassLoaderBase.clearReferencesThreads The web application [paper-trading] appears to have started a thread named [Atmosphere-Scheduler-1] but has failed to stop it. This is very likely to create a memory leak. Stack trace of thread:
 java.base/jdk.internal.misc.Unsafe.park(Native Method)
 java.base/java.util.concurrent.locks.LockSupport.parkNanos(LockSupport.java:269)
 java.base/java.util.concurrent.locks.AbstractQueuedSynchronizer$ConditionObject.awaitNanos(AbstractQueuedSynchronizer.java:1763)
 java.base/java.util.concurrent.ScheduledThreadPoolExecutor$DelayedWorkQueue.poll(ScheduledThreadPoolExecutor.java:1218)
 java.base/java.util.concurrent.ScheduledThreadPoolExecutor$DelayedWorkQueue.poll(ScheduledThreadPoolExecutor.java:899)
 java.base/java.util.concurrent.ThreadPoolExecutor.getTask(ThreadPoolExecutor.java:1069)
 java.base/java.util.concurrent.ThreadPoolExecutor.runWorker(ThreadPoolExecutor.java:1130)
 java.base/java.util.concurrent.ThreadPoolExecutor$Worker.run(ThreadPoolExecutor.java:642)
 java.base/java.lang.Thread.run(Thread.java:1583)
09-Oct-2026 15:20:12.640 INFO [Catalina-utility-1] org.apache.catalina.startup.HostConfig.deployWAR Deploying web application archive [E:\simtrade\simtrade\tomcat\apache-tomcat-10.1.60\webapps\paper-trading.war]
09-Oct-2026 15:20:16.357 INFO [mysql-cj-abandoned-connection-cleanup] org.apache.catalina.loader.WebappClassLoaderBase.checkStateForResourceLoading Illegal access: this web application instance has been stopped already. Could not load []. The following stack trace is thrown for debugging purposes as well as to attempt to terminate the thread which caused the illegal access.
	java.lang.IllegalStateException: Illegal access: this web application instance has been stopped already. Could not load []. The following stack trace is thrown for debugging purposes as well as to attempt to terminate the thread which caused the illegal access.
		at org.apache.catalina.loader.WebappClassLoaderBase.checkStateForResourceLoading(WebappClassLoaderBase.java:1500)
		at org.apache.catalina.loader.WebappClassLoaderBase.getResource(WebappClassLoaderBase.java:1067)
		at com.mysql.cj.jdbc.AbandonedConnectionCleanupThread.checkThreadContextClassLoader(AbandonedConnectionCleanupThread.java:116)
		at com.mysql.cj.jdbc.AbandonedConnectionCleanupThread.run(AbandonedConnectionCleanupThread.java:83)
		at java.base/java.util.concurrent.ThreadPoolExecutor.runWorker(ThreadPoolExecutor.java:1144)
		at java.base/java.util.concurrent.ThreadPoolExecutor$Worker.run(ThreadPoolExecutor.java:642)
		at java.base/java.lang.Thread.run(Thread.java:1583)
09-Oct-2026 15:20:18.461 INFO [Catalina-utility-1] org.apache.jasper.servlet.TldScanner.scanJars At least one JAR was scanned for TLDs yet contained no TLDs. Enable debug logging for this logger for a complete list of JARs that were scanned but no TLDs were found in them. Skipping unneeded JARs during scanning can improve startup time and JSP compilation time.
09-Oct-2026 15:20:18.625 INFO [Catalina-utility-1] org.apache.catalina.startup.HostConfig.deployWAR Deployment of web application archive [E:\simtrade\simtrade\tomcat\apache-tomcat-10.1.60\webapps\paper-trading.war] has finished in [5,986] ms
09-Oct-2026 15:59:30.606 SEVERE [main] org.apache.catalina.startup.Catalina.stopServer Could not contact [localhost:8005] (base port [8005] and offset [0]). Tomcat may not be running.
09-Oct-2026 15:59:30.612 SEVERE [main] org.apache.catalina.startup.Catalina.stopServer Error stopping Catalina
	java.net.ConnectException: Connection refused: connect
		at java.base/sun.nio.ch.Net.connect0(Native Method)
		at java.base/sun.nio.ch.Net.connect(Net.java:589)
		at java.base/sun.nio.ch.Net.connect(Net.java:578)
		at java.base/sun.nio.ch.NioSocketImpl.connect(NioSocketImpl.java:583)
		at java.base/java.net.SocksSocketImpl.connect(SocksSocketImpl.java:327)
		at java.base/java.net.Socket.connect(Socket.java:751)
		at java.base/java.net.Socket.connect(Socket.java:686)
		at java.base/java.net.Socket.<init>(Socket.java:555)
		at java.base/java.net.Socket.<init>(Socket.java:324)
		at org.apache.catalina.startup.Catalina.stopServer(Catalina.java:778)
		at java.base/jdk.internal.reflect.DirectMethodHandleAccessor.invoke(DirectMethodHandleAccessor.java:103)
		at java.base/java.lang.reflect.Method.invoke(Method.java:580)
		at org.apache.catalina.startup.Bootstrap.stopServer(Bootstrap.java:396)
		at org.apache.catalina.startup.Bootstrap.main(Bootstrap.java:491)
09-Oct-2026 16:03:10.139 INFO [main] org.apache.catalina.startup.VersionLoggerListener.log Server version name:   Apache Tomcat/10.1.60
09-Oct-2026 16:03:10.145 INFO [main] org.apache.catalina.startup.VersionLoggerListener.log Server built:          Sep 9 2026 22:35:59 UTC
09-Oct-2026 16:03:10.145 INFO [main] org.apache.catalina.startup.VersionLoggerListener.log Server version number: 10.1.60.0
09-Oct-2026 16:03:10.145 INFO [main] org.apache.catalina.startup.VersionLoggerListener.log OS Name:               Windows 11
09-Oct-2026 16:03:10.145 INFO [main] org.apache.catalina.startup.VersionLoggerListener.log OS Version:            10.0
09-Oct-2026 16:03:10.145 INFO [main] org.apache.catalina.startup.VersionLoggerListener.log Architecture:          amd64
09-Oct-2026 16:03:10.146 INFO [main] org.apache.catalina.startup.VersionLoggerListener.log Java Home:             C:\Program Files\Microsoft\jdk-21.0.8.9-hotspot
09-Oct-2026 16:03:10.146 INFO [main] org.apache.catalina.startup.VersionLoggerListener.log JVM Version:           21.0.8+9-LTS
09-Oct-2026 16:03:10.146 INFO [main] org.apache.catalina.startup.VersionLoggerListener.log JVM Vendor:            Microsoft
09-Oct-2026 16:03:10.146 INFO [main] org.apache.catalina.startup.VersionLoggerListener.log CATALINA_BASE:         E:\simtrade\simtrade\tomcat\apache-tomcat-10.1.60
09-Oct-2026 16:03:10.146 INFO [main] org.apache.catalina.startup.VersionLoggerListener.log CATALINA_HOME:         E:\simtrade\simtrade\tomcat\apache-tomcat-10.1.60
09-Oct-2026 16:03:10.160 INFO [main] org.apache.catalina.startup.VersionLoggerListener.log Command line argument: -Djava.util.logging.config.file=E:\simtrade\simtrade\tomcat\apache-tomcat-10.1.60\conf\logging.properties
09-Oct-2026 16:03:10.160 INFO [main] org.apache.catalina.startup.VersionLoggerListener.log Command line argument: -Djava.util.logging.manager=org.apache.juli.ClassLoaderLogManager
09-Oct-2026 16:03:10.160 INFO [main] org.apache.catalina.startup.VersionLoggerListener.log Command line argument: -Djdk.tls.ephemeralDHKeySize=2048
09-Oct-2026 16:03:10.160 INFO [main] org.apache.catalina.startup.VersionLoggerListener.log Command line argument: -Djava.protocol.handler.pkgs=org.apache.catalina.webresources
09-Oct-2026 16:03:10.160 INFO [main] org.apache.catalina.startup.VersionLoggerListener.log Command line argument: -Dsun.io.useCanonCaches=false
09-Oct-2026 16:03:10.161 INFO [main] org.apache.catalina.startup.VersionLoggerListener.log Command line argument: --add-opens=java.base/java.lang=ALL-UNNAMED
09-Oct-2026 16:03:10.161 INFO [main] org.apache.catalina.startup.VersionLoggerListener.log Command line argument: --add-opens=java.base/java.lang.reflect=ALL-UNNAMED
09-Oct-2026 16:03:10.161 INFO [main] org.apache.catalina.startup.VersionLoggerListener.log Command line argument: --add-opens=java.base/java.io=ALL-UNNAMED
09-Oct-2026 16:03:10.161 INFO [main] org.apache.catalina.startup.VersionLoggerListener.log Command line argument: --add-opens=java.base/java.util=ALL-UNNAMED
09-Oct-2026 16:03:10.162 INFO [main] org.apache.catalina.startup.VersionLoggerListener.log Command line argument: --add-opens=java.base/java.util.concurrent=ALL-UNNAMED
09-Oct-2026 16:03:10.162 INFO [main] org.apache.catalina.startup.VersionLoggerListener.log Command line argument: --add-opens=java.rmi/sun.rmi.transport=ALL-UNNAMED
09-Oct-2026 16:03:10.162 INFO [main] org.apache.catalina.startup.VersionLoggerListener.log Command line argument: -Dcatalina.base=E:\simtrade\simtrade\tomcat\apache-tomcat-10.1.60
09-Oct-2026 16:03:10.162 INFO [main] org.apache.catalina.startup.VersionLoggerListener.log Command line argument: -Dcatalina.home=E:\simtrade\simtrade\tomcat\apache-tomcat-10.1.60
09-Oct-2026 16:03:10.162 INFO [main] org.apache.catalina.startup.VersionLoggerListener.log Command line argument: -Djava.io.tmpdir=E:\simtrade\simtrade\tomcat\apache-tomcat-10.1.60\temp
09-Oct-2026 16:03:10.201 INFO [main] org.apache.catalina.core.AprLifecycleListener.lifecycleEvent Loaded Apache Tomcat Native library [2.0.16] using APR version [1.7.6].
09-Oct-2026 16:03:10.218 INFO [main] org.apache.catalina.core.AprLifecycleListener.initializeSSL OpenSSL successfully initialized [OpenSSL 3.5.8 25 Aug 2026]
09-Oct-2026 16:03:10.498 INFO [main] org.apache.coyote.AbstractProtocol.init Initializing ProtocolHandler ["http-nio-8081"]
09-Oct-2026 16:03:10.530 INFO [main] org.apache.catalina.startup.Catalina.load Server initialization in [591] milliseconds
09-Oct-2026 16:03:10.590 INFO [main] org.apache.catalina.core.StandardService.startInternal Starting service [Catalina]
09-Oct-2026 16:03:10.590 INFO [main] org.apache.catalina.core.StandardEngine.startInternal Starting Servlet engine: [Apache Tomcat/10.1.60]
09-Oct-2026 16:03:10.634 INFO [main] org.apache.catalina.startup.HostConfig.deployWAR Deploying web application archive [E:\simtrade\simtrade\tomcat\apache-tomcat-10.1.60\webapps\paper-trading.war]
09-Oct-2026 16:03:10.656 INFO [main] org.apache.catalina.startup.ExpandWar.expand An expanded directory [E:\simtrade\simtrade\tomcat\apache-tomcat-10.1.60\webapps\paper-trading] was found with a last modified time that did not match the associated WAR. It will be deleted.
09-Oct-2026 16:03:17.801 INFO [main] org.apache.jasper.servlet.TldScanner.scanJars At least one JAR was scanned for TLDs yet contained no TLDs. Enable debug logging for this logger for a complete list of JARs that were scanned but no TLDs were found in them. Skipping unneeded JARs during scanning can improve startup time and JSP compilation time.
09-Oct-2026 16:03:18.206 INFO [main] org.apache.catalina.startup.HostConfig.deployWAR Deployment of web application archive [E:\simtrade\simtrade\tomcat\apache-tomcat-10.1.60\webapps\paper-trading.war] has finished in [7,572] ms
09-Oct-2026 16:03:18.208 INFO [main] org.apache.catalina.startup.HostConfig.deployDirectory Deploying web application directory [E:\simtrade\simtrade\tomcat\apache-tomcat-10.1.60\webapps\docs]
09-Oct-2026 16:03:18.242 INFO [main] org.apache.catalina.startup.HostConfig.deployDirectory Deployment of web application directory [E:\simtrade\simtrade\tomcat\apache-tomcat-10.1.60\webapps\docs] has finished in [34] ms
09-Oct-2026 16:03:18.243 INFO [main] org.apache.catalina.startup.HostConfig.deployDirectory Deploying web application directory [E:\simtrade\simtrade\tomcat\apache-tomcat-10.1.60\webapps\examples]
09-Oct-2026 16:03:18.974 INFO [main] org.apache.catalina.startup.HostConfig.deployDirectory Deployment of web application directory [E:\simtrade\simtrade\tomcat\apache-tomcat-10.1.60\webapps\examples] has finished in [730] ms
09-Oct-2026 16:03:18.975 INFO [main] org.apache.catalina.startup.HostConfig.deployDirectory Deploying web application directory [E:\simtrade\simtrade\tomcat\apache-tomcat-10.1.60\webapps\host-manager]
09-Oct-2026 16:03:19.021 INFO [main] org.apache.catalina.startup.HostConfig.deployDirectory Deployment of web application directory [E:\simtrade\simtrade\tomcat\apache-tomcat-10.1.60\webapps\host-manager] has finished in [47] ms
09-Oct-2026 16:03:19.022 INFO [main] org.apache.catalina.startup.HostConfig.deployDirectory Deploying web application directory [E:\simtrade\simtrade\tomcat\apache-tomcat-10.1.60\webapps\manager]
09-Oct-2026 16:03:19.063 INFO [main] org.apache.catalina.startup.HostConfig.deployDirectory Deployment of web application directory [E:\simtrade\simtrade\tomcat\apache-tomcat-10.1.60\webapps\manager] has finished in [41] ms
09-Oct-2026 16:03:19.064 INFO [main] org.apache.catalina.startup.HostConfig.deployDirectory Deploying web application directory [E:\simtrade\simtrade\tomcat\apache-tomcat-10.1.60\webapps\ROOT]
09-Oct-2026 16:03:19.088 INFO [main] org.apache.catalina.startup.HostConfig.deployDirectory Deployment of web application directory [E:\simtrade\simtrade\tomcat\apache-tomcat-10.1.60\webapps\ROOT] has finished in [24] ms
09-Oct-2026 16:03:19.098 INFO [main] org.apache.coyote.AbstractProtocol.start Starting ProtocolHandler ["http-nio-8081"]
09-Oct-2026 16:03:19.126 INFO [main] org.apache.catalina.startup.Catalina.start Server startup in [8594] milliseconds
09-Oct-2026 19:51:53.748 INFO [main] org.apache.catalina.startup.VersionLoggerListener.log Server version name:   Apache Tomcat/10.1.60
09-Oct-2026 19:51:53.762 INFO [main] org.apache.catalina.startup.VersionLoggerListener.log Server built:          Sep 9 2026 22:35:59 UTC
09-Oct-2026 19:51:53.762 INFO [main] org.apache.catalina.startup.VersionLoggerListener.log Server version number: 10.1.60.0
09-Oct-2026 19:51:53.762 INFO [main] org.apache.catalina.startup.VersionLoggerListener.log OS Name:               Windows 11
09-Oct-2026 19:51:53.762 INFO [main] org.apache.catalina.startup.VersionLoggerListener.log OS Version:            10.0
09-Oct-2026 19:51:53.763 INFO [main] org.apache.catalina.startup.VersionLoggerListener.log Architecture:          amd64
09-Oct-2026 19:51:53.763 INFO [main] org.apache.catalina.startup.VersionLoggerListener.log Java Home:             C:\Program Files\Microsoft\jdk-21.0.8.9-hotspot
09-Oct-2026 19:51:53.764 INFO [main] org.apache.catalina.startup.VersionLoggerListener.log JVM Version:           21.0.8+9-LTS
09-Oct-2026 19:51:53.764 INFO [main] org.apache.catalina.startup.VersionLoggerListener.log JVM Vendor:            Microsoft
09-Oct-2026 19:51:53.765 INFO [main] org.apache.catalina.startup.VersionLoggerListener.log CATALINA_BASE:         E:\simtrade\simtrade\tomcat\apache-tomcat-10.1.60
09-Oct-2026 19:51:53.765 INFO [main] org.apache.catalina.startup.VersionLoggerListener.log CATALINA_HOME:         E:\simtrade\simtrade\tomcat\apache-tomcat-10.1.60
09-Oct-2026 19:51:53.816 INFO [main] org.apache.catalina.startup.VersionLoggerListener.log Command line argument: -Djava.util.logging.config.file=E:\simtrade\simtrade\tomcat\apache-tomcat-10.1.60\conf\logging.properties
09-Oct-2026 19:51:53.816 INFO [main] org.apache.catalina.startup.VersionLoggerListener.log Command line argument: -Djava.util.logging.manager=org.apache.juli.ClassLoaderLogManager
09-Oct-2026 19:51:53.816 INFO [main] org.apache.catalina.startup.VersionLoggerListener.log Command line argument: -Djdk.tls.ephemeralDHKeySize=2048
09-Oct-2026 19:51:53.816 INFO [main] org.apache.catalina.startup.VersionLoggerListener.log Command line argument: -Djava.protocol.handler.pkgs=org.apache.catalina.webresources
09-Oct-2026 19:51:53.816 INFO [main] org.apache.catalina.startup.VersionLoggerListener.log Command line argument: -Dsun.io.useCanonCaches=false
09-Oct-2026 19:51:53.817 INFO [main] org.apache.catalina.startup.VersionLoggerListener.log Command line argument: --add-opens=java.base/java.lang=ALL-UNNAMED
09-Oct-2026 19:51:53.817 INFO [main] org.apache.catalina.startup.VersionLoggerListener.log Command line argument: --add-opens=java.base/java.lang.reflect=ALL-UNNAMED
09-Oct-2026 19:51:53.817 INFO [main] org.apache.catalina.startup.VersionLoggerListener.log Command line argument: --add-opens=java.base/java.io=ALL-UNNAMED
09-Oct-2026 19:51:53.817 INFO [main] org.apache.catalina.startup.VersionLoggerListener.log Command line argument: --add-opens=java.base/java.util=ALL-UNNAMED
09-Oct-2026 19:51:53.818 INFO [main] org.apache.catalina.startup.VersionLoggerListener.log Command line argument: --add-opens=java.base/java.util.concurrent=ALL-UNNAMED
09-Oct-2026 19:51:53.818 INFO [main] org.apache.catalina.startup.VersionLoggerListener.log Command line argument: --add-opens=java.rmi/sun.rmi.transport=ALL-UNNAMED
09-Oct-2026 19:51:53.818 INFO [main] org.apache.catalina.startup.VersionLoggerListener.log Command line argument: -Dcatalina.base=E:\simtrade\simtrade\tomcat\apache-tomcat-10.1.60
09-Oct-2026 19:51:53.819 INFO [main] org.apache.catalina.startup.VersionLoggerListener.log Command line argument: -Dcatalina.home=E:\simtrade\simtrade\tomcat\apache-tomcat-10.1.60
09-Oct-2026 19:51:53.819 INFO [main] org.apache.catalina.startup.VersionLoggerListener.log Command line argument: -Djava.io.tmpdir=E:\simtrade\simtrade\tomcat\apache-tomcat-10.1.60\temp
09-Oct-2026 19:51:53.885 INFO [main] org.apache.catalina.core.AprLifecycleListener.lifecycleEvent Loaded Apache Tomcat Native library [2.0.16] using APR version [1.7.6].
09-Oct-2026 19:51:53.928 INFO [main] org.apache.catalina.core.AprLifecycleListener.initializeSSL OpenSSL successfully initialized [OpenSSL 3.5.8 25 Aug 2026]
09-Oct-2026 19:51:54.600 INFO [main] org.apache.coyote.AbstractProtocol.init Initializing ProtocolHandler ["http-nio-8081"]
09-Oct-2026 19:51:54.654 INFO [main] org.apache.catalina.startup.Catalina.load Server initialization in [1295] milliseconds
09-Oct-2026 19:51:54.773 INFO [main] org.apache.catalina.core.StandardService.startInternal Starting service [Catalina]
09-Oct-2026 19:51:54.774 INFO [main] org.apache.catalina.core.StandardEngine.startInternal Starting Servlet engine: [Apache Tomcat/10.1.60]
09-Oct-2026 19:51:54.852 INFO [main] org.apache.catalina.startup.HostConfig.deployWAR Deploying web application archive [E:\simtrade\simtrade\tomcat\apache-tomcat-10.1.60\webapps\paper-trading.war]
09-Oct-2026 19:52:06.968 INFO [main] org.apache.jasper.servlet.TldScanner.scanJars At least one JAR was scanned for TLDs yet contained no TLDs. Enable debug logging for this logger for a complete list of JARs that were scanned but no TLDs were found in them. Skipping unneeded JARs during scanning can improve startup time and JSP compilation time.
09-Oct-2026 19:52:07.790 INFO [main] org.apache.catalina.startup.HostConfig.deployWAR Deployment of web application archive [E:\simtrade\simtrade\tomcat\apache-tomcat-10.1.60\webapps\paper-trading.war] has finished in [12,938] ms
09-Oct-2026 19:52:07.791 INFO [main] org.apache.catalina.startup.HostConfig.deployDirectory Deploying web application directory [E:\simtrade\simtrade\tomcat\apache-tomcat-10.1.60\webapps\docs]
09-Oct-2026 19:52:07.851 INFO [main] org.apache.catalina.startup.HostConfig.deployDirectory Deployment of web application directory [E:\simtrade\simtrade\tomcat\apache-tomcat-10.1.60\webapps\docs] has finished in [59] ms
09-Oct-2026 19:52:07.851 INFO [main] org.apache.catalina.startup.HostConfig.deployDirectory Deploying web application directory [E:\simtrade\simtrade\tomcat\apache-tomcat-10.1.60\webapps\examples]
09-Oct-2026 19:52:08.958 INFO [main] org.apache.catalina.startup.HostConfig.deployDirectory Deployment of web application directory [E:\simtrade\simtrade\tomcat\apache-tomcat-10.1.60\webapps\examples] has finished in [1,106] ms
09-Oct-2026 19:52:08.960 INFO [main] org.apache.catalina.startup.HostConfig.deployDirectory Deploying web application directory [E:\simtrade\simtrade\tomcat\apache-tomcat-10.1.60\webapps\host-manager]
09-Oct-2026 19:52:09.025 INFO [main] org.apache.catalina.startup.HostConfig.deployDirectory Deployment of web application directory [E:\simtrade\simtrade\tomcat\apache-tomcat-10.1.60\webapps\host-manager] has finished in [64] ms
09-Oct-2026 19:52:09.026 INFO [main] org.apache.catalina.startup.HostConfig.deployDirectory Deploying web application directory [E:\simtrade\simtrade\tomcat\apache-tomcat-10.1.60\webapps\manager]
09-Oct-2026 19:52:09.086 INFO [main] org.apache.catalina.startup.HostConfig.deployDirectory Deployment of web application directory [E:\simtrade\simtrade\tomcat\apache-tomcat-10.1.60\webapps\manager] has finished in [60] ms
09-Oct-2026 19:52:09.087 INFO [main] org.apache.catalina.startup.HostConfig.deployDirectory Deploying web application directory [E:\simtrade\simtrade\tomcat\apache-tomcat-10.1.60\webapps\ROOT]
09-Oct-2026 19:52:09.129 INFO [main] org.apache.catalina.startup.HostConfig.deployDirectory Deployment of web application directory [E:\simtrade\simtrade\tomcat\apache-tomcat-10.1.60\webapps\ROOT] has finished in [42] ms
09-Oct-2026 19:52:09.139 INFO [main] org.apache.coyote.AbstractProtocol.start Starting ProtocolHandler ["http-nio-8081"]
09-Oct-2026 19:52:09.189 INFO [main] org.apache.catalina.startup.Catalina.start Server startup in [14532] milliseconds
09-Oct-2026 20:05:40.336 INFO [main] org.apache.catalina.startup.VersionLoggerListener.log Server version name:   Apache Tomcat/10.1.60
09-Oct-2026 20:05:40.341 INFO [main] org.apache.catalina.startup.VersionLoggerListener.log Server built:          Sep 9 2026 22:35:59 UTC
09-Oct-2026 20:05:40.341 INFO [main] org.apache.catalina.startup.VersionLoggerListener.log Server version number: 10.1.60.0
09-Oct-2026 20:05:40.342 INFO [main] org.apache.catalina.startup.VersionLoggerListener.log OS Name:               Windows 11
09-Oct-2026 20:05:40.342 INFO [main] org.apache.catalina.startup.VersionLoggerListener.log OS Version:            10.0
09-Oct-2026 20:05:40.343 INFO [main] org.apache.catalina.startup.VersionLoggerListener.log Architecture:          amd64
09-Oct-2026 20:05:40.343 INFO [main] org.apache.catalina.startup.VersionLoggerListener.log Java Home:             C:\Program Files\Microsoft\jdk-21.0.8.9-hotspot
09-Oct-2026 20:05:40.343 INFO [main] org.apache.catalina.startup.VersionLoggerListener.log JVM Version:           21.0.8+9-LTS
09-Oct-2026 20:05:40.343 INFO [main] org.apache.catalina.startup.VersionLoggerListener.log JVM Vendor:            Microsoft
09-Oct-2026 20:05:40.343 INFO [main] org.apache.catalina.startup.VersionLoggerListener.log CATALINA_BASE:         E:\simtrade\simtrade\tomcat\apache-tomcat-10.1.60
09-Oct-2026 20:05:40.343 INFO [main] org.apache.catalina.startup.VersionLoggerListener.log CATALINA_HOME:         E:\simtrade\simtrade\tomcat\apache-tomcat-10.1.60
09-Oct-2026 20:05:40.357 INFO [main] org.apache.catalina.startup.VersionLoggerListener.log Command line argument: -Djava.util.logging.config.file=E:\simtrade\simtrade\tomcat\apache-tomcat-10.1.60\conf\logging.properties
09-Oct-2026 20:05:40.357 INFO [main] org.apache.catalina.startup.VersionLoggerListener.log Command line argument: -Djava.util.logging.manager=org.apache.juli.ClassLoaderLogManager
09-Oct-2026 20:05:40.358 INFO [main] org.apache.catalina.startup.VersionLoggerListener.log Command line argument: -Djdk.tls.ephemeralDHKeySize=2048
09-Oct-2026 20:05:40.358 INFO [main] org.apache.catalina.startup.VersionLoggerListener.log Command line argument: -Djava.protocol.handler.pkgs=org.apache.catalina.webresources
09-Oct-2026 20:05:40.358 INFO [main] org.apache.catalina.startup.VersionLoggerListener.log Command line argument: -Dsun.io.useCanonCaches=false
09-Oct-2026 20:05:40.358 INFO [main] org.apache.catalina.startup.VersionLoggerListener.log Command line argument: --add-opens=java.base/java.lang=ALL-UNNAMED
09-Oct-2026 20:05:40.358 INFO [main] org.apache.catalina.startup.VersionLoggerListener.log Command line argument: --add-opens=java.base/java.lang.reflect=ALL-UNNAMED
09-Oct-2026 20:05:40.358 INFO [main] org.apache.catalina.startup.VersionLoggerListener.log Command line argument: --add-opens=java.base/java.io=ALL-UNNAMED
09-Oct-2026 20:05:40.358 INFO [main] org.apache.catalina.startup.VersionLoggerListener.log Command line argument: --add-opens=java.base/java.util=ALL-UNNAMED
09-Oct-2026 20:05:40.359 INFO [main] org.apache.catalina.startup.VersionLoggerListener.log Command line argument: --add-opens=java.base/java.util.concurrent=ALL-UNNAMED
09-Oct-2026 20:05:40.359 INFO [main] org.apache.catalina.startup.VersionLoggerListener.log Command line argument: --add-opens=java.rmi/sun.rmi.transport=ALL-UNNAMED
09-Oct-2026 20:05:40.359 INFO [main] org.apache.catalina.startup.VersionLoggerListener.log Command line argument: -Dcatalina.base=E:\simtrade\simtrade\tomcat\apache-tomcat-10.1.60
09-Oct-2026 20:05:40.360 INFO [main] org.apache.catalina.startup.VersionLoggerListener.log Command line argument: -Dcatalina.home=E:\simtrade\simtrade\tomcat\apache-tomcat-10.1.60
09-Oct-2026 20:05:40.360 INFO [main] org.apache.catalina.startup.VersionLoggerListener.log Command line argument: -Djava.io.tmpdir=E:\simtrade\simtrade\tomcat\apache-tomcat-10.1.60\temp
09-Oct-2026 20:05:40.362 INFO [main] org.apache.catalina.core.AprLifecycleListener.lifecycleEvent Loaded Apache Tomcat Native library [2.0.16] using APR version [1.7.6].
09-Oct-2026 20:05:40.368 INFO [main] org.apache.catalina.core.AprLifecycleListener.initializeSSL OpenSSL successfully initialized [OpenSSL 3.5.8 25 Aug 2026]
09-Oct-2026 20:05:40.657 INFO [main] org.apache.coyote.AbstractProtocol.init Initializing ProtocolHandler ["http-nio-8081"]
09-Oct-2026 20:05:40.690 INFO [main] org.apache.catalina.startup.Catalina.load Server initialization in [561] milliseconds
09-Oct-2026 20:05:40.747 INFO [main] org.apache.catalina.core.StandardService.startInternal Starting service [Catalina]
09-Oct-2026 20:05:40.747 INFO [main] org.apache.catalina.core.StandardEngine.startInternal Starting Servlet engine: [Apache Tomcat/10.1.60]
09-Oct-2026 20:05:40.790 INFO [main] org.apache.catalina.startup.HostConfig.deployWAR Deploying web application archive [E:\simtrade\simtrade\tomcat\apache-tomcat-10.1.60\webapps\paper-trading.war]
09-Oct-2026 20:05:40.814 INFO [main] org.apache.catalina.startup.ExpandWar.expand An expanded directory [E:\simtrade\simtrade\tomcat\apache-tomcat-10.1.60\webapps\paper-trading] was found with a last modified time that did not match the associated WAR. It will be deleted.
09-Oct-2026 20:05:50.228 INFO [main] org.apache.jasper.servlet.TldScanner.scanJars At least one JAR was scanned for TLDs yet contained no TLDs. Enable debug logging for this logger for a complete list of JARs that were scanned but no TLDs were found in them. Skipping unneeded JARs during scanning can improve startup time and JSP compilation time.
09-Oct-2026 20:05:50.889 INFO [main] org.apache.catalina.startup.HostConfig.deployWAR Deployment of web application archive [E:\simtrade\simtrade\tomcat\apache-tomcat-10.1.60\webapps\paper-trading.war] has finished in [10,097] ms
09-Oct-2026 20:05:50.890 INFO [main] org.apache.catalina.startup.HostConfig.deployDirectory Deploying web application directory [E:\simtrade\simtrade\tomcat\apache-tomcat-10.1.60\webapps\docs]
09-Oct-2026 20:05:50.943 INFO [main] org.apache.catalina.startup.HostConfig.deployDirectory Deployment of web application directory [E:\simtrade\simtrade\tomcat\apache-tomcat-10.1.60\webapps\docs] has finished in [53] ms
09-Oct-2026 20:05:50.944 INFO [main] org.apache.catalina.startup.HostConfig.deployDirectory Deploying web application directory [E:\simtrade\simtrade\tomcat\apache-tomcat-10.1.60\webapps\examples]
09-Oct-2026 20:05:51.498 INFO [main] org.apache.catalina.startup.HostConfig.deployDirectory Deployment of web application directory [E:\simtrade\simtrade\tomcat\apache-tomcat-10.1.60\webapps\examples] has finished in [553] ms
09-Oct-2026 20:05:51.499 INFO [main] org.apache.catalina.startup.HostConfig.deployDirectory Deploying web application directory [E:\simtrade\simtrade\tomcat\apache-tomcat-10.1.60\webapps\host-manager]
09-Oct-2026 20:05:51.548 INFO [main] org.apache.catalina.startup.HostConfig.deployDirectory Deployment of web application directory [E:\simtrade\simtrade\tomcat\apache-tomcat-10.1.60\webapps\host-manager] has finished in [50] ms
09-Oct-2026 20:05:51.550 INFO [main] org.apache.catalina.startup.HostConfig.deployDirectory Deploying web application directory [E:\simtrade\simtrade\tomcat\apache-tomcat-10.1.60\webapps\manager]
09-Oct-2026 20:05:51.592 INFO [main] org.apache.catalina.startup.HostConfig.deployDirectory Deployment of web application directory [E:\simtrade\simtrade\tomcat\apache-tomcat-10.1.60\webapps\manager] has finished in [42] ms
09-Oct-2026 20:05:51.594 INFO [main] org.apache.catalina.startup.HostConfig.deployDirectory Deploying web application directory [E:\simtrade\simtrade\tomcat\apache-tomcat-10.1.60\webapps\ROOT]
09-Oct-2026 20:05:51.626 INFO [main] org.apache.catalina.startup.HostConfig.deployDirectory Deployment of web application directory [E:\simtrade\simtrade\tomcat\apache-tomcat-10.1.60\webapps\ROOT] has finished in [32] ms
09-Oct-2026 20:05:51.637 INFO [main] org.apache.coyote.AbstractProtocol.start Starting ProtocolHandler ["http-nio-8081"]
09-Oct-2026 20:05:51.683 INFO [main] org.apache.catalina.startup.Catalina.start Server startup in [10990] milliseconds
09-Oct-2026 20:09:22.390 INFO [main] org.apache.catalina.startup.VersionLoggerListener.log Server version name:   Apache Tomcat/10.1.60
09-Oct-2026 20:09:22.395 INFO [main] org.apache.catalina.startup.VersionLoggerListener.log Server built:          Sep 9 2026 22:35:59 UTC
09-Oct-2026 20:09:22.395 INFO [main] org.apache.catalina.startup.VersionLoggerListener.log Server version number: 10.1.60.0
09-Oct-2026 20:09:22.396 INFO [main] org.apache.catalina.startup.VersionLoggerListener.log OS Name:               Windows 11
09-Oct-2026 20:09:22.396 INFO [main] org.apache.catalina.startup.VersionLoggerListener.log OS Version:            10.0
09-Oct-2026 20:09:22.396 INFO [main] org.apache.catalina.startup.VersionLoggerListener.log Architecture:          amd64
09-Oct-2026 20:09:22.396 INFO [main] org.apache.catalina.startup.VersionLoggerListener.log Java Home:             C:\Program Files\Microsoft\jdk-21.0.8.9-hotspot
09-Oct-2026 20:09:22.396 INFO [main] org.apache.catalina.startup.VersionLoggerListener.log JVM Version:           21.0.8+9-LTS
09-Oct-2026 20:09:22.396 INFO [main] org.apache.catalina.startup.VersionLoggerListener.log JVM Vendor:            Microsoft
09-Oct-2026 20:09:22.397 INFO [main] org.apache.catalina.startup.VersionLoggerListener.log CATALINA_BASE:         E:\simtrade\simtrade\tomcat\apache-tomcat-10.1.60
09-Oct-2026 20:09:22.397 INFO [main] org.apache.catalina.startup.VersionLoggerListener.log CATALINA_HOME:         E:\simtrade\simtrade\tomcat\apache-tomcat-10.1.60
09-Oct-2026 20:09:22.412 INFO [main] org.apache.catalina.startup.VersionLoggerListener.log Command line argument: -Djava.util.logging.config.file=E:\simtrade\simtrade\tomcat\apache-tomcat-10.1.60\conf\logging.properties
09-Oct-2026 20:09:22.413 INFO [main] org.apache.catalina.startup.VersionLoggerListener.log Command line argument: -Djava.util.logging.manager=org.apache.juli.ClassLoaderLogManager
09-Oct-2026 20:09:22.413 INFO [main] org.apache.catalina.startup.VersionLoggerListener.log Command line argument: -Djdk.tls.ephemeralDHKeySize=2048
09-Oct-2026 20:09:22.413 INFO [main] org.apache.catalina.startup.VersionLoggerListener.log Command line argument: -Djava.protocol.handler.pkgs=org.apache.catalina.webresources
09-Oct-2026 20:09:22.414 INFO [main] org.apache.catalina.startup.VersionLoggerListener.log Command line argument: -Dsun.io.useCanonCaches=false
09-Oct-2026 20:09:22.414 INFO [main] org.apache.catalina.startup.VersionLoggerListener.log Command line argument: --add-opens=java.base/java.lang=ALL-UNNAMED
09-Oct-2026 20:09:22.414 INFO [main] org.apache.catalina.startup.VersionLoggerListener.log Command line argument: --add-opens=java.base/java.lang.reflect=ALL-UNNAMED
09-Oct-2026 20:09:22.414 INFO [main] org.apache.catalina.startup.VersionLoggerListener.log Command line argument: --add-opens=java.base/java.io=ALL-UNNAMED
09-Oct-2026 20:09:22.414 INFO [main] org.apache.catalina.startup.VersionLoggerListener.log Command line argument: --add-opens=java.base/java.util=ALL-UNNAMED
09-Oct-2026 20:09:22.414 INFO [main] org.apache.catalina.startup.VersionLoggerListener.log Command line argument: --add-opens=java.base/java.util.concurrent=ALL-UNNAMED
09-Oct-2026 20:09:22.415 INFO [main] org.apache.catalina.startup.VersionLoggerListener.log Command line argument: --add-opens=java.rmi/sun.rmi.transport=ALL-UNNAMED
09-Oct-2026 20:09:22.415 INFO [main] org.apache.catalina.startup.VersionLoggerListener.log Command line argument: -Dcatalina.base=E:\simtrade\simtrade\tomcat\apache-tomcat-10.1.60
09-Oct-2026 20:09:22.415 INFO [main] org.apache.catalina.startup.VersionLoggerListener.log Command line argument: -Dcatalina.home=E:\simtrade\simtrade\tomcat\apache-tomcat-10.1.60
09-Oct-2026 20:09:22.415 INFO [main] org.apache.catalina.startup.VersionLoggerListener.log Command line argument: -Djava.io.tmpdir=E:\simtrade\simtrade\tomcat\apache-tomcat-10.1.60\temp
09-Oct-2026 20:09:22.417 INFO [main] org.apache.catalina.core.AprLifecycleListener.lifecycleEvent Loaded Apache Tomcat Native library [2.0.16] using APR version [1.7.6].
09-Oct-2026 20:09:22.423 INFO [main] org.apache.catalina.core.AprLifecycleListener.initializeSSL OpenSSL successfully initialized [OpenSSL 3.5.8 25 Aug 2026]
09-Oct-2026 20:09:22.749 INFO [main] org.apache.coyote.AbstractProtocol.init Initializing ProtocolHandler ["http-nio-8081"]
09-Oct-2026 20:09:22.811 INFO [main] org.apache.catalina.startup.Catalina.load Server initialization in [635] milliseconds
09-Oct-2026 20:09:22.912 INFO [main] org.apache.catalina.core.StandardService.startInternal Starting service [Catalina]
09-Oct-2026 20:09:22.913 INFO [main] org.apache.catalina.core.StandardEngine.startInternal Starting Servlet engine: [Apache Tomcat/10.1.60]
09-Oct-2026 20:09:22.992 INFO [main] org.apache.catalina.startup.HostConfig.deployWAR Deploying web application archive [E:\simtrade\simtrade\tomcat\apache-tomcat-10.1.60\webapps\paper-trading.war]
09-Oct-2026 20:09:23.034 INFO [main] org.apache.catalina.startup.ExpandWar.expand An expanded directory [E:\simtrade\simtrade\tomcat\apache-tomcat-10.1.60\webapps\paper-trading] was found with a last modified time that did not match the associated WAR. It will be deleted.
09-Oct-2026 20:09:30.670 INFO [main] org.apache.jasper.servlet.TldScanner.scanJars At least one JAR was scanned for TLDs yet contained no TLDs. Enable debug logging for this logger for a complete list of JARs that were scanned but no TLDs were found in them. Skipping unneeded JARs during scanning can improve startup time and JSP compilation time.
09-Oct-2026 20:09:31.131 INFO [main] org.apache.catalina.startup.HostConfig.deployWAR Deployment of web application archive [E:\simtrade\simtrade\tomcat\apache-tomcat-10.1.60\webapps\paper-trading.war] has finished in [8,139] ms
09-Oct-2026 20:09:31.133 INFO [main] org.apache.catalina.startup.HostConfig.deployDirectory Deploying web application directory [E:\simtrade\simtrade\tomcat\apache-tomcat-10.1.60\webapps\docs]
09-Oct-2026 20:09:31.168 INFO [main] org.apache.catalina.startup.HostConfig.deployDirectory Deployment of web application directory [E:\simtrade\simtrade\tomcat\apache-tomcat-10.1.60\webapps\docs] has finished in [36] ms
09-Oct-2026 20:09:31.169 INFO [main] org.apache.catalina.startup.HostConfig.deployDirectory Deploying web application directory [E:\simtrade\simtrade\tomcat\apache-tomcat-10.1.60\webapps\examples]
09-Oct-2026 20:09:31.568 INFO [main] org.apache.catalina.startup.HostConfig.deployDirectory Deployment of web application directory [E:\simtrade\simtrade\tomcat\apache-tomcat-10.1.60\webapps\examples] has finished in [398] ms
09-Oct-2026 20:09:31.569 INFO [main] org.apache.catalina.startup.HostConfig.deployDirectory Deploying web application directory [E:\simtrade\simtrade\tomcat\apache-tomcat-10.1.60\webapps\host-manager]
09-Oct-2026 20:09:31.620 INFO [main] org.apache.catalina.startup.HostConfig.deployDirectory Deployment of web application directory [E:\simtrade\simtrade\tomcat\apache-tomcat-10.1.60\webapps\host-manager] has finished in [51] ms
09-Oct-2026 20:09:31.621 INFO [main] org.apache.catalina.startup.HostConfig.deployDirectory Deploying web application directory [E:\simtrade\simtrade\tomcat\apache-tomcat-10.1.60\webapps\manager]
09-Oct-2026 20:09:31.656 INFO [main] org.apache.catalina.startup.HostConfig.deployDirectory Deployment of web application directory [E:\simtrade\simtrade\tomcat\apache-tomcat-10.1.60\webapps\manager] has finished in [35] ms
09-Oct-2026 20:09:31.657 INFO [main] org.apache.catalina.startup.HostConfig.deployDirectory Deploying web application directory [E:\simtrade\simtrade\tomcat\apache-tomcat-10.1.60\webapps\ROOT]
09-Oct-2026 20:09:31.683 INFO [main] org.apache.catalina.startup.HostConfig.deployDirectory Deployment of web application directory [E:\simtrade\simtrade\tomcat\apache-tomcat-10.1.60\webapps\ROOT] has finished in [26] ms
09-Oct-2026 20:09:31.690 INFO [main] org.apache.coyote.AbstractProtocol.start Starting ProtocolHandler ["http-nio-8081"]
09-Oct-2026 20:09:31.710 INFO [main] org.apache.catalina.startup.Catalina.start Server startup in [8895] milliseconds
09-Oct-2026 20:45:48.265 INFO [main] org.apache.catalina.startup.VersionLoggerListener.log Server version name:   Apache Tomcat/10.1.60
09-Oct-2026 20:45:48.272 INFO [main] org.apache.catalina.startup.VersionLoggerListener.log Server built:          Sep 9 2026 22:35:59 UTC
09-Oct-2026 20:45:48.272 INFO [main] org.apache.catalina.startup.VersionLoggerListener.log Server version number: 10.1.60.0
09-Oct-2026 20:45:48.273 INFO [main] org.apache.catalina.startup.VersionLoggerListener.log OS Name:               Windows 11
09-Oct-2026 20:45:48.273 INFO [main] org.apache.catalina.startup.VersionLoggerListener.log OS Version:            10.0
09-Oct-2026 20:45:48.273 INFO [main] org.apache.catalina.startup.VersionLoggerListener.log Architecture:          amd64
09-Oct-2026 20:45:48.273 INFO [main] org.apache.catalina.startup.VersionLoggerListener.log Java Home:             C:\Program Files\Microsoft\jdk-21.0.8.9-hotspot
09-Oct-2026 20:45:48.274 INFO [main] org.apache.catalina.startup.VersionLoggerListener.log JVM Version:           21.0.8+9-LTS
09-Oct-2026 20:45:48.274 INFO [main] org.apache.catalina.startup.VersionLoggerListener.log JVM Vendor:            Microsoft
09-Oct-2026 20:45:48.274 INFO [main] org.apache.catalina.startup.VersionLoggerListener.log CATALINA_BASE:         E:\simtrade\simtrade\tomcat\apache-tomcat-10.1.60
09-Oct-2026 20:45:48.274 INFO [main] org.apache.catalina.startup.VersionLoggerListener.log CATALINA_HOME:         E:\simtrade\simtrade\tomcat\apache-tomcat-10.1.60
09-Oct-2026 20:45:48.294 INFO [main] org.apache.catalina.startup.VersionLoggerListener.log Command line argument: -Djava.util.logging.config.file=E:\simtrade\simtrade\tomcat\apache-tomcat-10.1.60\conf\logging.properties
09-Oct-2026 20:45:48.295 INFO [main] org.apache.catalina.startup.VersionLoggerListener.log Command line argument: -Djava.util.logging.manager=org.apache.juli.ClassLoaderLogManager
09-Oct-2026 20:45:48.295 INFO [main] org.apache.catalina.startup.VersionLoggerListener.log Command line argument: -Djdk.tls.ephemeralDHKeySize=2048
09-Oct-2026 20:45:48.296 INFO [main] org.apache.catalina.startup.VersionLoggerListener.log Command line argument: -Djava.protocol.handler.pkgs=org.apache.catalina.webresources
09-Oct-2026 20:45:48.296 INFO [main] org.apache.catalina.startup.VersionLoggerListener.log Command line argument: -Dsun.io.useCanonCaches=false
09-Oct-2026 20:45:48.296 INFO [main] org.apache.catalina.startup.VersionLoggerListener.log Command line argument: --add-opens=java.base/java.lang=ALL-UNNAMED
09-Oct-2026 20:45:48.296 INFO [main] org.apache.catalina.startup.VersionLoggerListener.log Command line argument: --add-opens=java.base/java.lang.reflect=ALL-UNNAMED
09-Oct-2026 20:45:48.296 INFO [main] org.apache.catalina.startup.VersionLoggerListener.log Command line argument: --add-opens=java.base/java.io=ALL-UNNAMED
09-Oct-2026 20:45:48.296 INFO [main] org.apache.catalina.startup.VersionLoggerListener.log Command line argument: --add-opens=java.base/java.util=ALL-UNNAMED
09-Oct-2026 20:45:48.297 INFO [main] org.apache.catalina.startup.VersionLoggerListener.log Command line argument: --add-opens=java.base/java.util.concurrent=ALL-UNNAMED
09-Oct-2026 20:45:48.297 INFO [main] org.apache.catalina.startup.VersionLoggerListener.log Command line argument: --add-opens=java.rmi/sun.rmi.transport=ALL-UNNAMED
09-Oct-2026 20:45:48.297 INFO [main] org.apache.catalina.startup.VersionLoggerListener.log Command line argument: -Dcatalina.base=E:\simtrade\simtrade\tomcat\apache-tomcat-10.1.60
09-Oct-2026 20:45:48.297 INFO [main] org.apache.catalina.startup.VersionLoggerListener.log Command line argument: -Dcatalina.home=E:\simtrade\simtrade\tomcat\apache-tomcat-10.1.60
09-Oct-2026 20:45:48.297 INFO [main] org.apache.catalina.startup.VersionLoggerListener.log Command line argument: -Djava.io.tmpdir=E:\simtrade\simtrade\tomcat\apache-tomcat-10.1.60\temp
09-Oct-2026 20:45:48.301 INFO [main] org.apache.catalina.core.AprLifecycleListener.lifecycleEvent Loaded Apache Tomcat Native library [2.0.16] using APR version [1.7.6].
09-Oct-2026 20:45:48.308 INFO [main] org.apache.catalina.core.AprLifecycleListener.initializeSSL OpenSSL successfully initialized [OpenSSL 3.5.8 25 Aug 2026]
09-Oct-2026 20:45:48.720 INFO [main] org.apache.coyote.AbstractProtocol.init Initializing ProtocolHandler ["http-nio-8081"]
09-Oct-2026 20:45:48.747 SEVERE [main] org.apache.catalina.util.LifecycleBase.handleSubClassException Failed to initialize component [Connector["http-nio-8081"]]
	org.apache.catalina.LifecycleException: Protocol handler initialization failed
		at org.apache.catalina.connector.Connector.initInternal(Connector.java:1285)
		at org.apache.catalina.util.LifecycleBase.init(LifecycleBase.java:128)
		at org.apache.catalina.core.StandardService.initInternal(StandardService.java:543)
		at org.apache.catalina.util.LifecycleBase.init(LifecycleBase.java:128)
		at org.apache.catalina.core.StandardServer.initInternal(StandardServer.java:962)
		at org.apache.catalina.util.LifecycleBase.init(LifecycleBase.java:128)
		at org.apache.catalina.startup.Catalina.load(Catalina.java:834)
		at org.apache.catalina.startup.Catalina.load(Catalina.java:859)
		at java.base/jdk.internal.reflect.DirectMethodHandleAccessor.invoke(DirectMethodHandleAccessor.java:103)
		at java.base/java.lang.reflect.Method.invoke(Method.java:580)
		at org.apache.catalina.startup.Bootstrap.load(Bootstrap.java:305)
		at org.apache.catalina.startup.Bootstrap.main(Bootstrap.java:484)
	Caused by: java.net.BindException: Address already in use: bind
		at java.base/sun.nio.ch.Net.bind0(Native Method)
		at java.base/sun.nio.ch.Net.bind(Net.java:565)
		at java.base/sun.nio.ch.ServerSocketChannelImpl.netBind(ServerSocketChannelImpl.java:344)
		at java.base/sun.nio.ch.ServerSocketChannelImpl.bind(ServerSocketChannelImpl.java:301)
		at org.apache.tomcat.util.net.NioEndpoint.initServerSocket(NioEndpoint.java:493)
		at org.apache.tomcat.util.net.NioEndpoint.bind(NioEndpoint.java:377)
		at org.apache.tomcat.util.net.AbstractEndpoint.bindWithCleanup(AbstractEndpoint.java:1926)
		at org.apache.tomcat.util.net.AbstractEndpoint.init(AbstractEndpoint.java:1944)
		at org.apache.coyote.AbstractProtocol.init(AbstractProtocol.java:958)
		at org.apache.coyote.http11.AbstractHttp11Protocol.init(AbstractHttp11Protocol.java:95)
		at org.apache.catalina.connector.Connector.initInternal(Connector.java:1283)
		... 11 more
09-Oct-2026 20:45:48.749 INFO [main] org.apache.catalina.startup.Catalina.load Server initialization in [734] milliseconds
09-Oct-2026 20:45:48.816 INFO [main] org.apache.catalina.core.StandardService.startInternal Starting service [Catalina]
09-Oct-2026 20:45:48.817 INFO [main] org.apache.catalina.core.StandardEngine.startInternal Starting Servlet engine: [Apache Tomcat/10.1.60]
09-Oct-2026 20:45:48.869 INFO [main] org.apache.catalina.startup.HostConfig.deployWAR Deploying web application archive [E:\simtrade\simtrade\tomcat\apache-tomcat-10.1.60\webapps\paper-trading.war]
09-Oct-2026 20:45:48.895 INFO [main] org.apache.catalina.startup.ExpandWar.expand An expanded directory [E:\simtrade\simtrade\tomcat\apache-tomcat-10.1.60\webapps\paper-trading] was found with a last modified time that did not match the associated WAR. It will be deleted.
09-Oct-2026 20:45:48.949 SEVERE [main] org.apache.catalina.startup.ExpandWar.deleteDir [E:\simtrade\simtrade\tomcat\apache-tomcat-10.1.60\webapps\paper-trading\WEB-INF\lib] could not be completely deleted. The presence of the remaining files may cause problems
09-Oct-2026 20:45:48.950 SEVERE [main] org.apache.catalina.startup.ExpandWar.deleteDir [E:\simtrade\simtrade\tomcat\apache-tomcat-10.1.60\webapps\paper-trading\WEB-INF] could not be completely deleted. The presence of the remaining files may cause problems
09-Oct-2026 20:45:48.950 SEVERE [main] org.apache.catalina.startup.ExpandWar.deleteDir [E:\simtrade\simtrade\tomcat\apache-tomcat-10.1.60\webapps\paper-trading] could not be completely deleted. The presence of the remaining files may cause problems
09-Oct-2026 20:45:48.950 SEVERE [main] org.apache.catalina.startup.ExpandWar.delete [E:\simtrade\simtrade\tomcat\apache-tomcat-10.1.60\webapps\paper-trading] could not be completely deleted. The presence of the remaining files may cause problems
09-Oct-2026 20:45:48.951 SEVERE [main] org.apache.catalina.startup.ContextConfig.beforeStart Exception fixing docBase for context [/paper-trading]
	java.io.IOException: [E:\simtrade\simtrade\tomcat\apache-tomcat-10.1.60\webapps\paper-trading] could not be completely deleted. The presence of the remaining files may cause problems
		at org.apache.catalina.startup.ExpandWar.expand(ExpandWar.java:108)
		at org.apache.catalina.startup.ContextConfig.fixDocBase(ContextConfig.java:889)
		at org.apache.catalina.startup.ContextConfig.beforeStart(ContextConfig.java:1025)
		at org.apache.catalina.startup.ContextConfig.lifecycleEvent(ContextConfig.java:302)
		at org.apache.catalina.util.LifecycleBase.fireLifecycleEvent(LifecycleBase.java:115)
		at org.apache.catalina.util.LifecycleBase.setStateInternal(LifecycleBase.java:395)
		at org.apache.catalina.util.LifecycleBase.start(LifecycleBase.java:169)
		at org.apache.catalina.core.ContainerBase.addChildInternal(ContainerBase.java:616)
		at org.apache.catalina.core.ContainerBase.addChild(ContainerBase.java:588)
		at org.apache.catalina.core.StandardHost.addChild(StandardHost.java:679)
		at org.apache.catalina.startup.HostConfig.deployWAR(HostConfig.java:964)
		at org.apache.catalina.startup.HostConfig$DeployWar.run(HostConfig.java:1940)
		at java.base/java.util.concurrent.Executors$RunnableAdapter.call(Executors.java:572)
		at java.base/java.util.concurrent.FutureTask.run(FutureTask.java:317)
		at org.apache.tomcat.util.threads.InlineExecutorService.execute(InlineExecutorService.java:92)
		at java.base/java.util.concurrent.AbstractExecutorService.submit(AbstractExecutorService.java:123)
		at org.apache.catalina.startup.HostConfig.deployWARs(HostConfig.java:795)
		at org.apache.catalina.startup.HostConfig.deployApps(HostConfig.java:449)
		at org.apache.catalina.startup.HostConfig.start(HostConfig.java:1652)
		at org.apache.catalina.startup.HostConfig.lifecycleEvent(HostConfig.java:324)
		at org.apache.catalina.util.LifecycleBase.fireLifecycleEvent(LifecycleBase.java:115)
		at org.apache.catalina.util.LifecycleBase.setStateInternal(LifecycleBase.java:395)
		at org.apache.catalina.util.LifecycleBase.setState(LifecycleBase.java:342)
		at org.apache.catalina.core.ContainerBase.startInternal(ContainerBase.java:792)
		at org.apache.catalina.core.StandardHost.startInternal(StandardHost.java:797)
		at org.apache.catalina.util.LifecycleBase.start(LifecycleBase.java:170)
		at org.apache.catalina.core.ContainerBase$StartChild.call(ContainerBase.java:1243)
		at org.apache.catalina.core.ContainerBase$StartChild.call(ContainerBase.java:1233)
		at java.base/java.util.concurrent.FutureTask.run(FutureTask.java:317)
		at org.apache.tomcat.util.threads.InlineExecutorService.execute(InlineExecutorService.java:92)
		at java.base/java.util.concurrent.AbstractExecutorService.submit(AbstractExecutorService.java:145)
		at org.apache.catalina.core.ContainerBase.startInternal(ContainerBase.java:765)
		at org.apache.catalina.core.StandardEngine.startInternal(StandardEngine.java:201)
		at org.apache.catalina.util.LifecycleBase.start(LifecycleBase.java:170)
		at org.apache.catalina.core.StandardService.startInternal(StandardService.java:433)
		at org.apache.catalina.util.LifecycleBase.start(LifecycleBase.java:170)
		at org.apache.catalina.core.StandardServer.startInternal(StandardServer.java:875)
		at org.apache.catalina.util.LifecycleBase.start(LifecycleBase.java:170)
		at org.apache.catalina.startup.Catalina.start(Catalina.java:885)
		at java.base/jdk.internal.reflect.DirectMethodHandleAccessor.invoke(DirectMethodHandleAccessor.java:103)
		at java.base/java.lang.reflect.Method.invoke(Method.java:580)
		at org.apache.catalina.startup.Bootstrap.start(Bootstrap.java:348)
		at org.apache.catalina.startup.Bootstrap.main(Bootstrap.java:485)
09-Oct-2026 20:45:54.027 INFO [Catalina-utility-1] org.apache.catalina.startup.HostConfig.undeploy Undeploying context [/paper-trading]
09-Oct-2026 20:45:54.047 WARNING [Catalina-utility-1] org.apache.catalina.loader.WebappClassLoaderBase.clearReferencesJdbc The web application [paper-trading] registered the JDBC driver [com.mysql.cj.jdbc.Driver] but failed to unregister it when the web application was stopped. To prevent a memory leak, the JDBC Driver has been forcibly unregistered.
09-Oct-2026 20:45:54.048 WARNING [Catalina-utility-1] org.apache.catalina.loader.WebappClassLoaderBase.clearReferencesThreads The web application [paper-trading] appears to have started a thread named [mysql-cj-abandoned-connection-cleanup] but has failed to stop it. This is very likely to create a memory leak. Stack trace of thread:
 java.base/jdk.internal.misc.Unsafe.park(Native Method)
 java.base/java.util.concurrent.locks.LockSupport.parkNanos(LockSupport.java:269)
 java.base/java.util.concurrent.locks.AbstractQueuedSynchronizer$ConditionObject.await(AbstractQueuedSynchronizer.java:1852)
 java.base/java.lang.ref.ReferenceQueue.await(ReferenceQueue.java:71)
 java.base/java.lang.ref.ReferenceQueue.remove0(ReferenceQueue.java:143)
 java.base/java.lang.ref.ReferenceQueue.remove(ReferenceQueue.java:218)
 com.mysql.cj.jdbc.AbandonedConnectionCleanupThread.run(AbandonedConnectionCleanupThread.java:84)
 java.base/java.util.concurrent.ThreadPoolExecutor.runWorker(ThreadPoolExecutor.java:1144)
 java.base/java.util.concurrent.ThreadPoolExecutor$Worker.run(ThreadPoolExecutor.java:642)
 java.base/java.lang.Thread.run(Thread.java:1583)
09-Oct-2026 20:45:54.049 WARNING [Catalina-utility-1] org.apache.catalina.loader.WebappClassLoaderBase.clearReferencesThreads The web application [paper-trading] appears to have started a thread named [Atmosphere-Scheduler-0] but has failed to stop it. This is very likely to create a memory leak. Stack trace of thread:
 java.base/jdk.internal.misc.Unsafe.park(Native Method)
 java.base/java.util.concurrent.locks.LockSupport.parkNanos(LockSupport.java:269)
 java.base/java.util.concurrent.locks.AbstractQueuedSynchronizer$ConditionObject.awaitNanos(AbstractQueuedSynchronizer.java:1763)
 java.base/java.util.concurrent.ScheduledThreadPoolExecutor$DelayedWorkQueue.poll(ScheduledThreadPoolExecutor.java:1223)
 java.base/java.util.concurrent.ScheduledThreadPoolExecutor$DelayedWorkQueue.poll(ScheduledThreadPoolExecutor.java:899)
 java.base/java.util.concurrent.ThreadPoolExecutor.getTask(ThreadPoolExecutor.java:1069)
 java.base/java.util.concurrent.ThreadPoolExecutor.runWorker(ThreadPoolExecutor.java:1130)
 java.base/java.util.concurrent.ThreadPoolExecutor$Worker.run(ThreadPoolExecutor.java:642)
 java.base/java.lang.Thread.run(Thread.java:1583)
09-Oct-2026 20:45:54.050 WARNING [Catalina-utility-1] org.apache.catalina.loader.WebappClassLoaderBase.clearReferencesThreads The web application [paper-trading] appears to have started a thread named [Atmosphere-Shared-0] but has failed to stop it. This is very likely to create a memory leak. Stack trace of thread:
 java.base/jdk.internal.misc.Unsafe.park(Native Method)
 java.base/java.util.concurrent.locks.LockSupport.parkNanos(LockSupport.java:269)
 java.base/java.util.concurrent.locks.AbstractQueuedSynchronizer$ConditionObject.awaitNanos(AbstractQueuedSynchronizer.java:1763)
 java.base/java.util.concurrent.LinkedBlockingQueue.poll(LinkedBlockingQueue.java:460)
 org.atmosphere.cpr.DefaultBroadcaster$1.run(DefaultBroadcaster.java:405)
 java.base/java.util.concurrent.Executors$RunnableAdapter.call(Executors.java:572)
 java.base/java.util.concurrent.FutureTask.run(FutureTask.java:317)
 java.base/java.util.concurrent.ForkJoinTask$RunnableExecuteAction.exec(ForkJoinTask.java:1423)
 java.base/java.util.concurrent.ForkJoinTask.doExec(ForkJoinTask.java:387)
 java.base/java.util.concurrent.ForkJoinPool$WorkQueue.topLevelExec(ForkJoinPool.java:1312)
 java.base/java.util.concurrent.ForkJoinPool.scan(ForkJoinPool.java:1843)
 java.base/java.util.concurrent.ForkJoinPool.runWorker(ForkJoinPool.java:1808)
 java.base/java.util.concurrent.ForkJoinWorkerThread.run(ForkJoinWorkerThread.java:188)
09-Oct-2026 20:45:54.051 WARNING [Catalina-utility-1] org.apache.catalina.loader.WebappClassLoaderBase.clearReferencesThreads The web application [paper-trading] appears to have started a thread named [Atmosphere-Scheduler-1] but has failed to stop it. This is very likely to create a memory leak. Stack trace of thread:
 java.base/jdk.internal.misc.Unsafe.park(Native Method)
 java.base/java.util.concurrent.locks.LockSupport.parkNanos(LockSupport.java:269)
 java.base/java.util.concurrent.locks.AbstractQueuedSynchronizer$ConditionObject.awaitNanos(AbstractQueuedSynchronizer.java:1763)
 java.base/java.util.concurrent.ScheduledThreadPoolExecutor$DelayedWorkQueue.poll(ScheduledThreadPoolExecutor.java:1218)
 java.base/java.util.concurrent.ScheduledThreadPoolExecutor$DelayedWorkQueue.poll(ScheduledThreadPoolExecutor.java:899)
 java.base/java.util.concurrent.ThreadPoolExecutor.getTask(ThreadPoolExecutor.java:1069)
 java.base/java.util.concurrent.ThreadPoolExecutor.runWorker(ThreadPoolExecutor.java:1130)
 java.base/java.util.concurrent.ThreadPoolExecutor$Worker.run(ThreadPoolExecutor.java:642)
 java.base/java.lang.Thread.run(Thread.java:1583)
09-Oct-2026 20:45:54.113 INFO [Catalina-utility-1] org.apache.catalina.startup.HostConfig.deployWAR Deploying web application archive [E:\simtrade\simtrade\tomcat\apache-tomcat-10.1.60\webapps\paper-trading.war]
09-Oct-2026 20:45:58.276 INFO [mysql-cj-abandoned-connection-cleanup] org.apache.catalina.loader.WebappClassLoaderBase.checkStateForResourceLoading Illegal access: this web application instance has been stopped already. Could not load []. The following stack trace is thrown for debugging purposes as well as to attempt to terminate the thread which caused the illegal access.
	java.lang.IllegalStateException: Illegal access: this web application instance has been stopped already. Could not load []. The following stack trace is thrown for debugging purposes as well as to attempt to terminate the thread which caused the illegal access.
		at org.apache.catalina.loader.WebappClassLoaderBase.checkStateForResourceLoading(WebappClassLoaderBase.java:1500)
		at org.apache.catalina.loader.WebappClassLoaderBase.getResource(WebappClassLoaderBase.java:1067)
		at com.mysql.cj.jdbc.AbandonedConnectionCleanupThread.checkThreadContextClassLoader(AbandonedConnectionCleanupThread.java:116)
		at com.mysql.cj.jdbc.AbandonedConnectionCleanupThread.run(AbandonedConnectionCleanupThread.java:83)
		at java.base/java.util.concurrent.ThreadPoolExecutor.runWorker(ThreadPoolExecutor.java:1144)
		at java.base/java.util.concurrent.ThreadPoolExecutor$Worker.run(ThreadPoolExecutor.java:642)
		at java.base/java.lang.Thread.run(Thread.java:1583)
09-Oct-2026 20:46:02.781 INFO [Catalina-utility-1] org.apache.jasper.servlet.TldScanner.scanJars At least one JAR was scanned for TLDs yet contained no TLDs. Enable debug logging for this logger for a complete list of JARs that were scanned but no TLDs were found in them. Skipping unneeded JARs during scanning can improve startup time and JSP compilation time.
09-Oct-2026 20:46:03.417 INFO [Catalina-utility-1] org.apache.catalina.startup.HostConfig.deployWAR Deployment of web application archive [E:\simtrade\simtrade\tomcat\apache-tomcat-10.1.60\webapps\paper-trading.war] has finished in [9,303] ms
